index,id,F,n,outcome,pbc,role,direction,score,method,repetition,reference_draws,calls,elapsed_seconds,process_cpu_seconds,seconds_per_analysis,cpu_seconds_per_analysis
0,11346d1fe5a61b9b84ea,2,200,continuous,0.8,superiority_null,first_factor,unadjusted,score_preparation,1,4999,36000,1.0013017499877606,1.001296,2.7813937499660015e-05,2.7813777777777777e-05
0,11346d1fe5a61b9b84ea,2,200,continuous,0.8,superiority_null,first_factor,unadjusted,RT,1,4999,100,1.1911603340122383,1.1911609999999992,0.011911603340122383,0.011911609999999993
0,11346d1fe5a61b9b84ea,2,200,continuous,0.8,superiority_null,first_factor,unadjusted,original_S_normal,1,4999,89500,1.000792666018242,1.0007750000000009,1.1182040961097677e-05,1.1181843575419005e-05
0,11346d1fe5a61b9b84ea,2,200,continuous,0.8,superiority_null,first_factor,unadjusted,refined_S_normal,1,4999,26900,1.0035759580205195,1.0035669999999968,3.730765643198957e-05,3.730732342007423e-05
0,11346d1fe5a61b9b84ea,2,200,continuous,0.8,superiority_null,first_factor,unadjusted,original_R_normal,1,4999,24100,1.0040200839866884,1.0040179999999985,4.1660584397787904e-05,4.166049792531114e-05
0,11346d1fe5a61b9b84ea,2,200,continuous,0.8,superiority_null,first_factor,unadjusted,refined_R_normal,1,4999,14600,1.0013186249998398,1.001290000000001,6.858346746574246e-05,6.858150684931514e-05
0,11346d1fe5a61b9b84ea,2,200,continuous,0.8,superiority_null,first_factor,unadjusted,original_CRT_data,1,4999,100,1.2330668340146076,1.233067000000002,0.012330668340146076,0.01233067000000002
0,11346d1fe5a61b9b84ea,2,200,continuous,0.8,superiority_null,first_factor,unadjusted,refined_CRT_data,1,4999,100,1.236290792003274,1.2362900000000003,0.01236290792003274,0.012362900000000003
0,11346d1fe5a61b9b84ea,2,200,continuous,0.8,superiority_null,first_factor,unadjusted,RT,2,4999,100,1.2289471659751143,1.228940999999999,0.012289471659751144,0.01228940999999999
0,11346d1fe5a61b9b84ea,2,200,continuous,0.8,superiority_null,first_factor,unadjusted,original_S_normal,2,4999,89300,1.0002895840152632,1.0002850000000016,1.120145110879354e-05,1.1201399776035853e-05
0,11346d1fe5a61b9b84ea,2,200,continuous,0.8,superiority_null,first_factor,unadjusted,refined_S_normal,2,4999,26900,1.0027837500092573,1.0027779999999993,3.727820632004674e-05,3.7277992565055736e-05
0,11346d1fe5a61b9b84ea,2,200,continuous,0.8,superiority_null,first_factor,unadjusted,original_R_normal,2,4999,23900,1.0004218749818392,1.0004199999999983,4.185865585698072e-05,4.185857740585767e-05
0,11346d1fe5a61b9b84ea,2,200,continuous,0.8,superiority_null,first_factor,unadjusted,refined_R_normal,2,4999,14600,1.0021000000124332,1.0020980000000002,6.863698630222145e-05,6.863684931506851e-05
0,11346d1fe5a61b9b84ea,2,200,continuous,0.8,superiority_null,first_factor,unadjusted,original_CRT_data,2,4999,100,1.2329023340134881,1.2329020000000028,0.012329023340134882,0.012329020000000029
0,11346d1fe5a61b9b84ea,2,200,continuous,0.8,superiority_null,first_factor,unadjusted,refined_CRT_data,2,4999,100,1.2258441659796517,1.2257999999999996,0.012258441659796518,0.012257999999999996
0,11346d1fe5a61b9b84ea,2,200,continuous,0.8,superiority_null,first_factor,unadjusted,score_preparation,2,4999,35300,1.0019789999932982,1.0019500000000008,2.838467422077332e-05,2.8383852691218153e-05
0,11346d1fe5a61b9b84ea,2,200,continuous,0.8,superiority_null,first_factor,unadjusted,original_S_normal,3,4999,89200,1.0007334170222748,1.0007300000000008,1.1218984495765413e-05,1.1218946188340816e-05
0,11346d1fe5a61b9b84ea,2,200,continuous,0.8,superiority_null,first_factor,unadjusted,refined_S_normal,3,4999,26800,1.0013130419829395,1.0013099999999966,3.736242693966192e-05,3.7362313432835695e-05
0,11346d1fe5a61b9b84ea,2,200,continuous,0.8,superiority_null,first_factor,unadjusted,original_R_normal,3,4999,24100,1.0007650000043213,1.0007620000000017,4.152551867237848e-05,4.152539419087144e-05
0,11346d1fe5a61b9b84ea,2,200,continuous,0.8,superiority_null,first_factor,unadjusted,refined_R_normal,3,4999,14700,1.0046835420071147,1.0046609999999987,6.834581918415746e-05,6.834428571428563e-05
0,11346d1fe5a61b9b84ea,2,200,continuous,0.8,superiority_null,first_factor,unadjusted,original_CRT_data,3,4999,100,1.2322531250247266,1.2322559999999996,0.012322531250247267,0.012322559999999996
0,11346d1fe5a61b9b84ea,2,200,continuous,0.8,superiority_null,first_factor,unadjusted,refined_CRT_data,3,4999,100,1.2355566670012195,1.2355560000000025,0.012355566670012195,0.012355560000000026
0,11346d1fe5a61b9b84ea,2,200,continuous,0.8,superiority_null,first_factor,unadjusted,score_preparation,3,4999,35000,1.000399250013288,1.000388000000001,2.8582835714665373e-05,2.8582514285714314e-05
0,11346d1fe5a61b9b84ea,2,200,continuous,0.8,superiority_null,first_factor,unadjusted,RT,3,4999,100,1.229076542018447,1.2290440000000018,0.012290765420184471,0.012290440000000019
0,11346d1fe5a61b9b84ea,2,200,continuous,0.8,superiority_null,first_factor,unadjusted,refined_S_normal,4,4999,26800,1.00024945900077,1.0002350000000035,3.732274100749142e-05,3.7322201492537444e-05
0,11346d1fe5a61b9b84ea,2,200,continuous,0.8,superiority_null,first_factor,unadjusted,original_R_normal,4,4999,24000,1.0003584579972085,1.0003540000000015,4.1681602416550356e-05,4.168141666666673e-05
0,11346d1fe5a61b9b84ea,2,200,continuous,0.8,superiority_null,first_factor,unadjusted,refined_R_normal,4,4999,14600,1.0025362500164192,1.0025329999999997,6.866686643948077e-05,6.866664383561642e-05
0,11346d1fe5a61b9b84ea,2,200,continuous,0.8,superiority_null,first_factor,unadjusted,original_CRT_data,4,4999,100,1.2329495419980958,1.2329280000000011,0.012329495419980957,0.012329280000000012
0,11346d1fe5a61b9b84ea,2,200,continuous,0.8,superiority_null,first_factor,unadjusted,refined_CRT_data,4,4999,100,1.234908083017217,1.2349049999999977,0.01234908083017217,0.012349049999999978
0,11346d1fe5a61b9b84ea,2,200,continuous,0.8,superiority_null,first_factor,unadjusted,score_preparation,4,4999,35200,1.00283433299046,1.002830000000003,2.8489611732683526e-05,2.8489488636363723e-05
0,11346d1fe5a61b9b84ea,2,200,continuous,0.8,superiority_null,first_factor,unadjusted,RT,4,4999,100,1.2278838749916758,1.227831000000002,0.01227883874991676,0.01227831000000002
0,11346d1fe5a61b9b84ea,2,200,continuous,0.8,superiority_null,first_factor,unadjusted,original_S_normal,4,4999,89200,1.0007659579860047,1.000743,1.1219349304775838e-05,1.1219091928251121e-05
0,11346d1fe5a61b9b84ea,2,200,continuous,0.8,superiority_null,first_factor,unadjusted,original_R_normal,5,4999,24200,1.0016024999786168,1.0015989999999988,4.138853305696764e-05,4.138838842975202e-05
0,11346d1fe5a61b9b84ea,2,200,continuous,0.8,superiority_null,first_factor,unadjusted,refined_R_normal,5,4999,15000,1.0064099589944817,1.0064020000000014,6.709399726629879e-05,6.709346666666675e-05
0,11346d1fe5a61b9b84ea,2,200,continuous,0.8,superiority_null,first_factor,unadjusted,original_CRT_data,5,4999,100,1.1980916250031441,1.1980669999999947,0.011980916250031441,0.011980669999999947
0,11346d1fe5a61b9b84ea,2,200,continuous,0.8,superiority_null,first_factor,unadjusted,refined_CRT_data,5,4999,100,1.2365968330122996,1.2365720000000024,0.012365968330122996,0.012365720000000024
0,11346d1fe5a61b9b84ea,2,200,continuous,0.8,superiority_null,first_factor,unadjusted,score_preparation,5,4999,35000,1.0024380000249948,1.0024140000000017,2.8641085714999852e-05,2.864040000000005e-05
0,11346d1fe5a61b9b84ea,2,200,continuous,0.8,superiority_null,first_factor,unadjusted,RT,5,4999,100,1.2279980840103235,1.227995,0.012279980840103235,0.01227995
0,11346d1fe5a61b9b84ea,2,200,continuous,0.8,superiority_null,first_factor,unadjusted,original_S_normal,5,4999,88800,1.0002549169876147,1.0002520000000032,1.1264131948058724e-05,1.1264099099099136e-05
0,11346d1fe5a61b9b84ea,2,200,continuous,0.8,superiority_null,first_factor,unadjusted,refined_S_normal,5,4999,26900,1.0020709169912152,1.0020689999999988,3.725170695134629e-05,3.72516356877323e-05
0,11346d1fe5a61b9b84ea,2,200,continuous,0.8,superiority_null,first_factor,adjusted,score_preparation,1,4999,21600,1.0016408749797847,1.0016259999999946,4.637226273054559e-05,4.637157407407382e-05
0,11346d1fe5a61b9b84ea,2,200,continuous,0.8,superiority_null,first_factor,adjusted,RT,1,4999,100,1.2277006669901311,1.2276969999999992,0.012277006669901312,0.012276969999999991
0,11346d1fe5a61b9b84ea,2,200,continuous,0.8,superiority_null,first_factor,adjusted,original_S_normal,1,4999,89700,1.0004932080046274,1.0004899999999992,1.1153770434834195e-05,1.1153734671125967e-05
0,11346d1fe5a61b9b84ea,2,200,continuous,0.8,superiority_null,first_factor,adjusted,refined_S_normal,1,4999,27200,1.0023782089992892,1.0023790000000048,3.685214003673857e-05,3.685216911764723e-05
0,11346d1fe5a61b9b84ea,2,200,continuous,0.8,superiority_null,first_factor,adjusted,original_R_normal,1,4999,24800,1.0026572500064503,1.0026580000000038,4.042972782284074e-05,4.0429758064516286e-05
0,11346d1fe5a61b9b84ea,2,200,continuous,0.8,superiority_null,first_factor,adjusted,refined_R_normal,1,4999,15100,1.0015532079851255,1.001542999999998,6.632802701888249e-05,6.632735099337735e-05
0,11346d1fe5a61b9b84ea,2,200,continuous,0.8,superiority_null,first_factor,adjusted,original_CRT_data,1,4999,100,1.1729003329819534,1.1729020000000006,0.011729003329819535,0.011729020000000005
0,11346d1fe5a61b9b84ea,2,200,continuous,0.8,superiority_null,first_factor,adjusted,refined_CRT_data,1,4999,100,1.2067000409879256,1.2066959999999938,0.012067000409879257,0.012066959999999937
0,11346d1fe5a61b9b84ea,2,200,continuous,0.8,superiority_null,first_factor,adjusted,RT,2,4999,100,1.1953913750185166,1.1953910000000008,0.011953913750185166,0.011953910000000007
0,11346d1fe5a61b9b84ea,2,200,continuous,0.8,superiority_null,first_factor,adjusted,original_S_normal,2,4999,91500,1.0010753340029623,1.0010730000000052,1.094071403281926e-05,1.094068852459022e-05
0,11346d1fe5a61b9b84ea,2,200,continuous,0.8,superiority_null,first_factor,adjusted,refined_S_normal,2,4999,27600,1.0019300830026623,1.001930999999999,3.630181460154573e-05,3.630184782608692e-05
0,11346d1fe5a61b9b84ea,2,200,continuous,0.8,superiority_null,first_factor,adjusted,original_R_normal,2,4999,24600,1.0031900000176392,1.0031740000000013,4.078008130153005e-05,4.0779430894309e-05
0,11346d1fe5a61b9b84ea,2,200,continuous,0.8,superiority_null,first_factor,adjusted,refined_R_normal,2,4999,14900,1.000704834004864,1.0007019999999898,6.716139825536001e-05,6.716120805369058e-05
0,11346d1fe5a61b9b84ea,2,200,continuous,0.8,superiority_null,first_factor,adjusted,original_CRT_data,2,4999,100,1.2118426249944605,1.2117990000000134,0.012118426249944605,0.012117990000000134
0,11346d1fe5a61b9b84ea,2,200,continuous,0.8,superiority_null,first_factor,adjusted,refined_CRT_data,2,4999,100,1.2361471249896567,1.2361390000000085,0.012361471249896568,0.012361390000000085
0,11346d1fe5a61b9b84ea,2,200,continuous,0.8,superiority_null,first_factor,adjusted,score_preparation,2,4999,21700,1.0034684999845922,1.0034689999999955,4.6242788017723146e-05,4.6242811059907626e-05
0,11346d1fe5a61b9b84ea,2,200,continuous,0.8,superiority_null,first_factor,adjusted,original_S_normal,3,4999,89100,1.001116166007705,1.0011110000000087,1.1235871672364815e-05,1.1235813692480457e-05
0,11346d1fe5a61b9b84ea,2,200,continuous,0.8,superiority_null,first_factor,adjusted,refined_S_normal,3,4999,27000,1.00334091699915,1.0033420000000035,3.716077470367222e-05,3.716081481481495e-05
0,11346d1fe5a61b9b84ea,2,200,continuous,0.8,superiority_null,first_factor,adjusted,original_R_normal,3,4999,24000,1.0028241249965504,1.0028170000000074,4.178433854152293e-05,4.1784041666666975e-05
0,11346d1fe5a61b9b84ea,2,200,continuous,0.8,superiority_null,first_factor,adjusted,refined_R_normal,3,4999,14600,1.0000052499817684,1.0000029999999924,6.849351027272386e-05,6.849335616438304e-05
0,11346d1fe5a61b9b84ea,2,200,continuous,0.8,superiority_null,first_factor,adjusted,original_CRT_data,3,4999,100,1.2327436670020688,1.2327439999999967,0.012327436670020689,0.012327439999999967
0,11346d1fe5a61b9b84ea,2,200,continuous,0.8,superiority_null,first_factor,adjusted,refined_CRT_data,3,4999,100,1.2361793339950964,1.2361589999999865,0.012361793339950964,0.012361589999999865
0,11346d1fe5a61b9b84ea,2,200,continuous,0.8,superiority_null,first_factor,adjusted,score_preparation,3,4999,21700,1.003078750014538,1.0030770000000047,4.6224827189610045e-05,4.6224746543779015e-05
0,11346d1fe5a61b9b84ea,2,200,continuous,0.8,superiority_null,first_factor,adjusted,RT,3,4999,100,1.2272949170146603,1.2272910000000081,0.012272949170146603,0.012272910000000081
0,11346d1fe5a61b9b84ea,2,200,continuous,0.8,superiority_null,first_factor,adjusted,refined_S_normal,4,4999,27100,1.000124499987578,1.0001250000000113,3.690496309917262e-05,3.690498154981591e-05
0,11346d1fe5a61b9b84ea,2,200,continuous,0.8,superiority_null,first_factor,adjusted,original_R_normal,4,4999,24100,1.000224084011279,1.0002130000000022,4.1503074025364274e-05,4.150261410788391e-05
0,11346d1fe5a61b9b84ea,2,200,continuous,0.8,superiority_null,first_factor,adjusted,refined_R_normal,4,4999,14700,1.0065290420025121,1.0065270000000055,6.847136340153144e-05,6.847122448979629e-05
0,11346d1fe5a61b9b84ea,2,200,continuous,0.8,superiority_null,first_factor,adjusted,original_CRT_data,4,4999,100,1.2335567499976605,1.2335600000000113,0.012335567499976606,0.012335600000000113
0,11346d1fe5a61b9b84ea,2,200,continuous,0.8,superiority_null,first_factor,adjusted,refined_CRT_data,4,4999,100,1.235237832996063,1.2352349999999888,0.012352378329960629,0.012352349999999887
0,11346d1fe5a61b9b84ea,2,200,continuous,0.8,superiority_null,first_factor,adjusted,score_preparation,4,4999,21600,1.0015096249990165,1.001488000000009,4.636618634254706e-05,4.63651851851856e-05
0,11346d1fe5a61b9b84ea,2,200,continuous,0.8,superiority_null,first_factor,adjusted,RT,4,4999,100,1.229085208993638,1.2290749999999946,0.01229085208993638,0.012290749999999946
0,11346d1fe5a61b9b84ea,2,200,continuous,0.8,superiority_null,first_factor,adjusted,original_S_normal,4,4999,87700,1.0009228329872712,1.0008809999999926,1.1413031162910733e-05,1.1412554161915537e-05
0,11346d1fe5a61b9b84ea,2,200,continuous,0.8,superiority_null,first_factor,adjusted,original_R_normal,5,4999,23900,1.0038753330009058,1.003852000000009,4.2003152008406104e-05,4.200217573221795e-05
0,11346d1fe5a61b9b84ea,2,200,continuous,0.8,superiority_null,first_factor,adjusted,refined_R_normal,5,4999,14500,1.0044916670012753,1.0044770000000085,6.92752873793983e-05,6.927427586206956e-05
0,11346d1fe5a61b9b84ea,2,200,continuous,0.8,superiority_null,first_factor,adjusted,original_CRT_data,5,4999,100,1.233561875007581,1.2335589999999996,0.01233561875007581,0.012335589999999997
0,11346d1fe5a61b9b84ea,2,200,continuous,0.8,superiority_null,first_factor,adjusted,refined_CRT_data,5,4999,100,1.2360700830176938,1.236069999999998,0.012360700830176938,0.01236069999999998
0,11346d1fe5a61b9b84ea,2,200,continuous,0.8,superiority_null,first_factor,adjusted,score_preparation,5,4999,21700,1.0035015000030398,1.0035019999999975,4.624430875590045e-05,4.62443317972349e-05
0,11346d1fe5a61b9b84ea,2,200,continuous,0.8,superiority_null,first_factor,adjusted,RT,5,4999,100,1.227520792017458,1.2275080000000003,0.01227520792017458,0.012275080000000002
0,11346d1fe5a61b9b84ea,2,200,continuous,0.8,superiority_null,first_factor,adjusted,original_S_normal,5,4999,89400,1.0005778749764431,1.0005759999999952,1.119214625253292e-05,1.1192125279642004e-05
0,11346d1fe5a61b9b84ea,2,200,continuous,0.8,superiority_null,first_factor,adjusted,refined_S_normal,5,4999,27500,1.0005768340197392,1.0005740000000003,3.638461214617234e-05,3.63845090909091e-05
1,dda485d0da7818c42138,2,200,continuous,0.8,superiority_power,first_factor,unadjusted,score_preparation,1,4999,36400,1.001678542001173,1.0016780000000125,2.7518641263768486e-05,2.7518626373626716e-05
1,dda485d0da7818c42138,2,200,continuous,0.8,superiority_power,first_factor,unadjusted,RT,1,4999,100,1.1827216669917107,1.1827220000000125,0.011827216669917106,0.011827220000000124
1,dda485d0da7818c42138,2,200,continuous,0.8,superiority_power,first_factor,unadjusted,original_S_normal,1,4999,91600,1.0009942920005415,1.000994999999989,1.0927885283848706e-05,1.0927893013100317e-05
1,dda485d0da7818c42138,2,200,continuous,0.8,superiority_power,first_factor,unadjusted,refined_S_normal,1,4999,27400,1.0004189999890514,1.0004059999999981,3.651164233536684e-05,3.651116788321161e-05
1,dda485d0da7818c42138,2,200,continuous,0.8,superiority_power,first_factor,unadjusted,original_R_normal,1,4999,24500,1.0028992089792155,1.002900000000011,4.0934661590988385e-05,4.093469387755147e-05
1,dda485d0da7818c42138,2,200,continuous,0.8,superiority_power,first_factor,unadjusted,refined_R_normal,1,4999,15000,1.0049882080056705,1.0049889999999948,6.699921386704469e-05,6.699926666666631e-05
1,dda485d0da7818c42138,2,200,continuous,0.8,superiority_power,first_factor,unadjusted,original_CRT_data,1,4999,100,1.1947018750070129,1.194704999999999,0.011947018750070128,0.01194704999999999
1,dda485d0da7818c42138,2,200,continuous,0.8,superiority_power,first_factor,unadjusted,refined_CRT_data,1,4999,100,1.1499328749778215,1.1499299999999977,0.011499328749778215,0.011499299999999976
1,dda485d0da7818c42138,2,200,continuous,0.8,superiority_power,first_factor,unadjusted,RT,2,4999,100,1.1562829169852193,1.1562640000000073,0.011562829169852193,0.011562640000000074
1,dda485d0da7818c42138,2,200,continuous,0.8,superiority_power,first_factor,unadjusted,original_S_normal,2,4999,89600,1.000976459006779,1.0006999999999948,1.1171612265700657e-05,1.1168526785714227e-05
1,dda485d0da7818c42138,2,200,continuous,0.8,superiority_power,first_factor,unadjusted,refined_S_normal,2,4999,26700,1.0003382079885341,1.0002910000000043,3.746585048646195e-05,3.7464082397003905e-05
1,dda485d0da7818c42138,2,200,continuous,0.8,superiority_power,first_factor,unadjusted,original_R_normal,2,4999,23800,1.0019617499783635,1.0019510000000054,4.209923319236822e-05,4.209878151260527e-05
1,dda485d0da7818c42138,2,200,continuous,0.8,superiority_power,first_factor,unadjusted,refined_R_normal,2,4999,14500,1.0028139999776613,1.0027880000000096,6.915958620535595e-05,6.915779310344894e-05
1,dda485d0da7818c42138,2,200,continuous,0.8,superiority_power,first_factor,unadjusted,original_CRT_data,2,4999,100,1.232921874994645,1.2328870000000052,0.012329218749946448,0.012328870000000052
1,dda485d0da7818c42138,2,200,continuous,0.8,superiority_power,first_factor,unadjusted,refined_CRT_data,2,4999,100,1.2064487919851672,1.2060120000000012,0.012064487919851673,0.012060120000000013
1,dda485d0da7818c42138,2,200,continuous,0.8,superiority_power,first_factor,unadjusted,score_preparation,2,4999,35800,1.002531000005547,1.0021849999999972,2.800365921803204e-05,2.7993994413407742e-05
1,dda485d0da7818c42138,2,200,continuous,0.8,superiority_power,first_factor,unadjusted,original_S_normal,3,4999,88900,1.0002779589849524,0.9998120000000057,1.1251720573509026e-05,1.12464791901013e-05
1,dda485d0da7818c42138,2,200,continuous,0.8,superiority_power,first_factor,unadjusted,refined_S_normal,3,4999,26900,1.0036868749884889,1.0036829999999952,3.7311779739349025e-05,3.7311635687732165e-05
1,dda485d0da7818c42138,2,200,continuous,0.8,superiority_power,first_factor,unadjusted,original_R_normal,3,4999,24000,1.0027536249835975,1.00266400000001,4.178140104098323e-05,4.1777666666667085e-05
1,dda485d0da7818c42138,2,200,continuous,0.8,superiority_power,first_factor,unadjusted,refined_R_normal,3,4999,14600,1.0025387500063516,1.0025009999999952,6.866703767166792e-05,6.86644520547942e-05
1,dda485d0da7818c42138,2,200,continuous,0.8,superiority_power,first_factor,unadjusted,original_CRT_data,3,4999,100,1.23298904200783,1.2329779999999886,0.0123298904200783,0.012329779999999886
1,dda485d0da7818c42138,2,200,continuous,0.8,superiority_power,first_factor,unadjusted,refined_CRT_data,3,4999,100,1.2326425830251537,1.2321349999999995,0.012326425830251538,0.012321349999999995
1,dda485d0da7818c42138,2,200,continuous,0.8,superiority_power,first_factor,unadjusted,score_preparation,3,4999,35300,1.0001969159930013,1.0000050000000016,2.8334190254759243e-05,2.8328753541076532e-05
1,dda485d0da7818c42138,2,200,continuous,0.8,superiority_power,first_factor,unadjusted,RT,3,4999,100,1.1650662919855677,1.1562179999999955,0.011650662919855677,0.011562179999999955
1,dda485d0da7818c42138,2,200,continuous,0.8,superiority_power,first_factor,unadjusted,refined_S_normal,4,4999,27400,1.002590667019831,1.0020520000000062,3.659090025619821e-05,3.657124087591263e-05
1,dda485d0da7818c42138,2,200,continuous,0.8,superiority_power,first_factor,unadjusted,original_R_normal,4,4999,23900,1.0019129999855068,1.0017380000000031,4.192104602449819e-05,4.1913723849372514e-05
1,dda485d0da7818c42138,2,200,continuous,0.8,superiority_power,first_factor,unadjusted,refined_R_normal,4,4999,14500,1.0017202500021085,1.0016640000000052,6.908415517255921e-05,6.908027586206932e-05
1,dda485d0da7818c42138,2,200,continuous,0.8,superiority_power,first_factor,unadjusted,original_CRT_data,4,4999,100,1.227566499990644,1.2249750000000006,0.01227566499990644,0.012249750000000005
1,dda485d0da7818c42138,2,200,continuous,0.8,superiority_power,first_factor,unadjusted,refined_CRT_data,4,4999,100,1.234540334000485,1.2344539999999995,0.01234540334000485,0.012344539999999994
1,dda485d0da7818c42138,2,200,continuous,0.8,superiority_power,first_factor,unadjusted,score_preparation,4,4999,35000,1.0012228330015205,0.9998170000000073,2.86063666571863e-05,2.8566200000000208e-05
1,dda485d0da7818c42138,2,200,continuous,0.8,superiority_power,first_factor,unadjusted,RT,4,4999,100,1.2184140000026673,1.2131329999999991,0.012184140000026673,0.01213132999999999
1,dda485d0da7818c42138,2,200,continuous,0.8,superiority_power,first_factor,unadjusted,original_S_normal,4,4999,88900,1.000128332991153,0.9964459999999917,1.1250037491464039e-05,1.1208616422947039e-05
1,dda485d0da7818c42138,2,200,continuous,0.8,superiority_power,first_factor,unadjusted,original_R_normal,5,4999,24100,1.003234749980038,1.0016119999999944,4.16279979244829e-05,4.156066390041471e-05
1,dda485d0da7818c42138,2,200,continuous,0.8,superiority_power,first_factor,unadjusted,refined_R_normal,5,4999,14800,1.001425916008884,1.0003829999999994,6.766391324384352e-05,6.75934459459459e-05
1,dda485d0da7818c42138,2,200,continuous,0.8,superiority_power,first_factor,unadjusted,original_CRT_data,5,4999,100,1.2021749170089606,1.2014540000000125,0.012021749170089606,0.012014540000000124
1,dda485d0da7818c42138,2,200,continuous,0.8,superiority_power,first_factor,unadjusted,refined_CRT_data,5,4999,100,1.1654230409767479,1.165395999999987,0.011654230409767478,0.01165395999999987
1,dda485d0da7818c42138,2,200,continuous,0.8,superiority_power,first_factor,unadjusted,score_preparation,5,4999,35500,1.0024538330035284,1.0023139999999842,2.823813614094446e-05,2.8234197183098145e-05
1,dda485d0da7818c42138,2,200,continuous,0.8,superiority_power,first_factor,unadjusted,RT,5,4999,100,1.2232525419967715,1.2218509999999867,0.012232525419967714,0.012218509999999867
1,dda485d0da7818c42138,2,200,continuous,0.8,superiority_power,first_factor,unadjusted,original_S_normal,5,4999,87300,1.0007329159998335,0.9967489999999941,1.1463149095072548e-05,1.1417514318442086e-05
1,dda485d0da7818c42138,2,200,continuous,0.8,superiority_power,first_factor,unadjusted,refined_S_normal,5,4999,26600,1.0003863339952659,1.000312000000008,3.7608508796814504e-05,3.760571428571459e-05
1,dda485d0da7818c42138,2,200,continuous,0.8,superiority_power,first_factor,adjusted,score_preparation,1,4999,21600,1.000642416998744,1.0004500000000007,4.632603782401593e-05,4.6317129629629666e-05
1,dda485d0da7818c42138,2,200,continuous,0.8,superiority_power,first_factor,adjusted,RT,1,4999,100,1.224652667006012,1.22373300000001,0.012246526670060121,0.0122373300000001
1,dda485d0da7818c42138,2,200,continuous,0.8,superiority_power,first_factor,adjusted,original_S_normal,1,4999,88800,1.000678708020132,1.000555999999989,1.1268904369596082e-05,1.1267522522522398e-05
1,dda485d0da7818c42138,2,200,continuous,0.8,superiority_power,first_factor,adjusted,refined_S_normal,1,4999,26800,1.0013187089934945,1.0011630000000196,3.7362638395279645e-05,3.735682835820968e-05
1,dda485d0da7818c42138,2,200,continuous,0.8,superiority_power,first_factor,adjusted,original_R_normal,1,4999,23900,1.0007041250064503,1.0007009999999923,4.1870465481441434e-05,4.187033472803315e-05
1,dda485d0da7818c42138,2,200,continuous,0.8,superiority_power,first_factor,adjusted,refined_R_normal,1,4999,14700,1.0055467080092058,1.0055389999999989,6.840453795980991e-05,6.84040136054421e-05
1,dda485d0da7818c42138,2,200,continuous,0.8,superiority_power,first_factor,adjusted,original_CRT_data,1,4999,100,1.2073792500013951,1.2072550000000035,0.012073792500013952,0.012072550000000036
1,dda485d0da7818c42138,2,200,continuous,0.8,superiority_power,first_factor,adjusted,refined_CRT_data,1,4999,100,1.1934185420104768,1.1929009999999778,0.011934185420104769,0.011929009999999778
1,dda485d0da7818c42138,2,200,continuous,0.8,superiority_power,first_factor,adjusted,RT,2,4999,100,1.194675125007052,1.1937890000000095,0.01194675125007052,0.011937890000000095
1,dda485d0da7818c42138,2,200,continuous,0.8,superiority_power,first_factor,adjusted,original_S_normal,2,4999,89000,1.0001809589739423,0.9895330000000229,1.1237988303078004e-05,1.1118348314606998e-05
1,dda485d0da7818c42138,2,200,continuous,0.8,superiority_power,first_factor,adjusted,refined_S_normal,2,4999,26600,1.0014161250146572,0.9978499999999997,3.7647222744911925e-05,3.751315789473683e-05
1,dda485d0da7818c42138,2,200,continuous,0.8,superiority_power,first_factor,adjusted,original_R_normal,2,4999,23800,1.001758583006449,1.0013280000000009,4.209069676497685e-05,4.207260504201685e-05
1,dda485d0da7818c42138,2,200,continuous,0.8,superiority_power,first_factor,adjusted,refined_R_normal,2,4999,14600,1.0032232500088867,1.0031040000000075,6.871392123348539e-05,6.870575342465806e-05
1,dda485d0da7818c42138,2,200,continuous,0.8,superiority_power,first_factor,adjusted,original_CRT_data,2,4999,100,1.2360456660098862,1.2360189999999989,0.012360456660098862,0.012360189999999988
1,dda485d0da7818c42138,2,200,continuous,0.8,superiority_power,first_factor,adjusted,refined_CRT_data,2,4999,100,1.2408569580002222,1.2407949999999914,0.012408569580002223,0.012407949999999914
1,dda485d0da7818c42138,2,200,continuous,0.8,superiority_power,first_factor,adjusted,score_preparation,2,4999,21700,1.0013969169813208,1.0013509999999997,4.614732336319451e-05,4.6145207373271874e-05
1,dda485d0da7818c42138,2,200,continuous,0.8,superiority_power,first_factor,adjusted,original_S_normal,3,4999,88900,1.0005992079968564,1.0005370000000084,1.1255334173192986e-05,1.1254634420697508e-05
1,dda485d0da7818c42138,2,200,continuous,0.8,superiority_power,first_factor,adjusted,refined_S_normal,3,4999,26900,1.0002909589966293,1.0002489999999966,3.718553750916838e-05,3.718397769516716e-05
1,dda485d0da7818c42138,2,200,continuous,0.8,superiority_power,first_factor,adjusted,original_R_normal,3,4999,23900,1.0013365829945542,1.0012630000000229,4.1896928158767956e-05,4.1893849372385895e-05
1,dda485d0da7818c42138,2,200,continuous,0.8,superiority_power,first_factor,adjusted,refined_R_normal,3,4999,14500,1.0001478750200476,0.9996309999999937,6.897571551862397e-05,6.894006896551681e-05
1,dda485d0da7818c42138,2,200,continuous,0.8,superiority_power,first_factor,adjusted,original_CRT_data,3,4999,100,1.230699125007959,1.2299600000000055,0.01230699125007959,0.012299600000000055
1,dda485d0da7818c42138,2,200,continuous,0.8,superiority_power,first_factor,adjusted,refined_CRT_data,3,4999,100,1.2390850000083447,1.2372849999999858,0.012390850000083447,0.012372849999999857
1,dda485d0da7818c42138,2,200,continuous,0.8,superiority_power,first_factor,adjusted,score_preparation,3,4999,21600,1.0039991249796003,1.0039879999999926,4.6481440971277794e-05,4.648092592592558e-05
1,dda485d0da7818c42138,2,200,continuous,0.8,superiority_power,first_factor,adjusted,RT,3,4999,100,1.224191040993901,1.2237149999999986,0.01224191040993901,0.012237149999999985
1,dda485d0da7818c42138,2,200,continuous,0.8,superiority_power,first_factor,adjusted,refined_S_normal,4,4999,26900,1.0031595409964211,1.0030599999999765,3.7292176245220114e-05,3.728847583643036e-05
1,dda485d0da7818c42138,2,200,continuous,0.8,superiority_power,first_factor,adjusted,original_R_normal,4,4999,24200,1.003105499985395,1.0030829999999753,4.145064049526426e-05,4.1449710743800635e-05
1,dda485d0da7818c42138,2,200,continuous,0.8,superiority_power,first_factor,adjusted,refined_R_normal,4,4999,14600,1.0054311249987222,1.0051850000000115,6.886514554785769e-05,6.884828767123367e-05
1,dda485d0da7818c42138,2,200,continuous,0.8,superiority_power,first_factor,adjusted,original_CRT_data,4,4999,100,1.232913957996061,1.2328960000000109,0.01232913957996061,0.01232896000000011
1,dda485d0da7818c42138,2,200,continuous,0.8,superiority_power,first_factor,adjusted,refined_CRT_data,4,4999,100,1.237101167003857,1.2371080000000063,0.01237101167003857,0.012371080000000064
1,dda485d0da7818c42138,2,200,continuous,0.8,superiority_power,first_factor,adjusted,score_preparation,4,4999,21700,1.0041095829801634,1.0040189999999996,4.627233101291075e-05,4.626815668202763e-05
1,dda485d0da7818c42138,2,200,continuous,0.8,superiority_power,first_factor,adjusted,RT,4,4999,100,1.228461958002299,1.228242999999992,0.012284619580022992,0.01228242999999992
1,dda485d0da7818c42138,2,200,continuous,0.8,superiority_power,first_factor,adjusted,original_S_normal,4,4999,89400,1.0007660420087632,1.0007360000000176,1.1194251029180796e-05,1.1193914988814514e-05
1,dda485d0da7818c42138,2,200,continuous,0.8,superiority_power,first_factor,adjusted,original_R_normal,5,4999,24000,1.0010928329720628,1.0009840000000167,4.171220137383595e-05,4.1707666666667365e-05
1,dda485d0da7818c42138,2,200,continuous,0.8,superiority_power,first_factor,adjusted,refined_R_normal,5,4999,14600,1.004910125018796,1.0048660000000211,6.882946061772575e-05,6.882643835616583e-05
1,dda485d0da7818c42138,2,200,continuous,0.8,superiority_power,first_factor,adjusted,original_CRT_data,5,4999,100,1.2340103749884292,1.2339879999999823,0.012340103749884292,0.012339879999999824
1,dda485d0da7818c42138,2,200,continuous,0.8,superiority_power,first_factor,adjusted,refined_CRT_data,5,4999,100,1.2351783330086619,1.2349829999999997,0.01235178333008662,0.012349829999999997
1,dda485d0da7818c42138,2,200,continuous,0.8,superiority_power,first_factor,adjusted,score_preparation,5,4999,21700,1.0044289999932516,1.00433799999999,4.6287050690933255e-05,4.628285714285668e-05
1,dda485d0da7818c42138,2,200,continuous,0.8,superiority_power,first_factor,adjusted,RT,5,4999,100,1.2268855829897802,1.2268530000000055,0.012268855829897802,0.012268530000000055
1,dda485d0da7818c42138,2,200,continuous,0.8,superiority_power,first_factor,adjusted,original_S_normal,5,4999,89000,1.0000885000044946,0.9999660000000006,1.1236949438252748e-05,1.1235573033707872e-05
1,dda485d0da7818c42138,2,200,continuous,0.8,superiority_power,first_factor,adjusted,refined_S_normal,5,4999,27000,1.003320083982544,1.00329499999998,3.7160003110464594e-05,3.715907407407333e-05
8,91f3e97730882aa0b880,2,200,binary,0.8,superiority_null,first_factor,unadjusted,score_preparation,1,4999,35200,1.000714624999091,1.0004160000000013,2.8429392755655996e-05,2.8420909090909128e-05
8,91f3e97730882aa0b880,2,200,binary,0.8,superiority_null,first_factor,unadjusted,RT,1,4999,100,1.2254499999980908,1.2253290000000163,0.012254499999980907,0.012253290000000163
8,91f3e97730882aa0b880,2,200,binary,0.8,superiority_null,first_factor,unadjusted,original_S_normal,1,4999,89400,1.0011036669893656,1.0010139999999978,1.1198027594959346e-05,1.1197024608501094e-05
8,91f3e97730882aa0b880,2,200,binary,0.8,superiority_null,first_factor,unadjusted,refined_S_normal,1,4999,27000,1.0002611249801703,1.0002570000000048,3.70467083325989e-05,3.704655555555573e-05
8,91f3e97730882aa0b880,2,200,binary,0.8,superiority_null,first_factor,unadjusted,original_R_normal,1,4999,24100,1.0035487499844749,1.0035399999999868,4.164102697031016e-05,4.164066390041439e-05
8,91f3e97730882aa0b880,2,200,binary,0.8,superiority_null,first_factor,unadjusted,refined_R_normal,1,4999,14600,1.002562334004324,1.002289999999988,6.86686530139948e-05,6.864999999999918e-05
8,91f3e97730882aa0b880,2,200,binary,0.8,superiority_null,first_factor,unadjusted,original_CRT_data,1,4999,100,1.233584833011264,1.2335679999999911,0.01233584833011264,0.012335679999999911
8,91f3e97730882aa0b880,2,200,binary,0.8,superiority_null,first_factor,unadjusted,refined_CRT_data,1,4999,100,1.233664624975063,1.233526000000012,0.01233664624975063,0.012335260000000119
8,91f3e97730882aa0b880,2,200,binary,0.8,superiority_null,first_factor,unadjusted,RT,2,4999,100,1.227008832996944,1.2268469999999922,0.012270088329969439,0.012268469999999922
8,91f3e97730882aa0b880,2,200,binary,0.8,superiority_null,first_factor,unadjusted,original_S_normal,2,4999,89500,1.0011120419949293,1.0010110000000054,1.1185609407764573e-05,1.1184480446927436e-05
8,91f3e97730882aa0b880,2,200,binary,0.8,superiority_null,first_factor,unadjusted,refined_S_normal,2,4999,27000,1.0035343329946045,1.0033770000000004,3.716793825905943e-05,3.7162111111111124e-05
8,91f3e97730882aa0b880,2,200,binary,0.8,superiority_null,first_factor,unadjusted,original_R_normal,2,4999,24100,1.003947084012907,1.003896999999995,4.165755535323266e-05,4.165547717842302e-05
8,91f3e97730882aa0b880,2,200,binary,0.8,superiority_null,first_factor,unadjusted,refined_R_normal,2,4999,14600,1.0010074999881908,1.0009560000000022,6.856215753343772e-05,6.855863013698644e-05
8,91f3e97730882aa0b880,2,200,binary,0.8,superiority_null,first_factor,unadjusted,original_CRT_data,2,4999,100,1.2329218329978175,1.2329160000000172,0.012329218329978176,0.012329160000000172
8,91f3e97730882aa0b880,2,200,binary,0.8,superiority_null,first_factor,unadjusted,refined_CRT_data,2,4999,100,1.235166875005234,1.23497500000002,0.012351668750052341,0.012349750000000199
8,91f3e97730882aa0b880,2,200,binary,0.8,superiority_null,first_factor,unadjusted,score_preparation,2,4999,35200,1.0011034999915864,1.0010110000000054,2.844044034067007e-05,2.8437812500000154e-05
8,91f3e97730882aa0b880,2,200,binary,0.8,superiority_null,first_factor,unadjusted,original_S_normal,3,4999,89400,1.0002295830054209,1.000185000000016,1.1188250369188152e-05,1.1187751677852528e-05
8,91f3e97730882aa0b880,2,200,binary,0.8,superiority_null,first_factor,unadjusted,refined_S_normal,3,4999,27100,1.002849000011338,1.0027950000000203,3.700549815539992e-05,3.70035055350561e-05
8,91f3e97730882aa0b880,2,200,binary,0.8,superiority_null,first_factor,unadjusted,original_R_normal,3,4999,24200,1.0034387920168228,1.0034399999999835,4.146441289325714e-05,4.1464462809916674e-05
8,91f3e97730882aa0b880,2,200,binary,0.8,superiority_null,first_factor,unadjusted,refined_R_normal,3,4999,14600,1.0042982910235878,1.0041549999999972,6.87875541796978e-05,6.877773972602721e-05
8,91f3e97730882aa0b880,2,200,binary,0.8,superiority_null,first_factor,unadjusted,original_CRT_data,3,4999,100,1.232792208000319,1.2327549999999974,0.012327922080003191,0.012327549999999974
8,91f3e97730882aa0b880,2,200,binary,0.8,superiority_null,first_factor,unadjusted,refined_CRT_data,3,4999,100,1.2341172920132522,1.2340829999999983,0.012341172920132521,0.012340829999999983
8,91f3e97730882aa0b880,2,200,binary,0.8,superiority_null,first_factor,unadjusted,score_preparation,3,4999,35200,1.0004604579880834,1.0004529999999932,2.8422172101934185e-05,2.8421960227272533e-05
8,91f3e97730882aa0b880,2,200,binary,0.8,superiority_null,first_factor,unadjusted,RT,3,4999,100,1.2285963329777587,1.2286000000000001,0.012285963329777588,0.012286000000000002
8,91f3e97730882aa0b880,2,200,binary,0.8,superiority_null,first_factor,unadjusted,refined_S_normal,4,4999,27100,1.0034132080036215,1.003169999999983,3.702631763851002e-05,3.701734317343111e-05
8,91f3e97730882aa0b880,2,200,binary,0.8,superiority_null,first_factor,unadjusted,original_R_normal,4,4999,24000,1.001226083986694,1.0011810000000025,4.1717753499445585e-05,4.1715875000000105e-05
8,91f3e97730882aa0b880,2,200,binary,0.8,superiority_null,first_factor,unadjusted,refined_R_normal,4,4999,14600,1.000268000003416,1.0002319999999827,6.851150684954905e-05,6.850904109588923e-05
8,91f3e97730882aa0b880,2,200,binary,0.8,superiority_null,first_factor,unadjusted,original_CRT_data,4,4999,100,1.2323926250101067,1.2323849999999936,0.012323926250101067,0.012323849999999937
8,91f3e97730882aa0b880,2,200,binary,0.8,superiority_null,first_factor,unadjusted,refined_CRT_data,4,4999,100,1.235260624991497,1.235227000000009,0.012352606249914971,0.012352270000000089
8,91f3e97730882aa0b880,2,200,binary,0.8,superiority_null,first_factor,unadjusted,score_preparation,4,4999,35200,1.0006707920110784,1.0004209999999887,2.842814750031473e-05,2.8421051136363316e-05
8,91f3e97730882aa0b880,2,200,binary,0.8,superiority_null,first_factor,unadjusted,RT,4,4999,100,1.255661458009854,1.2555700000000058,0.01255661458009854,0.012555700000000058
8,91f3e97730882aa0b880,2,200,binary,0.8,superiority_null,first_factor,unadjusted,original_S_normal,4,4999,77000,1.0007792499964125,1.0007640000000038,1.2997133116836526e-05,1.2996935064935114e-05
8,91f3e97730882aa0b880,2,200,binary,0.8,superiority_null,first_factor,unadjusted,original_R_normal,5,4999,24100,1.0028869579837192,1.0028680000000065,4.1613566721316146e-05,4.1612780082987824e-05
8,91f3e97730882aa0b880,2,200,binary,0.8,superiority_null,first_factor,unadjusted,refined_R_normal,5,4999,14700,1.0030962919990998,1.0030539999999917,6.823784299313603e-05,6.8234965986394e-05
8,91f3e97730882aa0b880,2,200,binary,0.8,superiority_null,first_factor,unadjusted,original_CRT_data,5,4999,100,1.2347202080127317,1.2345380000000148,0.012347202080127318,0.012345380000000149
8,91f3e97730882aa0b880,2,200,binary,0.8,superiority_null,first_factor,unadjusted,refined_CRT_data,5,4999,100,1.2357959999935701,1.2357899999999802,0.012357959999935702,0.012357899999999802
8,91f3e97730882aa0b880,2,200,binary,0.8,superiority_null,first_factor,unadjusted,score_preparation,5,4999,35000,1.001932583982125,1.0017740000000117,2.862664525663214e-05,2.862211428571462e-05
8,91f3e97730882aa0b880,2,200,binary,0.8,superiority_null,first_factor,unadjusted,RT,5,4999,100,1.4600460830261,1.4600190000000168,0.014600460830261,0.014600190000000169
8,91f3e97730882aa0b880,2,200,binary,0.8,superiority_null,first_factor,unadjusted,original_S_normal,5,4999,76400,1.0007670420163777,1.0005510000000015,1.3099045052570388e-05,1.3096217277486931e-05
8,91f3e97730882aa0b880,2,200,binary,0.8,superiority_null,first_factor,unadjusted,refined_S_normal,5,4999,24400,1.0036103330203332,1.0035389999999893,4.113157102542349e-05,4.1128647540983165e-05
8,91f3e97730882aa0b880,2,200,binary,0.8,superiority_null,first_factor,adjusted,score_preparation,1,4999,20500,1.0041415409941692,1.004054999999994,4.898251419483752e-05,4.897829268292653e-05
8,91f3e97730882aa0b880,2,200,binary,0.8,superiority_null,first_factor,adjusted,RT,1,4999,100,1.2262255829991773,1.2262180000000171,0.012262255829991773,0.012262180000000171
8,91f3e97730882aa0b880,2,200,binary,0.8,superiority_null,first_factor,adjusted,original_S_normal,1,4999,89100,1.0009087499929592,1.0009090000000072,1.123354377096475e-05,1.123354657687999e-05
8,91f3e97730882aa0b880,2,200,binary,0.8,superiority_null,first_factor,adjusted,refined_S_normal,1,4999,26900,1.002705374994548,1.0024220000000241,3.7275292750726694e-05,3.726475836431317e-05
8,91f3e97730882aa0b880,2,200,binary,0.8,superiority_null,first_factor,adjusted,original_R_normal,1,4999,24100,1.0001911669969559,1.0001680000000022,4.1501708174147546e-05,4.150074688796689e-05
8,91f3e97730882aa0b880,2,200,binary,0.8,superiority_null,first_factor,adjusted,refined_R_normal,1,4999,14600,1.0042897920066025,1.0042349999999942,6.878697205524675e-05,6.87832191780818e-05
8,91f3e97730882aa0b880,2,200,binary,0.8,superiority_null,first_factor,adjusted,original_CRT_data,1,4999,100,1.23239541699877,1.2323729999999955,0.0123239541699877,0.012323729999999955
8,91f3e97730882aa0b880,2,200,binary,0.8,superiority_null,first_factor,adjusted,refined_CRT_data,1,4999,100,1.2373140419949777,1.2372019999999964,0.012373140419949778,0.012372019999999963
8,91f3e97730882aa0b880,2,200,binary,0.8,superiority_null,first_factor,adjusted,RT,2,4999,100,1.2285110829980113,1.228414000000015,0.012285110829980113,0.01228414000000015
8,91f3e97730882aa0b880,2,200,binary,0.8,superiority_null,first_factor,adjusted,original_S_normal,2,4999,89100,1.000317083002301,1.0002240000000029,1.1226903288465778e-05,1.1225858585858619e-05
8,91f3e97730882aa0b880,2,200,binary,0.8,superiority_null,first_factor,adjusted,refined_S_normal,2,4999,27000,1.0012365839793347,1.0011540000000139,3.7082836443679065e-05,3.7079777777778294e-05
8,91f3e97730882aa0b880,2,200,binary,0.8,superiority_null,first_factor,adjusted,original_R_normal,2,4999,24000,1.0007792499964125,1.0007620000000088,4.169913541651719e-05,4.1698416666667036e-05
8,91f3e97730882aa0b880,2,200,binary,0.8,superiority_null,first_factor,adjusted,refined_R_normal,2,4999,14700,1.0068299999984447,1.0068219999999997,6.849183673458808e-05,6.849129251700678e-05
8,91f3e97730882aa0b880,2,200,binary,0.8,superiority_null,first_factor,adjusted,original_CRT_data,2,4999,100,1.2336798750038724,1.2334690000000137,0.012336798750038725,0.012334690000000138
8,91f3e97730882aa0b880,2,200,binary,0.8,superiority_null,first_factor,adjusted,refined_CRT_data,2,4999,100,1.2344908330123872,1.2344759999999724,0.012344908330123871,0.012344759999999724
8,91f3e97730882aa0b880,2,200,binary,0.8,superiority_null,first_factor,adjusted,score_preparation,2,4999,21600,1.0005715829902329,1.0005709999999794,4.632275847177004e-05,4.632273148148053e-05
8,91f3e97730882aa0b880,2,200,binary,0.8,superiority_null,first_factor,adjusted,original_S_normal,3,4999,89100,1.0009522920008749,1.0009359999999958,1.1234032457922276e-05,1.1233849607182893e-05
8,91f3e97730882aa0b880,2,200,binary,0.8,superiority_null,first_factor,adjusted,refined_S_normal,3,4999,24200,1.0016476250020787,1.001511999999991,4.1390397727358624e-05,4.1384793388429385e-05
8,91f3e97730882aa0b880,2,200,binary,0.8,superiority_null,first_factor,adjusted,original_R_normal,3,4999,19700,1.0046426249900833,1.004606999999993,5.099708756294839e-05,5.09952791878169e-05
8,91f3e97730882aa0b880,2,200,binary,0.8,superiority_null,first_factor,adjusted,refined_R_normal,3,4999,12700,1.0024855840019882,1.00246199999998,7.893587275606206e-05,7.893401574802991e-05
8,91f3e97730882aa0b880,2,200,binary,0.8,superiority_null,first_factor,adjusted,original_CRT_data,3,4999,100,1.3378180830040947,1.3377320000000168,0.013378180830040947,0.013377320000000168
8,91f3e97730882aa0b880,2,200,binary,0.8,superiority_null,first_factor,adjusted,refined_CRT_data,3,4999,100,1.246430916013196,1.2464310000000012,0.012464309160131961,0.012464310000000011
8,91f3e97730882aa0b880,2,200,binary,0.8,superiority_null,first_factor,adjusted,score_preparation,3,4999,21600,1.002554542006692,1.0023529999999994,4.641456212993944e-05,4.640523148148145e-05
8,91f3e97730882aa0b880,2,200,binary,0.8,superiority_null,first_factor,adjusted,RT,3,4999,100,1.2270712080062367,1.2270579999999711,0.012270712080062368,0.012270579999999712
8,91f3e97730882aa0b880,2,200,binary,0.8,superiority_null,first_factor,adjusted,refined_S_normal,4,4999,26900,1.001870542007964,1.0018590000000245,3.7244258067210564e-05,3.724382899628344e-05
8,91f3e97730882aa0b880,2,200,binary,0.8,superiority_null,first_factor,adjusted,original_R_normal,4,4999,24300,1.0033222920028493,1.0033070000000066,4.12889832099938e-05,4.1288353909465294e-05
8,91f3e97730882aa0b880,2,200,binary,0.8,superiority_null,first_factor,adjusted,refined_R_normal,4,4999,14700,1.0065644170099404,1.0065419999999676,6.847376986462179e-05,6.847224489795698e-05
8,91f3e97730882aa0b880,2,200,binary,0.8,superiority_null,first_factor,adjusted,original_CRT_data,4,4999,100,1.2295164999959525,1.2291500000000042,0.012295164999959524,0.012291500000000042
8,91f3e97730882aa0b880,2,200,binary,0.8,superiority_null,first_factor,adjusted,refined_CRT_data,4,4999,100,1.2356157499889378,1.2355570000000284,0.012356157499889378,0.012355570000000284
8,91f3e97730882aa0b880,2,200,binary,0.8,superiority_null,first_factor,adjusted,score_preparation,4,4999,21700,1.0035803339851554,1.0035700000000247,4.6247941658302094e-05,4.624746543778916e-05
8,91f3e97730882aa0b880,2,200,binary,0.8,superiority_null,first_factor,adjusted,RT,4,4999,100,1.2277692499919794,1.2277690000000234,0.012277692499919795,0.012277690000000235
8,91f3e97730882aa0b880,2,200,binary,0.8,superiority_null,first_factor,adjusted,original_S_normal,4,4999,89000,1.0009574170107953,1.0007730000000379,1.1246712550683093e-05,1.1244640449438628e-05
8,91f3e97730882aa0b880,2,200,binary,0.8,superiority_null,first_factor,adjusted,original_R_normal,5,4999,19700,1.0003862919984385,1.0003650000000448,5.078103005068216e-05,5.077994923858096e-05
8,91f3e97730882aa0b880,2,200,binary,0.8,superiority_null,first_factor,adjusted,refined_R_normal,5,4999,11800,1.001206999993883,1.0011749999999893,8.484805084693925e-05,8.484533898304994e-05
8,91f3e97730882aa0b880,2,200,binary,0.8,superiority_null,first_factor,adjusted,original_CRT_data,5,4999,100,1.441914374998305,1.441896999999983,0.01441914374998305,0.014418969999999831
8,91f3e97730882aa0b880,2,200,binary,0.8,superiority_null,first_factor,adjusted,refined_CRT_data,5,4999,100,1.349128458998166,1.349129000000005,0.01349128458998166,0.01349129000000005
8,91f3e97730882aa0b880,2,200,binary,0.8,superiority_null,first_factor,adjusted,score_preparation,5,4999,21100,1.000455041998066,1.0002549999999815,4.7414930900382275e-05,4.7405450236965946e-05
8,91f3e97730882aa0b880,2,200,binary,0.8,superiority_null,first_factor,adjusted,RT,5,4999,100,1.2266445410205051,1.2265970000000266,0.012266445410205051,0.012265970000000266
8,91f3e97730882aa0b880,2,200,binary,0.8,superiority_null,first_factor,adjusted,original_S_normal,5,4999,88800,1.0000717910006642,1.000050999999985,1.1262069718475948e-05,1.1261835585585415e-05
8,91f3e97730882aa0b880,2,200,binary,0.8,superiority_null,first_factor,adjusted,refined_S_normal,5,4999,26900,1.0008755839953665,1.0008589999999913,3.720727078049689e-05,3.720665427509261e-05
9,1cb5bf2dd71d58078d29,2,200,binary,0.8,superiority_power,first_factor,unadjusted,score_preparation,1,4999,35000,1.0005792080191895,1.000409999999988,2.8587977371976845e-05,2.8583142857142515e-05
9,1cb5bf2dd71d58078d29,2,200,binary,0.8,superiority_power,first_factor,unadjusted,RT,1,4999,100,1.2283861660107505,1.228211999999985,0.012283861660107505,0.01228211999999985
9,1cb5bf2dd71d58078d29,2,200,binary,0.8,superiority_power,first_factor,unadjusted,original_S_normal,1,4999,88600,1.001179625018267,1.0011559999999804,1.129999576770053e-05,1.1299729119638605e-05
9,1cb5bf2dd71d58078d29,2,200,binary,0.8,superiority_power,first_factor,unadjusted,refined_S_normal,1,4999,27000,1.0033129160001408,1.00329499999998,3.7159737629634844e-05,3.715907407407333e-05
9,1cb5bf2dd71d58078d29,2,200,binary,0.8,superiority_power,first_factor,unadjusted,original_R_normal,1,4999,24200,1.000430249987403,1.0004279999999994,4.134009297468607e-05,4.1339999999999974e-05
9,1cb5bf2dd71d58078d29,2,200,binary,0.8,superiority_power,first_factor,unadjusted,refined_R_normal,1,4999,14700,1.0005591250082944,1.0005590000000097,6.80652465992037e-05,6.806523809523876e-05
9,1cb5bf2dd71d58078d29,2,200,binary,0.8,superiority_power,first_factor,unadjusted,original_CRT_data,1,4999,100,1.2333397089969367,1.2331219999999803,0.012333397089969366,0.012331219999999803
9,1cb5bf2dd71d58078d29,2,200,binary,0.8,superiority_power,first_factor,unadjusted,refined_CRT_data,1,4999,100,1.378886374994181,1.3788529999999923,0.01378886374994181,0.013788529999999924
9,1cb5bf2dd71d58078d29,2,200,binary,0.8,superiority_power,first_factor,unadjusted,RT,2,4999,100,1.2664054999768268,1.2663900000000012,0.01266405499976827,0.012663900000000013
9,1cb5bf2dd71d58078d29,2,200,binary,0.8,superiority_power,first_factor,unadjusted,original_S_normal,2,4999,88300,1.000643792009214,1.0005889999999908,1.1332319275302537e-05,1.1331698754246781e-05
9,1cb5bf2dd71d58078d29,2,200,binary,0.8,superiority_power,first_factor,unadjusted,refined_S_normal,2,4999,26800,1.0021250830031931,1.00198400000005,3.739272697773109e-05,3.738746268656903e-05
9,1cb5bf2dd71d58078d29,2,200,binary,0.8,superiority_power,first_factor,unadjusted,original_R_normal,2,4999,23800,1.0006997500022408,1.0006970000000024,4.204620798328743e-05,4.204609243697489e-05
9,1cb5bf2dd71d58078d29,2,200,binary,0.8,superiority_power,first_factor,unadjusted,refined_R_normal,2,4999,14600,1.0053438750037458,1.0052990000000364,6.885916952080451e-05,6.885609589041345e-05
9,1cb5bf2dd71d58078d29,2,200,binary,0.8,superiority_power,first_factor,unadjusted,original_CRT_data,2,4999,100,1.277597499982221,1.2775570000000016,0.01277597499982221,0.012775570000000016
9,1cb5bf2dd71d58078d29,2,200,binary,0.8,superiority_power,first_factor,unadjusted,refined_CRT_data,2,4999,100,1.4039089999860153,1.403759999999977,0.014039089999860152,0.01403759999999977
9,1cb5bf2dd71d58078d29,2,200,binary,0.8,superiority_power,first_factor,unadjusted,score_preparation,2,4999,32400,1.002826958982041,1.0027109999999766,3.095144935129757e-05,3.094787037036965e-05
9,1cb5bf2dd71d58078d29,2,200,binary,0.8,superiority_power,first_factor,unadjusted,original_S_normal,3,4999,87100,1.0010417079902254,1.0010300000000143,1.1493016165214988e-05,1.1492881745120716e-05
9,1cb5bf2dd71d58078d29,2,200,binary,0.8,superiority_power,first_factor,unadjusted,refined_S_normal,3,4999,26900,1.0019541670044418,1.0019320000000107,3.72473668031391e-05,3.7246542750929766e-05
9,1cb5bf2dd71d58078d29,2,200,binary,0.8,superiority_power,first_factor,unadjusted,original_R_normal,3,4999,24100,1.004075707984157,1.004069999999956,4.166289244747539e-05,4.1662655601657925e-05
9,1cb5bf2dd71d58078d29,2,200,binary,0.8,superiority_power,first_factor,unadjusted,refined_R_normal,3,4999,14600,1.0027490420034155,1.0026569999999992,6.868144123311065e-05,6.867513698630132e-05
9,1cb5bf2dd71d58078d29,2,200,binary,0.8,superiority_power,first_factor,unadjusted,original_CRT_data,3,4999,100,1.233483874995727,1.2332759999999894,0.01233483874995727,0.012332759999999894
9,1cb5bf2dd71d58078d29,2,200,binary,0.8,superiority_power,first_factor,unadjusted,refined_CRT_data,3,4999,100,1.2344613329914864,1.2343250000000126,0.012344613329914864,0.012343250000000125
9,1cb5bf2dd71d58078d29,2,200,binary,0.8,superiority_power,first_factor,unadjusted,score_preparation,3,4999,35000,1.0008453329792246,1.0008229999999685,2.859558094226356e-05,2.8594942857141958e-05
9,1cb5bf2dd71d58078d29,2,200,binary,0.8,superiority_power,first_factor,unadjusted,RT,3,4999,100,1.2282614160212688,1.2281919999999786,0.012282614160212688,0.012281919999999787
9,1cb5bf2dd71d58078d29,2,200,binary,0.8,superiority_power,first_factor,unadjusted,refined_S_normal,4,4999,26700,1.000667499989504,1.0004539999999906,3.747818352020614e-05,3.747018726591725e-05
9,1cb5bf2dd71d58078d29,2,200,binary,0.8,superiority_power,first_factor,unadjusted,original_R_normal,4,4999,23900,1.0035960420209449,1.003512999999998,4.1991466193344974e-05,4.1987991631799084e-05
9,1cb5bf2dd71d58078d29,2,200,binary,0.8,superiority_power,first_factor,unadjusted,refined_R_normal,4,4999,14500,1.0005068329919595,1.000487000000021,6.90004712408248e-05,6.899910344827731e-05
9,1cb5bf2dd71d58078d29,2,200,binary,0.8,superiority_power,first_factor,unadjusted,original_CRT_data,4,4999,100,1.3686106670065783,1.3685890000000427,0.013686106670065782,0.013685890000000428
9,1cb5bf2dd71d58078d29,2,200,binary,0.8,superiority_power,first_factor,unadjusted,refined_CRT_data,4,4999,100,1.2766658750188071,1.2765440000000012,0.012766658750188072,0.012765440000000012
9,1cb5bf2dd71d58078d29,2,200,binary,0.8,superiority_power,first_factor,unadjusted,score_preparation,4,4999,35200,1.0019036669982597,1.0016720000000419,2.8463172357905107e-05,2.8456590909092097e-05
9,1cb5bf2dd71d58078d29,2,200,binary,0.8,superiority_power,first_factor,unadjusted,RT,4,4999,100,1.2261364159930963,1.2260630000000106,0.012261364159930963,0.012260630000000106
9,1cb5bf2dd71d58078d29,2,200,binary,0.8,superiority_power,first_factor,unadjusted,original_S_normal,4,4999,89300,1.000216584012378,1.0001480000000242,1.1200633639556304e-05,1.1199865621500832e-05
9,1cb5bf2dd71d58078d29,2,200,binary,0.8,superiority_power,first_factor,unadjusted,original_R_normal,5,4999,24100,1.0022082919895183,1.002112000000011,4.1585406306619015e-05,4.15814107883822e-05
9,1cb5bf2dd71d58078d29,2,200,binary,0.8,superiority_power,first_factor,unadjusted,refined_R_normal,5,4999,13900,1.0076556669955608,1.0076559999999972,7.249321345291805e-05,7.249323741007174e-05
9,1cb5bf2dd71d58078d29,2,200,binary,0.8,superiority_power,first_factor,unadjusted,original_CRT_data,5,4999,100,1.4403355829999782,1.4400440000000003,0.014403355829999782,0.014400440000000004
9,1cb5bf2dd71d58078d29,2,200,binary,0.8,superiority_power,first_factor,unadjusted,refined_CRT_data,5,4999,100,1.3402364580251742,1.3401910000000044,0.013402364580251742,0.013401910000000043
9,1cb5bf2dd71d58078d29,2,200,binary,0.8,superiority_power,first_factor,unadjusted,score_preparation,5,4999,35000,1.0016752920055296,1.001564999999971,2.8619294057300846e-05,2.8616142857142028e-05
9,1cb5bf2dd71d58078d29,2,200,binary,0.8,superiority_power,first_factor,unadjusted,RT,5,4999,100,1.228900791000342,1.2289019999999482,0.01228900791000342,0.012289019999999483
9,1cb5bf2dd71d58078d29,2,200,binary,0.8,superiority_power,first_factor,unadjusted,original_S_normal,5,4999,88900,1.000185333978152,1.0000329999999735,1.1250678672420157e-05,1.1248965129358532e-05
9,1cb5bf2dd71d58078d29,2,200,binary,0.8,superiority_power,first_factor,unadjusted,refined_S_normal,5,4999,27000,1.0030399579845835,1.0030289999999695,3.714962807350309e-05,3.714922222222109e-05
9,1cb5bf2dd71d58078d29,2,200,binary,0.8,superiority_power,first_factor,adjusted,score_preparation,1,4999,21600,1.0013172919861972,1.00124500000004,4.635728203639802e-05,4.6353935185187036e-05
9,1cb5bf2dd71d58078d29,2,200,binary,0.8,superiority_power,first_factor,adjusted,RT,1,4999,100,1.227983500022674,1.2279570000000035,0.01227983500022674,0.012279570000000035
9,1cb5bf2dd71d58078d29,2,200,binary,0.8,superiority_power,first_factor,adjusted,original_S_normal,1,4999,88800,1.0009751670004334,1.000868999999966,1.1272242871626503e-05,1.1271047297296916e-05
9,1cb5bf2dd71d58078d29,2,200,binary,0.8,superiority_power,first_factor,adjusted,refined_S_normal,1,4999,26800,1.000132459012093,0.9999960000000101,3.731837533627213e-05,3.7313283582089926e-05
9,1cb5bf2dd71d58078d29,2,200,binary,0.8,superiority_power,first_factor,adjusted,original_R_normal,1,4999,24000,1.0017011660092976,1.0016959999999813,4.173754858372073e-05,4.173733333333255e-05
9,1cb5bf2dd71d58078d29,2,200,binary,0.8,superiority_power,first_factor,adjusted,refined_R_normal,1,4999,14600,1.0001458330079913,1.0001300000000128,6.85031392471227e-05,6.850205479452142e-05
9,1cb5bf2dd71d58078d29,2,200,binary,0.8,superiority_power,first_factor,adjusted,original_CRT_data,1,4999,100,1.233872374985367,1.2338530000000105,0.01233872374985367,0.012338530000000104
9,1cb5bf2dd71d58078d29,2,200,binary,0.8,superiority_power,first_factor,adjusted,refined_CRT_data,1,4999,100,1.421994124975754,1.4219789999999648,0.01421994124975754,0.014219789999999647
9,1cb5bf2dd71d58078d29,2,200,binary,0.8,superiority_power,first_factor,adjusted,RT,2,4999,100,1.227113583998289,1.2269279999999867,0.01227113583998289,0.012269279999999867
9,1cb5bf2dd71d58078d29,2,200,binary,0.8,superiority_power,first_factor,adjusted,original_S_normal,2,4999,88700,1.00108404099592,1.0010340000000042,1.1286178590709358e-05,1.128561443066521e-05
9,1cb5bf2dd71d58078d29,2,200,binary,0.8,superiority_power,first_factor,adjusted,refined_S_normal,2,4999,26900,1.0005213340045884,1.0004109999999855,3.719410163585831e-05,3.718999999999946e-05
9,1cb5bf2dd71d58078d29,2,200,binary,0.8,superiority_power,first_factor,adjusted,original_R_normal,2,4999,24300,1.00374566600658,1.003721999999982,4.1306406008501234e-05,4.130543209876469e-05
9,1cb5bf2dd71d58078d29,2,200,binary,0.8,superiority_power,first_factor,adjusted,refined_R_normal,2,4999,14700,1.0018653750012163,1.0018630000000144,6.815410714293989e-05,6.815394557823227e-05
9,1cb5bf2dd71d58078d29,2,200,binary,0.8,superiority_power,first_factor,adjusted,original_CRT_data,2,4999,100,1.4283020409930032,1.4280469999999923,0.014283020409930031,0.014280469999999924
9,1cb5bf2dd71d58078d29,2,200,binary,0.8,superiority_power,first_factor,adjusted,refined_CRT_data,2,4999,100,1.4549070409848355,1.454780000000028,0.014549070409848354,0.014547800000000279
9,1cb5bf2dd71d58078d29,2,200,binary,0.8,superiority_power,first_factor,adjusted,score_preparation,2,4999,20000,1.0026097090158146,1.0025620000000117,5.013048545079073e-05,5.012810000000059e-05
9,1cb5bf2dd71d58078d29,2,200,binary,0.8,superiority_power,first_factor,adjusted,original_S_normal,3,4999,88700,1.0004113329923712,1.000407999999993,1.1278594509496856e-05,1.1278556933483575e-05
9,1cb5bf2dd71d58078d29,2,200,binary,0.8,superiority_power,first_factor,adjusted,refined_S_normal,3,4999,26800,1.0033937089901883,1.0032170000000065,3.744006376829061e-05,3.743347014925397e-05
9,1cb5bf2dd71d58078d29,2,200,binary,0.8,superiority_power,first_factor,adjusted,original_R_normal,3,4999,24000,1.003979375003837,1.003957000000014,4.183247395849321e-05,4.183154166666725e-05
9,1cb5bf2dd71d58078d29,2,200,binary,0.8,superiority_power,first_factor,adjusted,refined_R_normal,3,4999,14600,1.0057104169973172,1.005691000000013,6.888427513680256e-05,6.888294520548034e-05
9,1cb5bf2dd71d58078d29,2,200,binary,0.8,superiority_power,first_factor,adjusted,original_CRT_data,3,4999,100,1.3357427500013728,1.3356089999999767,0.013357427500013728,0.013356089999999767
9,1cb5bf2dd71d58078d29,2,200,binary,0.8,superiority_power,first_factor,adjusted,refined_CRT_data,3,4999,100,1.4328982919978444,1.4327289999999948,0.014328982919978443,0.014327289999999947
9,1cb5bf2dd71d58078d29,2,200,binary,0.8,superiority_power,first_factor,adjusted,score_preparation,3,4999,18100,1.0040230420127045,1.004007999999999,5.5470886299044446e-05,5.5470055248618725e-05
9,1cb5bf2dd71d58078d29,2,200,binary,0.8,superiority_power,first_factor,adjusted,RT,3,4999,100,1.3541348330036271,1.3540649999999914,0.01354134833003627,0.013540649999999915
9,1cb5bf2dd71d58078d29,2,200,binary,0.8,superiority_power,first_factor,adjusted,refined_S_normal,4,4999,25500,1.0005535839882214,1.0004880000000185,3.9237395450518486e-05,3.923482352941249e-05
9,1cb5bf2dd71d58078d29,2,200,binary,0.8,superiority_power,first_factor,adjusted,original_R_normal,4,4999,24000,1.0014390419819392,1.0014229999999884,4.1726626749247465e-05,4.172595833333285e-05
9,1cb5bf2dd71d58078d29,2,200,binary,0.8,superiority_power,first_factor,adjusted,refined_R_normal,4,4999,14600,1.0052592499996535,1.0050400000000081,6.885337328764751e-05,6.883835616438413e-05
9,1cb5bf2dd71d58078d29,2,200,binary,0.8,superiority_power,first_factor,adjusted,original_CRT_data,4,4999,100,1.2287790830014274,1.2286939999999618,0.012287790830014274,0.012286939999999618
9,1cb5bf2dd71d58078d29,2,200,binary,0.8,superiority_power,first_factor,adjusted,refined_CRT_data,4,4999,100,1.23462124998332,1.2345750000000066,0.0123462124998332,0.012345750000000067
9,1cb5bf2dd71d58078d29,2,200,binary,0.8,superiority_power,first_factor,adjusted,score_preparation,4,4999,21700,1.0002403329999652,1.0002399999999625,4.6094024562210375e-05,4.6094009216588135e-05
9,1cb5bf2dd71d58078d29,2,200,binary,0.8,superiority_power,first_factor,adjusted,RT,4,4999,100,1.2266875420173164,1.226671999999951,0.012266875420173164,0.012266719999999509
9,1cb5bf2dd71d58078d29,2,200,binary,0.8,superiority_power,first_factor,adjusted,original_S_normal,4,4999,88900,1.0001939999929164,0.9999349999999936,1.1250776152901197e-05,1.1247862767154034e-05
9,1cb5bf2dd71d58078d29,2,200,binary,0.8,superiority_power,first_factor,adjusted,original_R_normal,5,4999,24000,1.0021351669856813,1.0020629999999642,4.175563195773672e-05,4.175262499999851e-05
9,1cb5bf2dd71d58078d29,2,200,binary,0.8,superiority_power,first_factor,adjusted,refined_R_normal,5,4999,14600,1.002981625002576,1.0029649999999606,6.869737157551891e-05,6.869623287670962e-05
9,1cb5bf2dd71d58078d29,2,200,binary,0.8,superiority_power,first_factor,adjusted,original_CRT_data,5,4999,100,1.2317706250178162,1.231759000000011,0.012317706250178162,0.012317590000000109
9,1cb5bf2dd71d58078d29,2,200,binary,0.8,superiority_power,first_factor,adjusted,refined_CRT_data,5,4999,100,1.235108749999199,1.2347950000000196,0.01235108749999199,0.012347950000000196
9,1cb5bf2dd71d58078d29,2,200,binary,0.8,superiority_power,first_factor,adjusted,score_preparation,5,4999,21700,1.003690125013236,1.0036550000000375,4.625300115268369e-05,4.6251382488480993e-05
9,1cb5bf2dd71d58078d29,2,200,binary,0.8,superiority_power,first_factor,adjusted,RT,5,4999,100,1.2279477079864591,1.2278860000000122,0.012279477079864591,0.012278860000000122
9,1cb5bf2dd71d58078d29,2,200,binary,0.8,superiority_power,first_factor,adjusted,original_S_normal,5,4999,88400,1.0003877919807564,1.0003419999999892,1.1316603981682765e-05,1.1316085972850556e-05
9,1cb5bf2dd71d58078d29,2,200,binary,0.8,superiority_power,first_factor,adjusted,refined_S_normal,5,4999,26900,1.003443208988756,1.0034440000000018,3.730272152374557e-05,3.7302750929368095e-05
16,41e8421f977f76d12275,5,400,continuous,0.8,superiority_null,first_factor,unadjusted,score_preparation,1,4999,33000,1.0028817909769714,1.0026170000000434,3.0390357302332468e-05,3.0382333333334647e-05
16,41e8421f977f76d12275,5,400,continuous,0.8,superiority_null,first_factor,unadjusted,RT,1,4999,100,3.1161053749965504,3.1159529999999904,0.031161053749965504,0.031159529999999904
16,41e8421f977f76d12275,5,400,continuous,0.8,superiority_null,first_factor,unadjusted,original_S_normal,1,4999,63100,1.0004014160076622,1.000380000000007,1.585422212373474e-05,1.5853882725832122e-05
16,41e8421f977f76d12275,5,400,continuous,0.8,superiority_null,first_factor,unadjusted,refined_S_normal,1,4999,17800,1.0006434580136556,1.0003879999999867,5.6215924607508744e-05,5.620157303370712e-05
16,41e8421f977f76d12275,5,400,continuous,0.8,superiority_null,first_factor,unadjusted,original_R_normal,1,4999,16700,1.0053607919835486,1.005110000000002,6.0201245028955e-05,6.01862275449103e-05
16,41e8421f977f76d12275,5,400,continuous,0.8,superiority_null,first_factor,unadjusted,refined_R_normal,1,4999,9700,1.0003793330106419,1.0003589999999463,0.0001031318900010971,0.00010312979381442745
16,41e8421f977f76d12275,5,400,continuous,0.8,superiority_null,first_factor,unadjusted,original_CRT_data,1,4999,100,2.686218166985782,2.686161000000027,0.026862181669857817,0.026861610000000268
16,41e8421f977f76d12275,5,400,continuous,0.8,superiority_null,first_factor,unadjusted,refined_CRT_data,1,4999,100,2.6940306249889545,2.693813000000034,0.026940306249889544,0.02693813000000034
16,41e8421f977f76d12275,5,400,continuous,0.8,superiority_null,first_factor,unadjusted,RT,2,4999,100,2.6796414999989793,2.6795849999999746,0.026796414999989793,0.026795849999999746
16,41e8421f977f76d12275,5,400,continuous,0.8,superiority_null,first_factor,unadjusted,original_S_normal,2,4999,62600,1.0015465409960598,1.0013420000000224,1.5999146022301273e-05,1.5995878594249558e-05
16,41e8421f977f76d12275,5,400,continuous,0.8,superiority_null,first_factor,unadjusted,refined_S_normal,2,4999,17900,1.0035537079966161,1.003534000000002,5.606445296070481e-05,5.606335195530737e-05
16,41e8421f977f76d12275,5,400,continuous,0.8,superiority_null,first_factor,unadjusted,original_R_normal,2,4999,16300,1.0048135409888346,1.004795999999999,6.164500251465242e-05,6.164392638036802e-05
16,41e8421f977f76d12275,5,400,continuous,0.8,superiority_null,first_factor,unadjusted,refined_R_normal,2,4999,9100,1.0008416250057053,1.0008250000000203,0.00010998259615447311,0.00010998076923077146
16,41e8421f977f76d12275,5,400,continuous,0.8,superiority_null,first_factor,unadjusted,original_CRT_data,2,4999,100,2.979061542020645,2.978529999999978,0.02979061542020645,0.02978529999999978
16,41e8421f977f76d12275,5,400,continuous,0.8,superiority_null,first_factor,unadjusted,refined_CRT_data,2,4999,100,2.6892549170006532,2.6892139999999927,0.02689254917000653,0.026892139999999926
16,41e8421f977f76d12275,5,400,continuous,0.8,superiority_null,first_factor,unadjusted,score_preparation,2,4999,33200,1.0029803329962306,1.0029409999999643,3.0210250993862366e-05,3.0209066265059166e-05
16,41e8421f977f76d12275,5,400,continuous,0.8,superiority_null,first_factor,unadjusted,original_S_normal,3,4999,62600,1.0013192920014262,1.0011420000000157,1.599551584666815e-05,1.5992683706070538e-05
16,41e8421f977f76d12275,5,400,continuous,0.8,superiority_null,first_factor,unadjusted,refined_S_normal,3,4999,17800,1.0012485420156736,1.0010800000000017,5.624991809076818e-05,5.624044943820234e-05
16,41e8421f977f76d12275,5,400,continuous,0.8,superiority_null,first_factor,unadjusted,original_R_normal,3,4999,16500,1.0024814170028549,1.001595000000009,6.075644951532454e-05,6.070272727272781e-05
16,41e8421f977f76d12275,5,400,continuous,0.8,superiority_null,first_factor,unadjusted,refined_R_normal,3,4999,9700,1.00251799999387,1.0025110000000268,0.00010335237113338867,0.00010335164948453884
16,41e8421f977f76d12275,5,400,continuous,0.8,superiority_null,first_factor,unadjusted,original_CRT_data,3,4999,100,2.68313916597981,2.682412999999997,0.0268313916597981,0.026824129999999967
16,41e8421f977f76d12275,5,400,continuous,0.8,superiority_null,first_factor,unadjusted,refined_CRT_data,3,4999,100,2.7262433749856427,2.724119999999971,0.027262433749856426,0.02724119999999971
16,41e8421f977f76d12275,5,400,continuous,0.8,superiority_null,first_factor,unadjusted,score_preparation,3,4999,31800,1.0022109579876997,1.0021659999999883,3.1516067861248414e-05,3.151465408804995e-05
16,41e8421f977f76d12275,5,400,continuous,0.8,superiority_null,first_factor,unadjusted,RT,3,4999,100,2.6727242910128552,2.670675000000017,0.026727242910128554,0.02670675000000017
16,41e8421f977f76d12275,5,400,continuous,0.8,superiority_null,first_factor,unadjusted,refined_S_normal,4,4999,17300,1.0022996659972705,0.9971659999999929,5.793639687845494e-05,5.763965317919034e-05
16,41e8421f977f76d12275,5,400,continuous,0.8,superiority_null,first_factor,unadjusted,original_R_normal,4,4999,16600,1.0039583329926245,1.0037290000000212,6.0479417650158105e-05,6.046560240963983e-05
16,41e8421f977f76d12275,5,400,continuous,0.8,superiority_null,first_factor,unadjusted,refined_R_normal,4,4999,9700,1.0083144579839427,1.0078289999999583,0.00010394994412205594,0.0001038998969072122
16,41e8421f977f76d12275,5,400,continuous,0.8,superiority_null,first_factor,unadjusted,original_CRT_data,4,4999,100,2.923570041981293,2.916831000000002,0.029235700419812927,0.02916831000000002
16,41e8421f977f76d12275,5,400,continuous,0.8,superiority_null,first_factor,unadjusted,refined_CRT_data,4,4999,100,2.699450959014939,2.6973750000000223,0.02699450959014939,0.026973750000000223
16,41e8421f977f76d12275,5,400,continuous,0.8,superiority_null,first_factor,unadjusted,score_preparation,4,4999,32800,1.0013447079982143,1.0006989999999973,3.052880207311629e-05,3.0509115853658456e-05
16,41e8421f977f76d12275,5,400,continuous,0.8,superiority_null,first_factor,unadjusted,RT,4,4999,100,2.6791913750057574,2.675967000000014,0.026791913750057576,0.02675967000000014
16,41e8421f977f76d12275,5,400,continuous,0.8,superiority_null,first_factor,unadjusted,original_S_normal,4,4999,61900,1.0010988749854732,1.0005590000000097,1.617284127601734e-05,1.616411954765767e-05
16,41e8421f977f76d12275,5,400,continuous,0.8,superiority_null,first_factor,unadjusted,original_R_normal,5,4999,16600,1.0055611249990761,1.005139999999983,6.0575971385486515e-05,6.0550602409637535e-05
16,41e8421f977f76d12275,5,400,continuous,0.8,superiority_null,first_factor,unadjusted,refined_R_normal,5,4999,9600,1.00590116600506,1.0050709999999867,0.00010478137145886043,0.00010469489583333195
16,41e8421f977f76d12275,5,400,continuous,0.8,superiority_null,first_factor,unadjusted,original_CRT_data,5,4999,100,2.6724795420013834,2.670447000000024,0.026724795420013835,0.026704470000000244
16,41e8421f977f76d12275,5,400,continuous,0.8,superiority_null,first_factor,unadjusted,refined_CRT_data,5,4999,100,2.7573357080109417,2.7554779999999823,0.02757335708010942,0.027554779999999824
16,41e8421f977f76d12275,5,400,continuous,0.8,superiority_null,first_factor,unadjusted,score_preparation,5,4999,32800,1.0032085830171127,1.0028120000000058,3.058562753100953e-05,3.057353658536603e-05
16,41e8421f977f76d12275,5,400,continuous,0.8,superiority_null,first_factor,unadjusted,RT,5,4999,100,2.6671081249951385,2.6648170000000277,0.026671081249951385,0.026648170000000276
16,41e8421f977f76d12275,5,400,continuous,0.8,superiority_null,first_factor,unadjusted,original_S_normal,5,4999,62000,1.0006770839972887,0.9999380000000428,1.6139952967698205e-05,1.6128032258065206e-05
16,41e8421f977f76d12275,5,400,continuous,0.8,superiority_null,first_factor,unadjusted,refined_S_normal,5,4999,16900,1.0005850410088897,0.9997470000000135,5.9206215444313e-05,5.915662721893571e-05
16,41e8421f977f76d12275,5,400,continuous,0.8,superiority_null,first_factor,adjusted,score_preparation,1,4999,14100,1.004450624983292,1.0041519999999764,7.123763297753845e-05,7.121645390070755e-05
16,41e8421f977f76d12275,5,400,continuous,0.8,superiority_null,first_factor,adjusted,RT,1,4999,100,2.748506083007669,2.744530999999995,0.02748506083007669,0.02744530999999995
16,41e8421f977f76d12275,5,400,continuous,0.8,superiority_null,first_factor,adjusted,original_S_normal,1,4999,62500,1.0013667909952346,1.0012029999999754,1.6021868655923753e-05,1.6019247999999606e-05
16,41e8421f977f76d12275,5,400,continuous,0.8,superiority_null,first_factor,adjusted,refined_S_normal,1,4999,17800,1.0039846250147093,1.0038599999999747,5.6403630618803896e-05,5.639662921348172e-05
16,41e8421f977f76d12275,5,400,continuous,0.8,superiority_null,first_factor,adjusted,original_R_normal,1,4999,16700,1.0048860830138437,1.00482999999997,6.0172819342146334e-05,6.016946107784251e-05
16,41e8421f977f76d12275,5,400,continuous,0.8,superiority_null,first_factor,adjusted,refined_R_normal,1,4999,9600,1.0018260420183651,1.0016390000000115,0.00010435687937691303,0.00010433739583333454
16,41e8421f977f76d12275,5,400,continuous,0.8,superiority_null,first_factor,adjusted,original_CRT_data,1,4999,100,2.688940874999389,2.688715000000002,0.02688940874999389,0.02688715000000002
16,41e8421f977f76d12275,5,400,continuous,0.8,superiority_null,first_factor,adjusted,refined_CRT_data,1,4999,100,2.6872558330069296,2.687217999999973,0.026872558330069296,0.026872179999999732
16,41e8421f977f76d12275,5,400,continuous,0.8,superiority_null,first_factor,adjusted,RT,2,4999,100,2.778471166995587,2.7779219999999896,0.02778471166995587,0.027779219999999896
16,41e8421f977f76d12275,5,400,continuous,0.8,superiority_null,first_factor,adjusted,original_S_normal,2,4999,62300,1.00050429199473,1.0001960000000167,1.605945894052536e-05,1.6054510433387105e-05
16,41e8421f977f76d12275,5,400,continuous,0.8,superiority_null,first_factor,adjusted,refined_S_normal,2,4999,17600,1.0015467500197701,1.0007399999999507,5.690606534203239e-05,5.686022727272447e-05
16,41e8421f977f76d12275,5,400,continuous,0.8,superiority_null,first_factor,adjusted,original_R_normal,2,4999,16400,1.0020463750115596,1.0012050000000272,6.110038872021705e-05,6.104908536585531e-05
16,41e8421f977f76d12275,5,400,continuous,0.8,superiority_null,first_factor,adjusted,refined_R_normal,2,4999,9700,1.0088214580027852,1.0087700000000268,0.00010400221216523559,0.00010399690721649762
16,41e8421f977f76d12275,5,400,continuous,0.8,superiority_null,first_factor,adjusted,original_CRT_data,2,4999,100,2.7535917090135626,2.7533180000000357,0.027535917090135628,0.027533180000000358
16,41e8421f977f76d12275,5,400,continuous,0.8,superiority_null,first_factor,adjusted,refined_CRT_data,2,4999,100,3.091945250023855,3.0910310000000436,0.03091945250023855,0.030910310000000437
16,41e8421f977f76d12275,5,400,continuous,0.8,superiority_null,first_factor,adjusted,score_preparation,2,4999,15800,1.0020002499804832,1.0019490000000246,6.341773734053691e-05,6.341449367088763e-05
16,41e8421f977f76d12275,5,400,continuous,0.8,superiority_null,first_factor,adjusted,original_S_normal,3,4999,63300,1.0010276249959134,1.0010280000000193,1.581402251178378e-05,1.5814028436019264e-05
16,41e8421f977f76d12275,5,400,continuous,0.8,superiority_null,first_factor,adjusted,refined_S_normal,3,4999,17900,1.0043822080187965,1.0042080000000055,5.6110737878145056e-05,5.6101005586592485e-05
16,41e8421f977f76d12275,5,400,continuous,0.8,superiority_null,first_factor,adjusted,original_R_normal,3,4999,16700,1.00524250001763,1.004905000000008,6.0194161677702395e-05,6.017395209580886e-05
16,41e8421f977f76d12275,5,400,continuous,0.8,superiority_null,first_factor,adjusted,refined_R_normal,3,4999,9800,1.0094657090085093,1.0094510000000128,0.0001030067050008683,0.00010300520408163395
16,41e8421f977f76d12275,5,400,continuous,0.8,superiority_null,first_factor,adjusted,original_CRT_data,3,4999,100,3.0045352919842117,3.002654000000007,0.030045352919842117,0.030026540000000067
16,41e8421f977f76d12275,5,400,continuous,0.8,superiority_null,first_factor,adjusted,refined_CRT_data,3,4999,100,2.8655670000007376,2.865493000000015,0.028655670000007377,0.028654930000000148
16,41e8421f977f76d12275,5,400,continuous,0.8,superiority_null,first_factor,adjusted,score_preparation,3,4999,15900,1.0047860420017969,1.0046959999999672,6.319409069193692e-05,6.318842767295391e-05
16,41e8421f977f76d12275,5,400,continuous,0.8,superiority_null,first_factor,adjusted,RT,3,4999,100,2.67794395799865,2.677872999999977,0.026779439579986502,0.026778729999999768
16,41e8421f977f76d12275,5,400,continuous,0.8,superiority_null,first_factor,adjusted,refined_S_normal,4,4999,18000,1.0039997919811867,1.0039820000000077,5.577776622117704e-05,5.577677777777821e-05
16,41e8421f977f76d12275,5,400,continuous,0.8,superiority_null,first_factor,adjusted,original_R_normal,4,4999,16700,1.005403125018347,1.0052560000000312,6.0203779941218387e-05,6.019497005988211e-05
16,41e8421f977f76d12275,5,400,continuous,0.8,superiority_null,first_factor,adjusted,refined_R_normal,4,4999,9700,1.0059368750080466,1.005143999999973,0.00010370483247505636,0.00010362309278350236
16,41e8421f977f76d12275,5,400,continuous,0.8,superiority_null,first_factor,adjusted,original_CRT_data,4,4999,100,2.685697374981828,2.6851479999999697,0.02685697374981828,0.026851479999999695
16,41e8421f977f76d12275,5,400,continuous,0.8,superiority_null,first_factor,adjusted,refined_CRT_data,4,4999,100,2.6916469580028206,2.691410000000019,0.026916469580028204,0.02691410000000019
16,41e8421f977f76d12275,5,400,continuous,0.8,superiority_null,first_factor,adjusted,score_preparation,4,4999,15900,1.0053059170022607,1.0050389999999538,6.322678723284659e-05,6.32099999999971e-05
16,41e8421f977f76d12275,5,400,continuous,0.8,superiority_null,first_factor,adjusted,RT,4,4999,100,2.675776791991666,2.6754659999999717,0.02675776791991666,0.02675465999999972
16,41e8421f977f76d12275,5,400,continuous,0.8,superiority_null,first_factor,adjusted,original_S_normal,4,4999,63700,1.000314792006975,1.0002379999999675,1.5703528916906985e-05,1.570232339089431e-05
16,41e8421f977f76d12275,5,400,continuous,0.8,superiority_null,first_factor,adjusted,original_R_normal,5,4999,16800,1.0001254579983652,1.000091999999995,5.953127726180745e-05,5.952928571428542e-05
16,41e8421f977f76d12275,5,400,continuous,0.8,superiority_null,first_factor,adjusted,refined_R_normal,5,4999,9400,1.0039237079909071,1.003926999999976,0.00010680039446711778,0.00010680074468084851
16,41e8421f977f76d12275,5,400,continuous,0.8,superiority_null,first_factor,adjusted,original_CRT_data,5,4999,100,3.0362027499941178,3.0358909999999923,0.03036202749994118,0.030358909999999923
16,41e8421f977f76d12275,5,400,continuous,0.8,superiority_null,first_factor,adjusted,refined_CRT_data,5,4999,100,2.704776333994232,2.7046430000000328,0.02704776333994232,0.02704643000000033
16,41e8421f977f76d12275,5,400,continuous,0.8,superiority_null,first_factor,adjusted,score_preparation,5,4999,15800,1.0022009579988662,1.0019720000000234,6.343044037967508e-05,6.341594936709008e-05
16,41e8421f977f76d12275,5,400,continuous,0.8,superiority_null,first_factor,adjusted,RT,5,4999,100,2.676319374993909,2.6759239999999522,0.02676319374993909,0.02675923999999952
16,41e8421f977f76d12275,5,400,continuous,0.8,superiority_null,first_factor,adjusted,original_S_normal,5,4999,62900,1.001450083014788,1.0012030000000323,1.5921304976387727e-05,1.591737678855377e-05
16,41e8421f977f76d12275,5,400,continuous,0.8,superiority_null,first_factor,adjusted,refined_S_normal,5,4999,17800,1.0033514579990879,1.0032759999999712,5.6368059438151e-05,5.636382022471748e-05
17,d672af341ef2a71c6cca,5,400,continuous,0.8,superiority_power,first_factor,unadjusted,score_preparation,1,4999,33100,1.0021992080146447,1.0019619999999918,3.0277921692285338e-05,3.0270755287008815e-05
17,d672af341ef2a71c6cca,5,400,continuous,0.8,superiority_power,first_factor,unadjusted,RT,1,4999,100,2.6790346250054426,2.6789339999999697,0.026790346250054428,0.026789339999999696
17,d672af341ef2a71c6cca,5,400,continuous,0.8,superiority_power,first_factor,unadjusted,original_S_normal,1,4999,62800,1.0004141250101384,1.0004149999999754,1.593016122627609e-05,1.5930175159235276e-05
17,d672af341ef2a71c6cca,5,400,continuous,0.8,superiority_power,first_factor,unadjusted,refined_S_normal,1,4999,17100,1.003184750006767,1.0031169999999747,5.86657748541969e-05,5.8661812865495596e-05
17,d672af341ef2a71c6cca,5,400,continuous,0.8,superiority_power,first_factor,unadjusted,original_R_normal,1,4999,16000,1.002226124983281,1.0022270000000049,6.263913281145505e-05,6.26391875000003e-05
17,d672af341ef2a71c6cca,5,400,continuous,0.8,superiority_power,first_factor,unadjusted,refined_R_normal,1,4999,9800,1.0010431249975227,1.001043999999979,0.00010214725765280844,0.00010214734693877336
17,d672af341ef2a71c6cca,5,400,continuous,0.8,superiority_power,first_factor,unadjusted,original_CRT_data,1,4999,100,2.7518852910143323,2.7500559999999723,0.02751885291014332,0.027500559999999723
17,d672af341ef2a71c6cca,5,400,continuous,0.8,superiority_power,first_factor,unadjusted,refined_CRT_data,1,4999,100,2.6351243749959394,2.633928000000026,0.026351243749959393,0.026339280000000256
17,d672af341ef2a71c6cca,5,400,continuous,0.8,superiority_power,first_factor,unadjusted,RT,2,4999,100,2.6274099579895847,2.6273290000000316,0.026274099579895845,0.026273290000000317
17,d672af341ef2a71c6cca,5,400,continuous,0.8,superiority_power,first_factor,unadjusted,original_S_normal,2,4999,61700,1.000911167007871,1.0008080000000064,1.6222223128166468e-05,1.6220551053484707e-05
17,d672af341ef2a71c6cca,5,400,continuous,0.8,superiority_power,first_factor,unadjusted,refined_S_normal,2,4999,18000,1.0030395830108318,1.0028709999999137,5.572442127837955e-05,5.571505555555076e-05
17,d672af341ef2a71c6cca,5,400,continuous,0.8,superiority_power,first_factor,unadjusted,original_R_normal,2,4999,15800,1.0049805830058176,1.0049769999999398,6.360636601302643e-05,6.360613924050252e-05
17,d672af341ef2a71c6cca,5,400,continuous,0.8,superiority_power,first_factor,unadjusted,refined_R_normal,2,4999,10300,1.0027189170068596,1.0026790000000574,9.735135116571452e-05,9.734747572816091e-05
17,d672af341ef2a71c6cca,5,400,continuous,0.8,superiority_power,first_factor,unadjusted,original_CRT_data,2,4999,100,2.7412251670029946,2.7398990000000367,0.027412251670029947,0.027398990000000366
17,d672af341ef2a71c6cca,5,400,continuous,0.8,superiority_power,first_factor,unadjusted,refined_CRT_data,2,4999,100,2.674868417001562,2.674859999999967,0.02674868417001562,0.026748599999999668
17,d672af341ef2a71c6cca,5,400,continuous,0.8,superiority_power,first_factor,unadjusted,score_preparation,2,4999,34100,1.0015306250134017,1.0015349999999899,2.9370399560510314e-05,2.937052785923724e-05
17,d672af341ef2a71c6cca,5,400,continuous,0.8,superiority_power,first_factor,unadjusted,original_S_normal,3,4999,64500,1.0013924579834566,1.00133900000003,1.5525464464859793e-05,1.5524635658915193e-05
17,d672af341ef2a71c6cca,5,400,continuous,0.8,superiority_power,first_factor,unadjusted,refined_S_normal,3,4999,17500,1.0031292499916162,1.0031300000000556,5.732167142809235e-05,5.732171428571746e-05
17,d672af341ef2a71c6cca,5,400,continuous,0.8,superiority_power,first_factor,unadjusted,original_R_normal,3,4999,16400,1.0035090419987682,1.0035020000000259,6.118957573163221e-05,6.118914634146499e-05
17,d672af341ef2a71c6cca,5,400,continuous,0.8,superiority_power,first_factor,unadjusted,refined_R_normal,3,4999,9700,1.0024325830163434,1.0024220000000241,0.00010334356525941685,0.00010334247422680661
17,d672af341ef2a71c6cca,5,400,continuous,0.8,superiority_power,first_factor,unadjusted,original_CRT_data,3,4999,100,2.8094687499979045,2.809455000000071,0.028094687499979044,0.028094550000000707
17,d672af341ef2a71c6cca,5,400,continuous,0.8,superiority_power,first_factor,unadjusted,refined_CRT_data,3,4999,100,2.629248416982591,2.6291949999999815,0.02629248416982591,0.026291949999999814
17,d672af341ef2a71c6cca,5,400,continuous,0.8,superiority_power,first_factor,unadjusted,score_preparation,3,4999,33700,1.0011570420174394,1.0011429999999564,2.970792409547298e-05,2.970750741839633e-05
17,d672af341ef2a71c6cca,5,400,continuous,0.8,superiority_power,first_factor,unadjusted,RT,3,4999,100,2.6228190420079045,2.6227800000000343,0.026228190420079046,0.026227800000000343
17,d672af341ef2a71c6cca,5,400,continuous,0.8,superiority_power,first_factor,unadjusted,refined_S_normal,4,4999,18500,1.0041151659970637,1.004118999999946,5.427649545930074e-05,5.427670270269979e-05
17,d672af341ef2a71c6cca,5,400,continuous,0.8,superiority_power,first_factor,unadjusted,original_R_normal,4,4999,16400,1.000489958008984,1.0004769999999326,6.100548524445025e-05,6.1004695121947105e-05
17,d672af341ef2a71c6cca,5,400,continuous,0.8,superiority_power,first_factor,unadjusted,refined_R_normal,4,4999,10100,1.0065875000145752,1.0065589999999247,9.966212871431438e-05,9.965930693068561e-05
17,d672af341ef2a71c6cca,5,400,continuous,0.8,superiority_power,first_factor,unadjusted,original_CRT_data,4,4999,100,2.7077519170125015,2.707736000000068,0.027077519170125016,0.02707736000000068
17,d672af341ef2a71c6cca,5,400,continuous,0.8,superiority_power,first_factor,unadjusted,refined_CRT_data,4,4999,100,2.7139769999776036,2.7139610000000403,0.027139769999776034,0.027139610000000404
17,d672af341ef2a71c6cca,5,400,continuous,0.8,superiority_power,first_factor,unadjusted,score_preparation,4,4999,34200,1.002324375003809,1.0023190000000568,2.930773026326927e-05,2.9307573099416867e-05
17,d672af341ef2a71c6cca,5,400,continuous,0.8,superiority_power,first_factor,unadjusted,RT,4,4999,100,2.6207111249968875,2.620674000000008,0.026207111249968874,0.026206740000000082
17,d672af341ef2a71c6cca,5,400,continuous,0.8,superiority_power,first_factor,unadjusted,original_S_normal,4,4999,61900,1.0009872919763438,1.0009890000000041,1.617103864259037e-05,1.6171066235864363e-05
17,d672af341ef2a71c6cca,5,400,continuous,0.8,superiority_power,first_factor,unadjusted,original_R_normal,5,4999,16500,1.000355916999979,1.0003339999999525,6.0627631333332056e-05,6.062630303030015e-05
17,d672af341ef2a71c6cca,5,400,continuous,0.8,superiority_power,first_factor,unadjusted,refined_R_normal,5,4999,9900,1.0014159159909468,1.001416000000063,0.00010115312282736836,0.00010115313131313766
17,d672af341ef2a71c6cca,5,400,continuous,0.8,superiority_power,first_factor,unadjusted,original_CRT_data,5,4999,100,2.630902042001253,2.630845000000022,0.02630902042001253,0.02630845000000022
17,d672af341ef2a71c6cca,5,400,continuous,0.8,superiority_power,first_factor,unadjusted,refined_CRT_data,5,4999,100,2.636720457987394,2.636633999999958,0.026367204579873942,0.026366339999999582
17,d672af341ef2a71c6cca,5,400,continuous,0.8,superiority_power,first_factor,unadjusted,score_preparation,5,4999,33800,1.0013560840161517,1.0013569999999845,2.9625919645448276e-05,2.9625946745561673e-05
17,d672af341ef2a71c6cca,5,400,continuous,0.8,superiority_power,first_factor,unadjusted,RT,5,4999,100,2.6217604169796687,2.6216660000000047,0.026217604169796686,0.026216660000000048
17,d672af341ef2a71c6cca,5,400,continuous,0.8,superiority_power,first_factor,unadjusted,original_S_normal,5,4999,63700,1.00116662500659,1.0011670000000095,1.5716901491469232e-05,1.57169073783361e-05
17,d672af341ef2a71c6cca,5,400,continuous,0.8,superiority_power,first_factor,unadjusted,refined_S_normal,5,4999,17300,1.005653833010001,1.0056319999999914,5.813027936473995e-05,5.8129017341039966e-05
17,d672af341ef2a71c6cca,5,400,continuous,0.8,superiority_power,first_factor,adjusted,score_preparation,1,4999,16400,1.0039437079976778,1.0039449999999306,6.121607975595597e-05,6.121615853658114e-05
17,d672af341ef2a71c6cca,5,400,continuous,0.8,superiority_power,first_factor,adjusted,RT,1,4999,100,2.803627167013474,2.8035899999999856,0.028036271670134737,0.028035899999999857
17,d672af341ef2a71c6cca,5,400,continuous,0.8,superiority_power,first_factor,adjusted,original_S_normal,1,4999,62100,1.000012082979083,1.0000120000000834,1.6103254154252546e-05,1.610325281803677e-05
17,d672af341ef2a71c6cca,5,400,continuous,0.8,superiority_power,first_factor,adjusted,refined_S_normal,1,4999,17200,1.0052015410037711,1.0052049999999326,5.8441950058358785e-05,5.844215116278678e-05
17,d672af341ef2a71c6cca,5,400,continuous,0.8,superiority_power,first_factor,adjusted,original_R_normal,1,4999,15900,1.003870165994158,1.0038700000000063,6.313648842730553e-05,6.313647798742178e-05
17,d672af341ef2a71c6cca,5,400,continuous,0.8,superiority_power,first_factor,adjusted,refined_R_normal,1,4999,10300,1.0016581249947194,1.0016369999999597,9.724836164997276e-05,9.724631067960774e-05
17,d672af341ef2a71c6cca,5,400,continuous,0.8,superiority_power,first_factor,adjusted,original_CRT_data,1,4999,100,2.9394186659774277,2.939371000000051,0.029394186659774276,0.02939371000000051
17,d672af341ef2a71c6cca,5,400,continuous,0.8,superiority_power,first_factor,adjusted,refined_CRT_data,1,4999,100,2.75943887498579,2.759425999999962,0.0275943887498579,0.02759425999999962
17,d672af341ef2a71c6cca,5,400,continuous,0.8,superiority_power,first_factor,adjusted,RT,2,4999,100,2.618626250012312,2.618571999999972,0.026186262500123122,0.026185719999999718
17,d672af341ef2a71c6cca,5,400,continuous,0.8,superiority_power,first_factor,adjusted,original_S_normal,2,4999,65000,1.0010496670147404,1.00104900000008,1.5400764107919084e-05,1.5400753846155077e-05
17,d672af341ef2a71c6cca,5,400,continuous,0.8,superiority_power,first_factor,adjusted,refined_S_normal,2,4999,17600,1.005649499973515,1.005649999999946,5.713917613485881e-05,5.7139204545451475e-05
17,d672af341ef2a71c6cca,5,400,continuous,0.8,superiority_power,first_factor,adjusted,original_R_normal,2,4999,15600,1.0039460830157623,1.003898999999933,6.435551814203605e-05,6.435249999999571e-05
17,d672af341ef2a71c6cca,5,400,continuous,0.8,superiority_power,first_factor,adjusted,refined_R_normal,2,4999,9700,1.0075005829858128,1.0075010000000475,0.00010386603948307348,0.0001038660824742317
17,d672af341ef2a71c6cca,5,400,continuous,0.8,superiority_power,first_factor,adjusted,original_CRT_data,2,4999,100,2.7892605420202017,2.7892460000000483,0.027892605420202016,0.027892460000000483
17,d672af341ef2a71c6cca,5,400,continuous,0.8,superiority_power,first_factor,adjusted,refined_CRT_data,2,4999,100,2.6384833340125624,2.6384820000000673,0.026384833340125625,0.026384820000000673
17,d672af341ef2a71c6cca,5,400,continuous,0.8,superiority_power,first_factor,adjusted,score_preparation,2,4999,16300,1.0017788329860196,1.0017830000000458,6.145882410957176e-05,6.145907975460404e-05
17,d672af341ef2a71c6cca,5,400,continuous,0.8,superiority_power,first_factor,adjusted,original_S_normal,3,4999,64200,1.0006067090143915,1.0006069999999454,1.5585774283713263e-05,1.5585778816198528e-05
17,d672af341ef2a71c6cca,5,400,continuous,0.8,superiority_power,first_factor,adjusted,refined_S_normal,3,4999,17300,1.0004185419820715,1.0004189999999653,5.7827661386246904e-05,5.7827687861269673e-05
17,d672af341ef2a71c6cca,5,400,continuous,0.8,superiority_power,first_factor,adjusted,original_R_normal,3,4999,16200,1.0008287910022773,1.0007839999999533,6.177955500014058e-05,6.17767901234539e-05
17,d672af341ef2a71c6cca,5,400,continuous,0.8,superiority_power,first_factor,adjusted,refined_R_normal,3,4999,10300,1.003374083986273,1.0033559999999397,9.741495961031778e-05,9.74132038834893e-05
17,d672af341ef2a71c6cca,5,400,continuous,0.8,superiority_power,first_factor,adjusted,original_CRT_data,3,4999,100,2.6282868749985937,2.628274999999917,0.026282868749985935,0.026282749999999168
17,d672af341ef2a71c6cca,5,400,continuous,0.8,superiority_power,first_factor,adjusted,refined_CRT_data,3,4999,100,2.636897582997335,2.6368159999999534,0.02636897582997335,0.026368159999999533
17,d672af341ef2a71c6cca,5,400,continuous,0.8,superiority_power,first_factor,adjusted,score_preparation,3,4999,16200,1.0007469579868484,0.9974740000000111,6.177450357943509e-05,6.157246913580315e-05
17,d672af341ef2a71c6cca,5,400,continuous,0.8,superiority_power,first_factor,adjusted,RT,3,4999,100,2.611459916981403,2.6042609999999513,0.026114599169814026,0.02604260999999951
17,d672af341ef2a71c6cca,5,400,continuous,0.8,superiority_power,first_factor,adjusted,refined_S_normal,4,4999,16800,1.0018928329809569,0.9905039999999872,5.963647815362839e-05,5.895857142857067e-05
17,d672af341ef2a71c6cca,5,400,continuous,0.8,superiority_power,first_factor,adjusted,original_R_normal,4,4999,15200,1.0039341669762507,0.9922460000000228,6.604830045896386e-05,6.527934210526466e-05
17,d672af341ef2a71c6cca,5,400,continuous,0.8,superiority_power,first_factor,adjusted,refined_R_normal,4,4999,9500,1.00403854198521,0.9995949999999993,0.00010568826757739052,0.0001052205263157894
17,d672af341ef2a71c6cca,5,400,continuous,0.8,superiority_power,first_factor,adjusted,original_CRT_data,4,4999,100,2.7949549590121023,2.7824099999999135,0.027949549590121022,0.027824099999999134
17,d672af341ef2a71c6cca,5,400,continuous,0.8,superiority_power,first_factor,adjusted,refined_CRT_data,4,4999,100,2.5835334160074126,2.5608330000000024,0.025835334160074126,0.025608330000000023
17,d672af341ef2a71c6cca,5,400,continuous,0.8,superiority_power,first_factor,adjusted,score_preparation,4,4999,16400,1.004604042012943,1.0016349999999647,6.125634402517945e-05,6.107530487804663e-05
17,d672af341ef2a71c6cca,5,400,continuous,0.8,superiority_power,first_factor,adjusted,RT,4,4999,100,2.604100083990488,2.596580000000017,0.026041000839904883,0.02596580000000017
17,d672af341ef2a71c6cca,5,400,continuous,0.8,superiority_power,first_factor,adjusted,original_S_normal,4,4999,62400,1.0006031670200173,0.9952769999999873,1.603530716378233e-05,1.594995192307672e-05
17,d672af341ef2a71c6cca,5,400,continuous,0.8,superiority_power,first_factor,adjusted,original_R_normal,5,4999,16000,1.0001024999946821,0.9974409999999807,6.250640624966763e-05,6.234006249999879e-05
17,d672af341ef2a71c6cca,5,400,continuous,0.8,superiority_power,first_factor,adjusted,refined_R_normal,5,4999,9900,1.007477667008061,1.0074579999999287,0.00010176542090990514,0.00010176343434342715
17,d672af341ef2a71c6cca,5,400,continuous,0.8,superiority_power,first_factor,adjusted,original_CRT_data,5,4999,100,2.659374333015876,2.6592279999999846,0.026593743330158758,0.026592279999999847
17,d672af341ef2a71c6cca,5,400,continuous,0.8,superiority_power,first_factor,adjusted,refined_CRT_data,5,4999,100,3.023577500018291,3.014453000000003,0.030235775000182912,0.03014453000000003
17,d672af341ef2a71c6cca,5,400,continuous,0.8,superiority_power,first_factor,adjusted,score_preparation,5,4999,14600,1.0062887910171412,1.003665000000069,6.892388979569461e-05,6.874417808219651e-05
17,d672af341ef2a71c6cca,5,400,continuous,0.8,superiority_power,first_factor,adjusted,RT,5,4999,100,2.663948208995862,2.6633940000000393,0.02663948208995862,0.026633940000000394
17,d672af341ef2a71c6cca,5,400,continuous,0.8,superiority_power,first_factor,adjusted,original_S_normal,5,4999,61400,1.0003107909869868,0.9998970000000327,1.6291706693599134e-05,1.628496742671063e-05
17,d672af341ef2a71c6cca,5,400,continuous,0.8,superiority_power,first_factor,adjusted,refined_S_normal,5,4999,17500,1.0036880830011796,1.0035950000000184,5.735360474292455e-05,5.734828571428677e-05
24,61b43ba3388513f5fd5e,5,400,binary,0.8,superiority_null,first_factor,unadjusted,score_preparation,1,4999,33900,1.0023814169981051,1.0023569999999609,2.956877336277596e-05,2.9568053097343978e-05
24,61b43ba3388513f5fd5e,5,400,binary,0.8,superiority_null,first_factor,unadjusted,RT,1,4999,100,2.6190146250010002,2.6190070000000105,0.026190146250010003,0.026190070000000107
24,61b43ba3388513f5fd5e,5,400,binary,0.8,superiority_null,first_factor,unadjusted,original_S_normal,1,4999,62100,1.0007925840036478,1.0007929999999305,1.6115822608754393e-05,1.611582930756732e-05
24,61b43ba3388513f5fd5e,5,400,binary,0.8,superiority_null,first_factor,unadjusted,refined_S_normal,1,4999,17800,1.0009117079898715,1.0008880000000318,5.623099483089166e-05,5.62296629213501e-05
24,61b43ba3388513f5fd5e,5,400,binary,0.8,superiority_null,first_factor,unadjusted,original_R_normal,1,4999,16400,1.0023726670187898,1.0023619999999482,6.112028457431645e-05,6.11196341463383e-05
24,61b43ba3388513f5fd5e,5,400,binary,0.8,superiority_null,first_factor,unadjusted,refined_R_normal,1,4999,10000,1.0095514999993611,1.0095460000000003,0.00010095514999993611,0.00010095460000000002
24,61b43ba3388513f5fd5e,5,400,binary,0.8,superiority_null,first_factor,unadjusted,original_CRT_data,1,4999,100,2.7165218330046628,2.716502999999989,0.027165218330046627,0.02716502999999989
24,61b43ba3388513f5fd5e,5,400,binary,0.8,superiority_null,first_factor,unadjusted,refined_CRT_data,1,4999,100,2.6348714999912772,2.6347690000000057,0.026348714999912773,0.026347690000000056
24,61b43ba3388513f5fd5e,5,400,binary,0.8,superiority_null,first_factor,unadjusted,RT,2,4999,100,2.6170824589789845,2.6104120000001103,0.026170824589789844,0.026104120000001105
24,61b43ba3388513f5fd5e,5,400,binary,0.8,superiority_null,first_factor,unadjusted,original_S_normal,2,4999,62700,1.0007856669835746,1.0005840000000035,1.5961493891285083e-05,1.5958277511961777e-05
24,61b43ba3388513f5fd5e,5,400,binary,0.8,superiority_null,first_factor,unadjusted,refined_S_normal,2,4999,17300,1.0016721669817343,1.00124500000004,5.790012525905979e-05,5.7875433526013866e-05
24,61b43ba3388513f5fd5e,5,400,binary,0.8,superiority_null,first_factor,unadjusted,original_R_normal,2,4999,16100,1.002398374985205,1.001306999999997,6.226076863262144e-05,6.219298136645944e-05
24,61b43ba3388513f5fd5e,5,400,binary,0.8,superiority_null,first_factor,unadjusted,refined_R_normal,2,4999,9700,1.0094596670242026,1.008470999999986,0.0001040680069097116,0.00010396608247422535
24,61b43ba3388513f5fd5e,5,400,binary,0.8,superiority_null,first_factor,unadjusted,original_CRT_data,2,4999,100,2.6168387079960667,2.6160429999999906,0.026168387079960668,0.026160429999999905
24,61b43ba3388513f5fd5e,5,400,binary,0.8,superiority_null,first_factor,unadjusted,refined_CRT_data,2,4999,100,2.618580667010974,2.617689999999925,0.02618580667010974,0.02617689999999925
24,61b43ba3388513f5fd5e,5,400,binary,0.8,superiority_null,first_factor,unadjusted,score_preparation,2,4999,34200,1.0028120419883635,1.002695000000017,2.9321989531823495e-05,2.9318567251462487e-05
24,61b43ba3388513f5fd5e,5,400,binary,0.8,superiority_null,first_factor,unadjusted,original_S_normal,3,4999,61500,1.0012811250053346,0.9998600000000124,1.6280993902525765e-05,1.6257886178861992e-05
24,61b43ba3388513f5fd5e,5,400,binary,0.8,superiority_null,first_factor,unadjusted,refined_S_normal,3,4999,17700,1.0037875410052948,1.0037869999999884,5.671116050877372e-05,5.671112994350217e-05
24,61b43ba3388513f5fd5e,5,400,binary,0.8,superiority_null,first_factor,unadjusted,original_R_normal,3,4999,15800,1.0006701660167892,1.0005730000000312,6.333355481118919e-05,6.332740506329311e-05
24,61b43ba3388513f5fd5e,5,400,binary,0.8,superiority_null,first_factor,unadjusted,refined_R_normal,3,4999,10200,1.0001620830153115,0.9999840000000404,9.805510617797171e-05,9.80376470588275e-05
24,61b43ba3388513f5fd5e,5,400,binary,0.8,superiority_null,first_factor,unadjusted,original_CRT_data,3,4999,100,2.7148520420014393,2.7137179999999717,0.027148520420014394,0.027137179999999716
24,61b43ba3388513f5fd5e,5,400,binary,0.8,superiority_null,first_factor,unadjusted,refined_CRT_data,3,4999,100,2.6283437089878134,2.62833999999998,0.026283437089878136,0.0262833999999998
24,61b43ba3388513f5fd5e,5,400,binary,0.8,superiority_null,first_factor,unadjusted,score_preparation,3,4999,34700,1.0021082079911139,1.0020800000000918,2.8879199077553713e-05,2.887838616714962e-05
24,61b43ba3388513f5fd5e,5,400,binary,0.8,superiority_null,first_factor,unadjusted,RT,3,4999,100,2.783615499996813,2.7835320000000365,0.02783615499996813,0.027835320000000364
24,61b43ba3388513f5fd5e,5,400,binary,0.8,superiority_null,first_factor,unadjusted,refined_S_normal,4,4999,17300,1.0012097919825464,1.0011899999999514,5.787339838049401e-05,5.7872254335257306e-05
24,61b43ba3388513f5fd5e,5,400,binary,0.8,superiority_null,first_factor,unadjusted,original_R_normal,4,4999,16200,1.0020748329989146,1.0020700000000033,6.185647117277251e-05,6.185617283950638e-05
24,61b43ba3388513f5fd5e,5,400,binary,0.8,superiority_null,first_factor,unadjusted,refined_R_normal,4,4999,9900,1.0077324580051936,1.0077340000000277,0.00010179115737426198,0.00010179131313131592
24,61b43ba3388513f5fd5e,5,400,binary,0.8,superiority_null,first_factor,unadjusted,original_CRT_data,4,4999,100,2.6272915830195416,2.6268400000000156,0.026272915830195417,0.026268400000000157
24,61b43ba3388513f5fd5e,5,400,binary,0.8,superiority_null,first_factor,unadjusted,refined_CRT_data,4,4999,100,2.606310666014906,2.6050559999999905,0.02606310666014906,0.026050559999999903
24,61b43ba3388513f5fd5e,5,400,binary,0.8,superiority_null,first_factor,unadjusted,score_preparation,4,4999,33300,1.0000444579927716,1.0000079999999798,3.003136510488804e-05,3.0030270270269664e-05
24,61b43ba3388513f5fd5e,5,400,binary,0.8,superiority_null,first_factor,unadjusted,RT,4,4999,100,2.6298515000089537,2.629771000000005,0.026298515000089537,0.02629771000000005
24,61b43ba3388513f5fd5e,5,400,binary,0.8,superiority_null,first_factor,unadjusted,original_S_normal,4,4999,61700,1.0008726670057513,1.0001359999999977,1.6221599141098075e-05,1.6209659643435944e-05
24,61b43ba3388513f5fd5e,5,400,binary,0.8,superiority_null,first_factor,unadjusted,original_R_normal,5,4999,15900,1.001130041986471,1.0011319999999841,6.296415358405478e-05,6.296427672955874e-05
24,61b43ba3388513f5fd5e,5,400,binary,0.8,superiority_null,first_factor,unadjusted,refined_R_normal,5,4999,10000,1.0078520000097342,1.0078210000000354,0.00010078520000097342,0.00010078210000000354
24,61b43ba3388513f5fd5e,5,400,binary,0.8,superiority_null,first_factor,unadjusted,original_CRT_data,5,4999,100,2.7058821660175454,2.7056390000000192,0.027058821660175453,0.027056390000000194
24,61b43ba3388513f5fd5e,5,400,binary,0.8,superiority_null,first_factor,unadjusted,refined_CRT_data,5,4999,100,2.637964458001079,2.6379409999999552,0.02637964458001079,0.02637940999999955
24,61b43ba3388513f5fd5e,5,400,binary,0.8,superiority_null,first_factor,unadjusted,score_preparation,5,4999,33200,1.0022012910048943,1.0015500000000657,3.0186785873641396e-05,3.0167168674700774e-05
24,61b43ba3388513f5fd5e,5,400,binary,0.8,superiority_null,first_factor,unadjusted,RT,5,4999,100,3.1558828340203036,3.155040999999983,0.031558828340203036,0.03155040999999983
24,61b43ba3388513f5fd5e,5,400,binary,0.8,superiority_null,first_factor,unadjusted,original_S_normal,5,4999,62200,1.0010987499845214,1.0004199999999628,1.6094835208754363e-05,1.6083922829581396e-05
24,61b43ba3388513f5fd5e,5,400,binary,0.8,superiority_null,first_factor,unadjusted,refined_S_normal,5,4999,17500,1.0004244169977028,1.0004250000000638,5.716710954272587e-05,5.7167142857146506e-05
24,61b43ba3388513f5fd5e,5,400,binary,0.8,superiority_null,first_factor,adjusted,score_preparation,1,4999,16300,1.0005520000122488,1.0005439999999908,6.138355828296004e-05,6.138306748466202e-05
24,61b43ba3388513f5fd5e,5,400,binary,0.8,superiority_null,first_factor,adjusted,RT,1,4999,100,2.624924000003375,2.6248580000000175,0.02624924000003375,0.026248580000000174
24,61b43ba3388513f5fd5e,5,400,binary,0.8,superiority_null,first_factor,adjusted,original_S_normal,1,4999,64400,1.0012399999832269,1.00124100000005,1.5547204968683646e-05,1.5547220496895186e-05
24,61b43ba3388513f5fd5e,5,400,binary,0.8,superiority_null,first_factor,adjusted,refined_S_normal,1,4999,17400,1.0021688340057153,1.0021699999999782,5.759591000032847e-05,5.7595977011493e-05
24,61b43ba3388513f5fd5e,5,400,binary,0.8,superiority_null,first_factor,adjusted,original_R_normal,1,4999,16500,1.0023380830243696,1.0023389999998926,6.074776260753755e-05,6.0747818181811676e-05
24,61b43ba3388513f5fd5e,5,400,binary,0.8,superiority_null,first_factor,adjusted,refined_R_normal,1,4999,9900,1.0007262090221047,1.0007190000000037,0.00010108345545677826,0.00010108272727272764
24,61b43ba3388513f5fd5e,5,400,binary,0.8,superiority_null,first_factor,adjusted,original_CRT_data,1,4999,100,2.6805625839915592,2.680507000000034,0.02680562583991559,0.02680507000000034
24,61b43ba3388513f5fd5e,5,400,binary,0.8,superiority_null,first_factor,adjusted,refined_CRT_data,1,4999,100,2.864905041991733,2.864828999999986,0.02864905041991733,0.02864828999999986
24,61b43ba3388513f5fd5e,5,400,binary,0.8,superiority_null,first_factor,adjusted,RT,2,4999,100,3.0230888340156525,3.0230770000000575,0.030230888340156525,0.030230770000000576
24,61b43ba3388513f5fd5e,5,400,binary,0.8,superiority_null,first_factor,adjusted,original_S_normal,2,4999,62300,1.001397708983859,1.001386000000025,1.607379950214862e-05,1.6073611556982745e-05
24,61b43ba3388513f5fd5e,5,400,binary,0.8,superiority_null,first_factor,adjusted,refined_S_normal,2,4999,17700,1.0043814580130856,1.0043819999999641,5.674471514198224e-05,5.674474576270984e-05
24,61b43ba3388513f5fd5e,5,400,binary,0.8,superiority_null,first_factor,adjusted,original_R_normal,2,4999,16300,1.003249000001233,1.00320499999998,6.154901840498362e-05,6.154631901840368e-05
24,61b43ba3388513f5fd5e,5,400,binary,0.8,superiority_null,first_factor,adjusted,refined_R_normal,2,4999,10300,1.001037083013216,1.0010300000000143,9.718806631196272e-05,9.718737864077809e-05
24,61b43ba3388513f5fd5e,5,400,binary,0.8,superiority_null,first_factor,adjusted,original_CRT_data,2,4999,100,2.6303499169880524,2.6303460000000314,0.026303499169880524,0.026303460000000313
24,61b43ba3388513f5fd5e,5,400,binary,0.8,superiority_null,first_factor,adjusted,refined_CRT_data,2,4999,100,2.6357184169755783,2.635680000000093,0.026357184169755785,0.02635680000000093
24,61b43ba3388513f5fd5e,5,400,binary,0.8,superiority_null,first_factor,adjusted,score_preparation,2,4999,16400,1.000048042013077,1.0000400000000127,6.0978539147138844e-05,6.097804878048858e-05
24,61b43ba3388513f5fd5e,5,400,binary,0.8,superiority_null,first_factor,adjusted,original_S_normal,3,4999,64800,1.0011971249768976,1.0011980000000449,1.545057291631015e-05,1.545058641975378e-05
24,61b43ba3388513f5fd5e,5,400,binary,0.8,superiority_null,first_factor,adjusted,refined_S_normal,3,4999,17500,1.0001409999968018,1.0001419999999825,5.7150914285531534e-05,5.715097142857043e-05
24,61b43ba3388513f5fd5e,5,400,binary,0.8,superiority_null,first_factor,adjusted,original_R_normal,3,4999,16500,1.0032065830018837,1.0032070000000886,6.0800398969811135e-05,6.080042424242961e-05
24,61b43ba3388513f5fd5e,5,400,binary,0.8,superiority_null,first_factor,adjusted,refined_R_normal,3,4999,9900,1.0077230000169948,1.0076999999999998,0.00010179020202191867,0.00010178787878787876
24,61b43ba3388513f5fd5e,5,400,binary,0.8,superiority_null,first_factor,adjusted,original_CRT_data,3,4999,100,2.630344500008505,2.6303229999999758,0.026303445000085048,0.026303229999999757
24,61b43ba3388513f5fd5e,5,400,binary,0.8,superiority_null,first_factor,adjusted,refined_CRT_data,3,4999,100,2.6406359159736894,2.64061700000002,0.026406359159736895,0.0264061700000002
24,61b43ba3388513f5fd5e,5,400,binary,0.8,superiority_null,first_factor,adjusted,score_preparation,3,4999,16400,1.002270500001032,1.0022699999999531,6.11140548781117e-05,6.111402439024105e-05
24,61b43ba3388513f5fd5e,5,400,binary,0.8,superiority_null,first_factor,adjusted,RT,3,4999,100,2.621018207981251,2.6209519999999884,0.026210182079812513,0.026209519999999886
24,61b43ba3388513f5fd5e,5,400,binary,0.8,superiority_null,first_factor,adjusted,refined_S_normal,4,4999,17400,1.0001135829952545,1.0000670000000582,5.747779212616405e-05,5.747511494253208e-05
24,61b43ba3388513f5fd5e,5,400,binary,0.8,superiority_null,first_factor,adjusted,original_R_normal,4,4999,15900,1.005275542003801,1.0052769999999782,6.322487685558497e-05,6.322496855345775e-05
24,61b43ba3388513f5fd5e,5,400,binary,0.8,superiority_null,first_factor,adjusted,refined_R_normal,4,4999,10100,1.0099292499944568,1.009902000000011,9.999299504895611e-05,9.999029702970405e-05
24,61b43ba3388513f5fd5e,5,400,binary,0.8,superiority_null,first_factor,adjusted,original_CRT_data,4,4999,100,2.629819750000024,2.6298209999999926,0.02629819750000024,0.026298209999999926
24,61b43ba3388513f5fd5e,5,400,binary,0.8,superiority_null,first_factor,adjusted,refined_CRT_data,4,4999,100,2.639295291999588,2.639210999999932,0.02639295291999588,0.02639210999999932
24,61b43ba3388513f5fd5e,5,400,binary,0.8,superiority_null,first_factor,adjusted,score_preparation,4,4999,16400,1.0053259159903973,1.0053269999999657,6.130036073112178e-05,6.13004268292662e-05
24,61b43ba3388513f5fd5e,5,400,binary,0.8,superiority_null,first_factor,adjusted,RT,4,4999,100,2.625709416985046,2.625705000000039,0.026257094169850462,0.02625705000000039
24,61b43ba3388513f5fd5e,5,400,binary,0.8,superiority_null,first_factor,adjusted,original_S_normal,4,4999,63800,1.0012912089878228,1.0012679999999818,1.5694219576611643e-05,1.5693855799372757e-05
24,61b43ba3388513f5fd5e,5,400,binary,0.8,superiority_null,first_factor,adjusted,original_R_normal,5,4999,16600,1.0024375000211876,1.0024319999999989,6.038780120609564e-05,6.0387469879518e-05
24,61b43ba3388513f5fd5e,5,400,binary,0.8,superiority_null,first_factor,adjusted,refined_R_normal,5,4999,10000,1.008332249999512,1.0083329999999933,0.0001008332249999512,0.00010083329999999933
24,61b43ba3388513f5fd5e,5,400,binary,0.8,superiority_null,first_factor,adjusted,original_CRT_data,5,4999,100,2.6290366660105065,2.6290140000000974,0.026290366660105063,0.026290140000000975
24,61b43ba3388513f5fd5e,5,400,binary,0.8,superiority_null,first_factor,adjusted,refined_CRT_data,5,4999,100,3.0028659169911407,3.0028180000000475,0.030028659169911407,0.030028180000000473
24,61b43ba3388513f5fd5e,5,400,binary,0.8,superiority_null,first_factor,adjusted,score_preparation,5,4999,14800,1.0006653749733232,0.9966299999999819,6.761252533603535e-05,6.733986486486365e-05
24,61b43ba3388513f5fd5e,5,400,binary,0.8,superiority_null,first_factor,adjusted,RT,5,4999,100,2.67852087499341,2.6761710000000676,0.0267852087499341,0.026761710000000674
24,61b43ba3388513f5fd5e,5,400,binary,0.8,superiority_null,first_factor,adjusted,original_S_normal,5,4999,63500,1.0002992920053657,1.00014299999998,1.575274475599001e-05,1.5750283464566615e-05
24,61b43ba3388513f5fd5e,5,400,binary,0.8,superiority_null,first_factor,adjusted,refined_S_normal,5,4999,17400,1.0011360000062268,1.0011230000000069,5.7536551724495794e-05,5.7535804597701545e-05
25,5cf7a7df24bc86685476,5,400,binary,0.8,superiority_power,first_factor,unadjusted,score_preparation,1,4999,33400,1.0001455000019632,1.0000630000000683,2.994447604796297e-05,2.9942005988026e-05
25,5cf7a7df24bc86685476,5,400,binary,0.8,superiority_power,first_factor,unadjusted,RT,1,4999,100,2.618145457992796,2.617623999999978,0.02618145457992796,0.02617623999999978
25,5cf7a7df24bc86685476,5,400,binary,0.8,superiority_power,first_factor,unadjusted,original_S_normal,1,4999,61500,1.0003332080086693,1.000332999999955,1.6265580618027142e-05,1.6265577235771627e-05
25,5cf7a7df24bc86685476,5,400,binary,0.8,superiority_power,first_factor,unadjusted,refined_S_normal,1,4999,17000,1.0039058749971446,1.0038690000000088,5.9053286764537916e-05,5.905111764705934e-05
25,5cf7a7df24bc86685476,5,400,binary,0.8,superiority_power,first_factor,unadjusted,original_R_normal,1,4999,16000,1.0010895830055233,1.001066000000037,6.256809893784521e-05,6.256662500000232e-05
25,5cf7a7df24bc86685476,5,400,binary,0.8,superiority_power,first_factor,unadjusted,refined_R_normal,1,4999,9900,1.0033856250229292,1.0033730000000105,0.0001013520833356494,0.00010135080808080915
25,5cf7a7df24bc86685476,5,400,binary,0.8,superiority_power,first_factor,unadjusted,original_CRT_data,1,4999,100,2.6284250000026077,2.6271809999999505,0.02628425000002608,0.026271809999999503
25,5cf7a7df24bc86685476,5,400,binary,0.8,superiority_power,first_factor,unadjusted,refined_CRT_data,1,4999,100,2.633936625003116,2.633371000000011,0.026339366250031162,0.02633371000000011
25,5cf7a7df24bc86685476,5,400,binary,0.8,superiority_power,first_factor,unadjusted,RT,2,4999,100,2.6127974999835715,2.6111049999999523,0.026127974999835716,0.02611104999999952
25,5cf7a7df24bc86685476,5,400,binary,0.8,superiority_power,first_factor,unadjusted,original_S_normal,2,4999,63800,1.001052833016729,1.0009919999999966,1.569048327612428e-05,1.568952978056421e-05
25,5cf7a7df24bc86685476,5,400,binary,0.8,superiority_power,first_factor,unadjusted,refined_S_normal,2,4999,17700,1.0034520409826655,1.003417000000013,5.669220570523534e-05,5.6690225988701305e-05
25,5cf7a7df24bc86685476,5,400,binary,0.8,superiority_power,first_factor,unadjusted,original_R_normal,2,4999,16700,1.002220041002147,1.0021739999999681,6.001317610791299e-05,6.001041916167474e-05
25,5cf7a7df24bc86685476,5,400,binary,0.8,superiority_power,first_factor,unadjusted,refined_R_normal,2,4999,9900,1.0017574160010554,1.0017480000000205,0.00010118761777788438,0.00010118666666666874
25,5cf7a7df24bc86685476,5,400,binary,0.8,superiority_power,first_factor,unadjusted,original_CRT_data,2,4999,100,2.633027249976294,2.6330019999999195,0.02633027249976294,0.026330019999999194
25,5cf7a7df24bc86685476,5,400,binary,0.8,superiority_power,first_factor,unadjusted,refined_CRT_data,2,4999,100,2.801641500002006,2.8016269999999395,0.02801641500002006,0.028016269999999396
25,5cf7a7df24bc86685476,5,400,binary,0.8,superiority_power,first_factor,unadjusted,score_preparation,2,4999,27900,1.0001915409811772,1.00019199999997,3.584915917495259e-05,3.5849175627239065e-05
25,5cf7a7df24bc86685476,5,400,binary,0.8,superiority_power,first_factor,unadjusted,original_S_normal,3,4999,63600,1.0009362090204377,1.0009370000000217,1.5737990707868517e-05,1.573800314465443e-05
25,5cf7a7df24bc86685476,5,400,binary,0.8,superiority_power,first_factor,unadjusted,refined_S_normal,3,4999,17400,1.0038640840211883,1.0038510000000542,5.769333816213726e-05,5.769258620689967e-05
25,5cf7a7df24bc86685476,5,400,binary,0.8,superiority_power,first_factor,unadjusted,original_R_normal,3,4999,16400,1.0041432500001974,1.0041429999999991,6.122824695123155e-05,6.122823170731702e-05
25,5cf7a7df24bc86685476,5,400,binary,0.8,superiority_power,first_factor,unadjusted,refined_R_normal,3,4999,10000,1.0057318749895785,1.00573200000008,0.00010057318749895785,0.000100573200000008
25,5cf7a7df24bc86685476,5,400,binary,0.8,superiority_power,first_factor,unadjusted,original_CRT_data,3,4999,100,2.632649167004274,2.6326179999999795,0.02632649167004274,0.026326179999999796
25,5cf7a7df24bc86685476,5,400,binary,0.8,superiority_power,first_factor,unadjusted,refined_CRT_data,3,4999,100,2.6340888330014423,2.6340710000000627,0.026340888330014422,0.026340710000000628
25,5cf7a7df24bc86685476,5,400,binary,0.8,superiority_power,first_factor,unadjusted,score_preparation,3,4999,33900,1.001265750004677,1.0012659999999869,2.9535862831996373e-05,2.953587020648929e-05
25,5cf7a7df24bc86685476,5,400,binary,0.8,superiority_power,first_factor,unadjusted,RT,3,4999,100,2.626158375001978,2.626134000000093,0.02626158375001978,0.026261340000000927
25,5cf7a7df24bc86685476,5,400,binary,0.8,superiority_power,first_factor,unadjusted,refined_S_normal,4,4999,17800,1.0042742920049932,1.0042560000000549,5.641990404522434e-05,5.6418876404497464e-05
25,5cf7a7df24bc86685476,5,400,binary,0.8,superiority_power,first_factor,unadjusted,original_R_normal,4,4999,15800,1.003727000002982,1.0036959999999908,6.352702531664444e-05,6.352506329113866e-05
25,5cf7a7df24bc86685476,5,400,binary,0.8,superiority_power,first_factor,unadjusted,refined_R_normal,4,4999,10200,1.0010833340056706,1.0010860000001003,9.814542490251673e-05,9.814568627451964e-05
25,5cf7a7df24bc86685476,5,400,binary,0.8,superiority_power,first_factor,unadjusted,original_CRT_data,4,4999,100,2.6277925419854,2.6270809999999756,0.026277925419854,0.026270809999999756
25,5cf7a7df24bc86685476,5,400,binary,0.8,superiority_power,first_factor,unadjusted,refined_CRT_data,4,4999,100,2.6319129170151427,2.6318610000000717,0.026319129170151428,0.026318610000000717
25,5cf7a7df24bc86685476,5,400,binary,0.8,superiority_power,first_factor,unadjusted,score_preparation,4,4999,34100,1.0020487919973675,1.0018910000000005,2.9385595073236584e-05,2.93809677419355e-05
25,5cf7a7df24bc86685476,5,400,binary,0.8,superiority_power,first_factor,unadjusted,RT,4,4999,100,2.621769707999192,2.6216470000000527,0.02621769707999192,0.026216470000000526
25,5cf7a7df24bc86685476,5,400,binary,0.8,superiority_power,first_factor,unadjusted,original_S_normal,4,4999,63400,1.0011380839860067,1.0011259999999993,1.5790821513974868e-05,1.5790630914826486e-05
25,5cf7a7df24bc86685476,5,400,binary,0.8,superiority_power,first_factor,unadjusted,original_R_normal,5,4999,16500,1.0047002079954837,1.0045189999999593,6.089092169669598e-05,6.087993939393693e-05
25,5cf7a7df24bc86685476,5,400,binary,0.8,superiority_power,first_factor,unadjusted,refined_R_normal,5,4999,9800,1.0035082079994027,1.0031619999999748,0.00010239879673463293,0.00010236346938775253
25,5cf7a7df24bc86685476,5,400,binary,0.8,superiority_power,first_factor,unadjusted,original_CRT_data,5,4999,100,2.702314333000686,2.7018020000000433,0.02702314333000686,0.027018020000000434
25,5cf7a7df24bc86685476,5,400,binary,0.8,superiority_power,first_factor,unadjusted,refined_CRT_data,5,4999,100,2.692187125008786,2.6917779999999993,0.02692187125008786,0.026917779999999992
25,5cf7a7df24bc86685476,5,400,binary,0.8,superiority_power,first_factor,unadjusted,score_preparation,5,4999,33900,1.0019329999922775,1.0019060000000763,2.955554572248606e-05,2.9554749262539127e-05
25,5cf7a7df24bc86685476,5,400,binary,0.8,superiority_power,first_factor,unadjusted,RT,5,4999,100,2.618341541994596,2.618225999999936,0.026183415419945958,0.02618225999999936
25,5cf7a7df24bc86685476,5,400,binary,0.8,superiority_power,first_factor,unadjusted,original_S_normal,5,4999,61200,1.0012643329973798,1.0012000000000398,1.6360528316950652e-05,1.6359477124183658e-05
25,5cf7a7df24bc86685476,5,400,binary,0.8,superiority_power,first_factor,unadjusted,refined_S_normal,5,4999,17000,1.0050481249927543,1.0050390000000107,5.912047794075025e-05,5.911994117647122e-05
25,5cf7a7df24bc86685476,5,400,binary,0.8,superiority_power,first_factor,adjusted,score_preparation,1,4999,16500,1.0053211670019664,1.0052910000000566,6.092855557587675e-05,6.09267272727307e-05
25,5cf7a7df24bc86685476,5,400,binary,0.8,superiority_power,first_factor,adjusted,RT,1,4999,100,2.6209015409986023,2.6208789999999453,0.026209015409986023,0.026208789999999454
25,5cf7a7df24bc86685476,5,400,binary,0.8,superiority_power,first_factor,adjusted,original_S_normal,1,4999,62000,1.001504957996076,1.0014659999999367,1.615330577413026e-05,1.6152677419353817e-05
25,5cf7a7df24bc86685476,5,400,binary,0.8,superiority_power,first_factor,adjusted,refined_S_normal,1,4999,17500,1.000249041011557,1.0002499999999372,5.715708805780326e-05,5.7157142857139274e-05
25,5cf7a7df24bc86685476,5,400,binary,0.8,superiority_power,first_factor,adjusted,original_R_normal,1,4999,15700,1.0018817920063157,1.0018669999999474,6.381412687938316e-05,6.381318471337245e-05
25,5cf7a7df24bc86685476,5,400,binary,0.8,superiority_power,first_factor,adjusted,refined_R_normal,1,4999,9700,1.006342417007545,1.0063390000000254,0.00010374664092861288,0.00010374628865979643
25,5cf7a7df24bc86685476,5,400,binary,0.8,superiority_power,first_factor,adjusted,original_CRT_data,1,4999,100,2.769427708000876,2.7693720000000894,0.02769427708000876,0.027693720000000893
25,5cf7a7df24bc86685476,5,400,binary,0.8,superiority_power,first_factor,adjusted,refined_CRT_data,1,4999,100,2.63387008299469,2.6338670000000093,0.026338700829946902,0.02633867000000009
25,5cf7a7df24bc86685476,5,400,binary,0.8,superiority_power,first_factor,adjusted,RT,2,4999,100,2.624112499994226,2.6240340000000515,0.02624112499994226,0.026240340000000514
25,5cf7a7df24bc86685476,5,400,binary,0.8,superiority_power,first_factor,adjusted,original_S_normal,2,4999,63900,1.0001047080149874,1.0001060000000734,1.5651090892253325e-05,1.565111111111226e-05
25,5cf7a7df24bc86685476,5,400,binary,0.8,superiority_power,first_factor,adjusted,refined_S_normal,2,4999,17300,1.001141832995927,1.0011429999999564,5.78694701153715e-05,5.7869537572251814e-05
25,5cf7a7df24bc86685476,5,400,binary,0.8,superiority_power,first_factor,adjusted,original_R_normal,2,4999,16200,1.0019499589980114,1.0019419999999855,6.184876290111181e-05,6.184827160493737e-05
25,5cf7a7df24bc86685476,5,400,binary,0.8,superiority_power,first_factor,adjusted,refined_R_normal,2,4999,9900,1.0023992920177989,1.0024039999999559,0.0001012524537391716,0.00010125292929292484
25,5cf7a7df24bc86685476,5,400,binary,0.8,superiority_power,first_factor,adjusted,original_CRT_data,2,4999,100,2.633594082988566,2.633546000000024,0.02633594082988566,0.02633546000000024
25,5cf7a7df24bc86685476,5,400,binary,0.8,superiority_power,first_factor,adjusted,refined_CRT_data,2,4999,100,2.6282137090165634,2.628150000000005,0.026282137090165632,0.02628150000000005
25,5cf7a7df24bc86685476,5,400,binary,0.8,superiority_power,first_factor,adjusted,score_preparation,2,4999,16300,1.0011052919726353,1.0011060000000498,6.14175025750083e-05,6.141754601227299e-05
25,5cf7a7df24bc86685476,5,400,binary,0.8,superiority_power,first_factor,adjusted,original_S_normal,3,4999,62100,1.0011284579813946,1.0011110000000372,1.6121231207429863e-05,1.6120950080515896e-05
25,5cf7a7df24bc86685476,5,400,binary,0.8,superiority_power,first_factor,adjusted,refined_S_normal,3,4999,17100,1.0013019999896642,1.0012870000000476,5.855567251401545e-05,5.8554795321640206e-05
25,5cf7a7df24bc86685476,5,400,binary,0.8,superiority_power,first_factor,adjusted,original_R_normal,3,4999,15800,1.0003671669983305,1.000364999999988,6.331437765812218e-05,6.331424050632835e-05
25,5cf7a7df24bc86685476,5,400,binary,0.8,superiority_power,first_factor,adjusted,refined_R_normal,3,4999,9900,1.0094047499878798,1.009405999999899,0.00010196007575635149,0.00010196020202019181
25,5cf7a7df24bc86685476,5,400,binary,0.8,superiority_power,first_factor,adjusted,original_CRT_data,3,4999,100,2.6308931249950547,2.6308460000000196,0.026308931249950547,0.026308460000000197
25,5cf7a7df24bc86685476,5,400,binary,0.8,superiority_power,first_factor,adjusted,refined_CRT_data,3,4999,100,2.630662957992172,2.6306540000000496,0.02630662957992172,0.026306540000000496
25,5cf7a7df24bc86685476,5,400,binary,0.8,superiority_power,first_factor,adjusted,score_preparation,3,4999,16200,1.0021566250070464,1.0021090000000186,6.186152006216336e-05,6.185858024691473e-05
25,5cf7a7df24bc86685476,5,400,binary,0.8,superiority_power,first_factor,adjusted,RT,3,4999,100,2.786548915988533,2.7865170000000035,0.027865489159885327,0.027865170000000036
25,5cf7a7df24bc86685476,5,400,binary,0.8,superiority_power,first_factor,adjusted,refined_S_normal,4,4999,17500,1.0039682920032647,1.0039709999999786,5.736961668590084e-05,5.7369771428570206e-05
25,5cf7a7df24bc86685476,5,400,binary,0.8,superiority_power,first_factor,adjusted,original_R_normal,4,4999,16500,1.0038230000063777,1.0038240000000087,6.0837757576144104e-05,6.083781818181871e-05
25,5cf7a7df24bc86685476,5,400,binary,0.8,superiority_power,first_factor,adjusted,refined_R_normal,4,4999,9700,1.001896667003166,1.0018519999999853,0.00010328831618589339,0.00010328371134020467
25,5cf7a7df24bc86685476,5,400,binary,0.8,superiority_power,first_factor,adjusted,original_CRT_data,4,4999,100,2.627549209020799,2.627529999999979,0.02627549209020799,0.02627529999999979
25,5cf7a7df24bc86685476,5,400,binary,0.8,superiority_power,first_factor,adjusted,refined_CRT_data,4,4999,100,2.6376064159849193,2.6375810000000683,0.026376064159849194,0.026375810000000683
25,5cf7a7df24bc86685476,5,400,binary,0.8,superiority_power,first_factor,adjusted,score_preparation,4,4999,16700,1.0039051249914337,1.0039020000000392,6.0114079340804415e-05,6.0113892215571205e-05
25,5cf7a7df24bc86685476,5,400,binary,0.8,superiority_power,first_factor,adjusted,RT,4,4999,100,2.632661540992558,2.63265100000001,0.02632661540992558,0.026326510000000098
25,5cf7a7df24bc86685476,5,400,binary,0.8,superiority_power,first_factor,adjusted,original_S_normal,4,4999,62200,1.0007525410037488,1.0007140000000163,1.6089269147970236e-05,1.608864951768515e-05
25,5cf7a7df24bc86685476,5,400,binary,0.8,superiority_power,first_factor,adjusted,original_R_normal,5,4999,15900,1.0041881669894792,1.0041599999999562,6.315648848990436e-05,6.315471698112932e-05
25,5cf7a7df24bc86685476,5,400,binary,0.8,superiority_power,first_factor,adjusted,refined_R_normal,5,4999,9600,1.0059801249881275,1.0059519999999793,0.00010478959635292994,0.00010478666666666451
25,5cf7a7df24bc86685476,5,400,binary,0.8,superiority_power,first_factor,adjusted,original_CRT_data,5,4999,100,2.6265042920131236,2.6264469999999847,0.026265042920131237,0.026264469999999845
25,5cf7a7df24bc86685476,5,400,binary,0.8,superiority_power,first_factor,adjusted,refined_CRT_data,5,4999,100,2.6380176250240766,2.6379670000000033,0.026380176250240764,0.026379670000000032
25,5cf7a7df24bc86685476,5,400,binary,0.8,superiority_power,first_factor,adjusted,score_preparation,5,4999,16300,1.002359083009651,1.0023539999999684,6.149442227053073e-05,6.149411042944592e-05
25,5cf7a7df24bc86685476,5,400,binary,0.8,superiority_power,first_factor,adjusted,RT,5,4999,100,2.625501875008922,2.625474000000054,0.02625501875008922,0.02625474000000054
25,5cf7a7df24bc86685476,5,400,binary,0.8,superiority_power,first_factor,adjusted,original_S_normal,5,4999,61300,1.0011982919822913,1.0011980000000449,1.633276169628534e-05,1.6332756933116557e-05
25,5cf7a7df24bc86685476,5,400,binary,0.8,superiority_power,first_factor,adjusted,refined_S_normal,5,4999,17700,1.000966666993918,1.0009569999999712,5.6551789095701577e-05,5.6551242937851484e-05
