index,id,group,F,n,outcome,pbc,direction,role,delta,alpha,actual_amplitude,feasibility_scale,n_trials,expected_trials,complete,reference_draws,calibration_replicates,evaluation,score,method,reference,paired_rejection_difference,paired_mcse,a_only,b_only,mean_pvalue_difference,mean_absolute_pvalue_error
0,11346d1fe5a61b9b84ea,main,2,200,continuous,0.8,first_factor,superiority_null,0.0,0.05,0.5,1.0,100000,100000,True,4999,100000,type1,unadjusted,refined_S_normal,original_S_normal,0.00015,5.7443955278862726e-05,24,9,-0.0001542276977840509,0.00043676214764893685
0,11346d1fe5a61b9b84ea,main,2,200,continuous,0.8,first_factor,superiority_null,0.0,0.05,0.5,1.0,100000,100000,True,4999,100000,type1,unadjusted,refined_R_normal,original_R_normal,0.00011,6.403061766998652e-05,26,15,-0.00015352724175254193,0.00043439088781461343
0,11346d1fe5a61b9b84ea,main,2,200,continuous,0.8,first_factor,superiority_null,0.0,0.05,0.5,1.0,100000,100000,True,4999,100000,type1,unadjusted,refined_CRT_data,original_CRT_data,2e-05,1.4142064912168937e-05,2,0,-6.300000000000092e-07,2.6780000000000225e-06
0,11346d1fe5a61b9b84ea,main,2,200,continuous,0.8,first_factor,superiority_null,0.0,0.05,0.5,1.0,100000,100000,True,4999,100000,type1,unadjusted,refined_R_lattice,original_R_lattice,0.00011,6.403061766998652e-05,26,15,-0.00015352724175254193,0.00043439088781461343
0,11346d1fe5a61b9b84ea,main,2,200,continuous,0.8,first_factor,superiority_null,0.0,0.05,0.5,1.0,100000,100000,True,4999,100000,type1,unadjusted,refined_CRT_lattice,original_CRT_lattice,0.00015,5.7443955278862726e-05,24,9,-0.0001542276977840509,0.00043676214764893685
0,11346d1fe5a61b9b84ea,main,2,200,continuous,0.8,first_factor,superiority_null,0.0,0.05,0.5,1.0,100000,100000,True,4999,100000,type1,unadjusted,refined_CRT_noise,original_CRT_noise,0.0,0.0,0,0,-4.560000000000025e-07,2.103999999999987e-06
0,11346d1fe5a61b9b84ea,main,2,200,continuous,0.8,first_factor,superiority_null,0.0,0.05,0.5,1.0,100000,100000,True,4999,100000,type1,unadjusted,original_R_normal,RT,-0.00061,0.00021885327954494917,209,270,-0.0002818910751496071,0.007486661651869751
0,11346d1fe5a61b9b84ea,main,2,200,continuous,0.8,first_factor,superiority_null,0.0,0.05,0.5,1.0,100000,100000,True,4999,100000,type1,unadjusted,original_R_lattice,RT,-0.00061,0.00021885327954494917,209,270,-0.0002818910751496071,0.007486661651869751
0,11346d1fe5a61b9b84ea,main,2,200,continuous,0.8,first_factor,superiority_null,0.0,0.05,0.5,1.0,100000,100000,True,4999,100000,type1,unadjusted,original_CRT_lattice,original_CRT_data,-0.00057,0.00022648899304963965,228,285,-0.000280967609274099,0.007483484495603709
0,11346d1fe5a61b9b84ea,main,2,200,continuous,0.8,first_factor,superiority_null,0.0,0.05,0.5,1.0,100000,100000,True,4999,100000,type1,unadjusted,original_S_normal,original_CRT_data,-0.00057,0.00022648899304963965,228,285,-0.000280967609274099,0.007483484495603709
0,11346d1fe5a61b9b84ea,main,2,200,continuous,0.8,first_factor,superiority_null,0.0,0.05,0.5,1.0,100000,100000,True,4999,100000,type1,unadjusted,refined_R_normal,RT,-0.0005,0.00021954038803787286,216,266,-0.0004354183169021491,0.007477793879242545
0,11346d1fe5a61b9b84ea,main,2,200,continuous,0.8,first_factor,superiority_null,0.0,0.05,0.5,1.0,100000,100000,True,4999,100000,type1,unadjusted,refined_R_lattice,RT,-0.0005,0.00021954038803787286,216,266,-0.0004354183169021491,0.007477793879242545
0,11346d1fe5a61b9b84ea,main,2,200,continuous,0.8,first_factor,superiority_null,0.0,0.05,0.5,1.0,100000,100000,True,4999,100000,type1,unadjusted,refined_CRT_lattice,refined_CRT_data,-0.00044,0.0002240503648416129,229,273,-0.00043456530705814983,0.0074742978125816924
0,11346d1fe5a61b9b84ea,main,2,200,continuous,0.8,first_factor,superiority_null,0.0,0.05,0.5,1.0,100000,100000,True,4999,100000,type1,unadjusted,refined_S_normal,refined_CRT_data,-0.00044,0.0002240503648416129,229,273,-0.00043456530705814983,0.0074742978125816924
0,11346d1fe5a61b9b84ea,main,2,200,continuous,0.8,first_factor,superiority_null,0.0,0.05,0.5,1.0,100000,100000,True,4999,100000,type1,adjusted,refined_S_normal,original_S_normal,0.0,0.0,0,0,6.3589654790339044e-06,6.3589654790339044e-06
0,11346d1fe5a61b9b84ea,main,2,200,continuous,0.8,first_factor,superiority_null,0.0,0.05,0.5,1.0,100000,100000,True,4999,100000,type1,adjusted,refined_R_normal,original_R_normal,0.0,0.0,0,0,6.3232433692660225e-06,6.3232433692660225e-06
0,11346d1fe5a61b9b84ea,main,2,200,continuous,0.8,first_factor,superiority_null,0.0,0.05,0.5,1.0,100000,100000,True,4999,100000,type1,adjusted,refined_CRT_data,original_CRT_data,0.0,0.0,0,0,4.200000000000065e-08,4.200000000000065e-08
0,11346d1fe5a61b9b84ea,main,2,200,continuous,0.8,first_factor,superiority_null,0.0,0.05,0.5,1.0,100000,100000,True,4999,100000,type1,adjusted,refined_R_lattice,original_R_lattice,0.0,0.0,0,0,6.3232433692660225e-06,6.3232433692660225e-06
0,11346d1fe5a61b9b84ea,main,2,200,continuous,0.8,first_factor,superiority_null,0.0,0.05,0.5,1.0,100000,100000,True,4999,100000,type1,adjusted,refined_CRT_lattice,original_CRT_lattice,0.0,0.0,0,0,6.3589654790339044e-06,6.3589654790339044e-06
0,11346d1fe5a61b9b84ea,main,2,200,continuous,0.8,first_factor,superiority_null,0.0,0.05,0.5,1.0,100000,100000,True,4999,100000,type1,adjusted,refined_CRT_noise,original_CRT_noise,0.0,0.0,0,0,2.6000000000001298e-08,2.6000000000001298e-08
0,11346d1fe5a61b9b84ea,main,2,200,continuous,0.8,first_factor,superiority_null,0.0,0.05,0.5,1.0,100000,100000,True,4999,100000,type1,adjusted,original_R_normal,RT,-0.00025,0.00021840295785204006,226,251,-0.00045339794440377515,0.00743615380551614
0,11346d1fe5a61b9b84ea,main,2,200,continuous,0.8,first_factor,superiority_null,0.0,0.05,0.5,1.0,100000,100000,True,4999,100000,type1,adjusted,original_R_lattice,RT,-0.00025,0.00021840295785204006,226,251,-0.00045339794440377515,0.00743615380551614
0,11346d1fe5a61b9b84ea,main,2,200,continuous,0.8,first_factor,superiority_null,0.0,0.05,0.5,1.0,100000,100000,True,4999,100000,type1,adjusted,original_CRT_lattice,original_CRT_data,-0.00024,0.00022090702116302235,232,256,-0.0004543129939520925,0.007433206108833388
0,11346d1fe5a61b9b84ea,main,2,200,continuous,0.8,first_factor,superiority_null,0.0,0.05,0.5,1.0,100000,100000,True,4999,100000,type1,adjusted,original_S_normal,original_CRT_data,-0.00024,0.00022090702116302235,232,256,-0.0004543129939520925,0.007433206108833388
0,11346d1fe5a61b9b84ea,main,2,200,continuous,0.8,first_factor,superiority_null,0.0,0.05,0.5,1.0,100000,100000,True,4999,100000,type1,adjusted,refined_R_normal,RT,-0.00025,0.00021840295785204006,226,251,-0.0004470747010345091,0.007435889332404582
0,11346d1fe5a61b9b84ea,main,2,200,continuous,0.8,first_factor,superiority_null,0.0,0.05,0.5,1.0,100000,100000,True,4999,100000,type1,adjusted,refined_R_lattice,RT,-0.00025,0.00021840295785204006,226,251,-0.0004470747010345091,0.007435889332404582
0,11346d1fe5a61b9b84ea,main,2,200,continuous,0.8,first_factor,superiority_null,0.0,0.05,0.5,1.0,100000,100000,True,4999,100000,type1,adjusted,refined_CRT_lattice,refined_CRT_data,-0.00024,0.00022090702116302235,232,256,-0.00044799602847305864,0.007432937078942358
0,11346d1fe5a61b9b84ea,main,2,200,continuous,0.8,first_factor,superiority_null,0.0,0.05,0.5,1.0,100000,100000,True,4999,100000,type1,adjusted,refined_S_normal,refined_CRT_data,-0.00024,0.00022090702116302235,232,256,-0.00044799602847305864,0.007432937078942358
1,dda485d0da7818c42138,main,2,200,continuous,0.8,first_factor,superiority_power,0.43,0.05,0.5,1.0,10000,10000,True,4999,100000,power,unadjusted,refined_S_normal,original_S_normal,0.0004,0.00024492855897159074,5,1,-3.403783498899809e-05,0.00013967088290442646
1,dda485d0da7818c42138,main,2,200,continuous,0.8,first_factor,superiority_power,0.43,0.05,0.5,1.0,10000,10000,True,4999,100000,power,unadjusted,refined_R_normal,original_R_normal,-0.0003,0.0003,3,6,-3.4226423733221986e-05,0.00014039277101155783
1,dda485d0da7818c42138,main,2,200,continuous,0.8,first_factor,superiority_power,0.43,0.05,0.5,1.0,10000,10000,True,4999,100000,power,unadjusted,refined_CRT_data,original_CRT_data,0.0,0.0,0,0,-1.7999999999999394e-07,1.6199999999999908e-06
1,dda485d0da7818c42138,main,2,200,continuous,0.8,first_factor,superiority_power,0.43,0.05,0.5,1.0,10000,10000,True,4999,100000,power,unadjusted,refined_R_lattice,original_R_lattice,-0.0003,0.0003,3,6,-3.4226423733221986e-05,0.00014039277101155783
1,dda485d0da7818c42138,main,2,200,continuous,0.8,first_factor,superiority_power,0.43,0.05,0.5,1.0,10000,10000,True,4999,100000,power,unadjusted,refined_CRT_lattice,original_CRT_lattice,0.0004,0.00024492855897159074,5,1,-3.403783498899809e-05,0.00013967088290442646
1,dda485d0da7818c42138,main,2,200,continuous,0.8,first_factor,superiority_power,0.43,0.05,0.5,1.0,10000,10000,True,4999,100000,power,unadjusted,refined_CRT_noise,original_CRT_noise,0.0,0.0,0,0,-5.999999999998333e-08,1.3399999999999971e-06
1,dda485d0da7818c42138,main,2,200,continuous,0.8,first_factor,superiority_power,0.43,0.05,0.5,1.0,10000,10000,True,4999,100000,power,unadjusted,original_R_normal,RT,-0.0006,0.0010000320026882338,47,53,0.00016599009621382258,0.0024468358887225847
1,dda485d0da7818c42138,main,2,200,continuous,0.8,first_factor,superiority_power,0.43,0.05,0.5,1.0,10000,10000,True,4999,100000,power,unadjusted,original_R_lattice,RT,-0.0006,0.0010000320026882338,47,53,0.00016599009621382258,0.0024468358887225847
1,dda485d0da7818c42138,main,2,200,continuous,0.8,first_factor,superiority_power,0.43,0.05,0.5,1.0,10000,10000,True,4999,100000,power,unadjusted,original_CRT_lattice,original_CRT_data,-0.0019,0.0010342852481774357,44,63,0.00015594635552003538,0.0024075169406240766
1,dda485d0da7818c42138,main,2,200,continuous,0.8,first_factor,superiority_power,0.43,0.05,0.5,1.0,10000,10000,True,4999,100000,power,unadjusted,original_S_normal,original_CRT_data,-0.0019,0.0010342852481774357,44,63,0.00015594635552003538,0.0024075169406240766
1,dda485d0da7818c42138,main,2,200,continuous,0.8,first_factor,superiority_power,0.43,0.05,0.5,1.0,10000,10000,True,4999,100000,power,unadjusted,refined_R_normal,RT,-0.0009,0.0009848939037277872,44,53,0.0001317636724806006,0.0024428475153948875
1,dda485d0da7818c42138,main,2,200,continuous,0.8,first_factor,superiority_power,0.43,0.05,0.5,1.0,10000,10000,True,4999,100000,power,unadjusted,refined_R_lattice,RT,-0.0009,0.0009848939037277872,44,53,0.0001317636724806006,0.0024428475153948875
1,dda485d0da7818c42138,main,2,200,continuous,0.8,first_factor,superiority_power,0.43,0.05,0.5,1.0,10000,10000,True,4999,100000,power,unadjusted,refined_CRT_lattice,refined_CRT_data,-0.0015,0.0010246365150621954,45,60,0.00012208852053103726,0.0024045839371378804
1,dda485d0da7818c42138,main,2,200,continuous,0.8,first_factor,superiority_power,0.43,0.05,0.5,1.0,10000,10000,True,4999,100000,power,unadjusted,refined_S_normal,refined_CRT_data,-0.0015,0.0010246365150621954,45,60,0.00012208852053103726,0.0024045839371378804
1,dda485d0da7818c42138,main,2,200,continuous,0.8,first_factor,superiority_power,0.43,0.05,0.5,1.0,10000,10000,True,4999,100000,power,adjusted,refined_S_normal,original_S_normal,0.0,0.0,0,0,2.1142985143508467e-06,2.1142985143508467e-06
1,dda485d0da7818c42138,main,2,200,continuous,0.8,first_factor,superiority_power,0.43,0.05,0.5,1.0,10000,10000,True,4999,100000,power,adjusted,refined_R_normal,original_R_normal,0.0,0.0,0,0,2.125524612127124e-06,2.125524612127124e-06
1,dda485d0da7818c42138,main,2,200,continuous,0.8,first_factor,superiority_power,0.43,0.05,0.5,1.0,10000,10000,True,4999,100000,power,adjusted,refined_CRT_data,original_CRT_data,0.0,0.0,0,0,0.0,0.0
1,dda485d0da7818c42138,main,2,200,continuous,0.8,first_factor,superiority_power,0.43,0.05,0.5,1.0,10000,10000,True,4999,100000,power,adjusted,refined_R_lattice,original_R_lattice,0.0,0.0,0,0,2.125524612127124e-06,2.125524612127124e-06
1,dda485d0da7818c42138,main,2,200,continuous,0.8,first_factor,superiority_power,0.43,0.05,0.5,1.0,10000,10000,True,4999,100000,power,adjusted,refined_CRT_lattice,original_CRT_lattice,0.0,0.0,0,0,2.1142985143508467e-06,2.1142985143508467e-06
1,dda485d0da7818c42138,main,2,200,continuous,0.8,first_factor,superiority_power,0.43,0.05,0.5,1.0,10000,10000,True,4999,100000,power,adjusted,refined_CRT_noise,original_CRT_noise,0.0,0.0,0,0,0.0,0.0
1,dda485d0da7818c42138,main,2,200,continuous,0.8,first_factor,superiority_power,0.43,0.05,0.5,1.0,10000,10000,True,4999,100000,power,adjusted,original_R_normal,RT,-0.0042,0.0010762675481419657,37,79,0.00011799680328803816,0.002377194964640402
1,dda485d0da7818c42138,main,2,200,continuous,0.8,first_factor,superiority_power,0.43,0.05,0.5,1.0,10000,10000,True,4999,100000,power,adjusted,original_R_lattice,RT,-0.0042,0.0010762675481419657,37,79,0.00011799680328803816,0.002377194964640402
1,dda485d0da7818c42138,main,2,200,continuous,0.8,first_factor,superiority_power,0.43,0.05,0.5,1.0,10000,10000,True,4999,100000,power,adjusted,original_CRT_lattice,original_CRT_data,-0.0041,0.0010432774524469885,34,75,0.0001045001697398426,0.0023427012095549107
1,dda485d0da7818c42138,main,2,200,continuous,0.8,first_factor,superiority_power,0.43,0.05,0.5,1.0,10000,10000,True,4999,100000,power,adjusted,original_S_normal,original_CRT_data,-0.0041,0.0010432774524469885,34,75,0.0001045001697398426,0.0023427012095549107
1,dda485d0da7818c42138,main,2,200,continuous,0.8,first_factor,superiority_power,0.43,0.05,0.5,1.0,10000,10000,True,4999,100000,power,adjusted,refined_R_normal,RT,-0.0042,0.0010762675481419657,37,79,0.00012012232790016526,0.0023772998370502874
1,dda485d0da7818c42138,main,2,200,continuous,0.8,first_factor,superiority_power,0.43,0.05,0.5,1.0,10000,10000,True,4999,100000,power,adjusted,refined_R_lattice,RT,-0.0042,0.0010762675481419657,37,79,0.00012012232790016526,0.0023772998370502874
1,dda485d0da7818c42138,main,2,200,continuous,0.8,first_factor,superiority_power,0.43,0.05,0.5,1.0,10000,10000,True,4999,100000,power,adjusted,refined_CRT_lattice,refined_CRT_data,-0.0041,0.0010432774524469885,34,75,0.00010661446825419343,0.0023428069268735577
1,dda485d0da7818c42138,main,2,200,continuous,0.8,first_factor,superiority_power,0.43,0.05,0.5,1.0,10000,10000,True,4999,100000,power,adjusted,refined_S_normal,refined_CRT_data,-0.0041,0.0010432774524469885,34,75,0.00010661446825419343,0.0023428069268735577
2,df8c15feef85cacf23f3,main,2,200,continuous,0.8,first_factor,noninferiority_null,-0.2,0.025,0.5,1.0,100000,100000,True,4999,100000,type1,unadjusted,refined_S_normal,original_S_normal,4e-05,3.1622681732262984e-05,7,3,-1.7149056076636225e-05,0.00021751656691693729
2,df8c15feef85cacf23f3,main,2,200,continuous,0.8,first_factor,noninferiority_null,-0.2,0.025,0.5,1.0,100000,100000,True,4999,100000,type1,unadjusted,refined_R_normal,original_R_normal,9e-05,3.872898138784434e-05,12,3,-1.7186977254988793e-05,0.00021633987541106863
2,df8c15feef85cacf23f3,main,2,200,continuous,0.8,first_factor,noninferiority_null,-0.2,0.025,0.5,1.0,100000,100000,True,4999,100000,type1,unadjusted,refined_CRT_data,original_CRT_data,0.0,0.0,0,0,5.1999999999982506e-08,1.2759999999999866e-06
2,df8c15feef85cacf23f3,main,2,200,continuous,0.8,first_factor,noninferiority_null,-0.2,0.025,0.5,1.0,100000,100000,True,4999,100000,type1,unadjusted,refined_R_lattice,original_R_lattice,9e-05,3.872898138784434e-05,12,3,-1.7186977254988793e-05,0.00021633987541106863
2,df8c15feef85cacf23f3,main,2,200,continuous,0.8,first_factor,noninferiority_null,-0.2,0.025,0.5,1.0,100000,100000,True,4999,100000,type1,unadjusted,refined_CRT_lattice,original_CRT_lattice,4e-05,3.1622681732262984e-05,7,3,-1.7149056076636225e-05,0.00021751656691693729
2,df8c15feef85cacf23f3,main,2,200,continuous,0.8,first_factor,noninferiority_null,-0.2,0.025,0.5,1.0,100000,100000,True,4999,100000,type1,unadjusted,refined_CRT_noise,original_CRT_noise,1e-05,1e-05,1,0,6.599999999998583e-08,1.1099999999999784e-06
2,df8c15feef85cacf23f3,main,2,200,continuous,0.8,first_factor,noninferiority_null,-0.2,0.025,0.5,1.0,100000,100000,True,4999,100000,type1,unadjusted,original_R_normal,RT,-0.00062,0.00016246975092059336,101,163,-0.0001150034628132398,0.005529111919079597
2,df8c15feef85cacf23f3,main,2,200,continuous,0.8,first_factor,noninferiority_null,-0.2,0.025,0.5,1.0,100000,100000,True,4999,100000,type1,unadjusted,original_R_lattice,RT,-0.00062,0.00016246975092059336,101,163,-0.0001150034628132398,0.005529111919079597
2,df8c15feef85cacf23f3,main,2,200,continuous,0.8,first_factor,noninferiority_null,-0.2,0.025,0.5,1.0,100000,100000,True,4999,100000,type1,unadjusted,original_CRT_lattice,original_CRT_data,-0.00069,0.00016521353441870175,102,171,-0.0001155091349359552,0.00552286160638109
2,df8c15feef85cacf23f3,main,2,200,continuous,0.8,first_factor,noninferiority_null,-0.2,0.025,0.5,1.0,100000,100000,True,4999,100000,type1,unadjusted,original_S_normal,original_CRT_data,-0.00069,0.00016521353441870175,102,171,-0.0001155091349359552,0.00552286160638109
2,df8c15feef85cacf23f3,main,2,200,continuous,0.8,first_factor,noninferiority_null,-0.2,0.025,0.5,1.0,100000,100000,True,4999,100000,type1,unadjusted,refined_R_normal,RT,-0.00053,0.0001609268466555526,103,156,-0.00013219044006822862,0.005525534150275455
2,df8c15feef85cacf23f3,main,2,200,continuous,0.8,first_factor,noninferiority_null,-0.2,0.025,0.5,1.0,100000,100000,True,4999,100000,type1,unadjusted,refined_R_lattice,RT,-0.00053,0.0001609268466555526,103,156,-0.00013219044006822862,0.005525534150275455
2,df8c15feef85cacf23f3,main,2,200,continuous,0.8,first_factor,noninferiority_null,-0.2,0.025,0.5,1.0,100000,100000,True,4999,100000,type1,unadjusted,refined_CRT_lattice,refined_CRT_data,-0.00065,0.0001646087663536168,103,168,-0.0001327101910125914,0.0055195295287488
2,df8c15feef85cacf23f3,main,2,200,continuous,0.8,first_factor,noninferiority_null,-0.2,0.025,0.5,1.0,100000,100000,True,4999,100000,type1,unadjusted,refined_S_normal,refined_CRT_data,-0.00065,0.0001646087663536168,103,168,-0.0001327101910125914,0.0055195295287488
2,df8c15feef85cacf23f3,main,2,200,continuous,0.8,first_factor,noninferiority_null,-0.2,0.025,0.5,1.0,100000,100000,True,4999,100000,type1,adjusted,refined_S_normal,original_S_normal,0.0,0.0,0,0,1.9525652571897247e-08,3.1864662146576283e-06
2,df8c15feef85cacf23f3,main,2,200,continuous,0.8,first_factor,noninferiority_null,-0.2,0.025,0.5,1.0,100000,100000,True,4999,100000,type1,adjusted,refined_R_normal,original_R_normal,-1e-05,1e-05,0,1,1.9463154299246453e-08,3.1686131368542258e-06
2,df8c15feef85cacf23f3,main,2,200,continuous,0.8,first_factor,noninferiority_null,-0.2,0.025,0.5,1.0,100000,100000,True,4999,100000,type1,adjusted,refined_CRT_data,original_CRT_data,0.0,0.0,0,0,-4.000000000001502e-09,2.4000000000002074e-08
2,df8c15feef85cacf23f3,main,2,200,continuous,0.8,first_factor,noninferiority_null,-0.2,0.025,0.5,1.0,100000,100000,True,4999,100000,type1,adjusted,refined_R_lattice,original_R_lattice,-1e-05,1e-05,0,1,1.9463154299246453e-08,3.1686131368542258e-06
2,df8c15feef85cacf23f3,main,2,200,continuous,0.8,first_factor,noninferiority_null,-0.2,0.025,0.5,1.0,100000,100000,True,4999,100000,type1,adjusted,refined_CRT_lattice,original_CRT_lattice,0.0,0.0,0,0,1.9525652571897247e-08,3.1864662146576283e-06
2,df8c15feef85cacf23f3,main,2,200,continuous,0.8,first_factor,noninferiority_null,-0.2,0.025,0.5,1.0,100000,100000,True,4999,100000,type1,adjusted,refined_CRT_noise,original_CRT_noise,0.0,0.0,0,0,-6.938893903907229e-23,2.399999999999826e-08
2,df8c15feef85cacf23f3,main,2,200,continuous,0.8,first_factor,noninferiority_null,-0.2,0.025,0.5,1.0,100000,100000,True,4999,100000,type1,adjusted,original_R_normal,RT,-0.00032,0.00016247842931417058,116,148,-0.00013091093376927214,0.005509177148790382
2,df8c15feef85cacf23f3,main,2,200,continuous,0.8,first_factor,noninferiority_null,-0.2,0.025,0.5,1.0,100000,100000,True,4999,100000,type1,adjusted,original_R_lattice,RT,-0.00032,0.00016247842931417058,116,148,-0.00013091093376927214,0.005509177148790382
2,df8c15feef85cacf23f3,main,2,200,continuous,0.8,first_factor,noninferiority_null,-0.2,0.025,0.5,1.0,100000,100000,True,4999,100000,type1,adjusted,original_CRT_lattice,original_CRT_data,-0.00045,0.00016582596293252702,115,160,-0.00013053699725172786,0.005503975894782527
2,df8c15feef85cacf23f3,main,2,200,continuous,0.8,first_factor,noninferiority_null,-0.2,0.025,0.5,1.0,100000,100000,True,4999,100000,type1,adjusted,original_S_normal,original_CRT_data,-0.00045,0.00016582596293252702,115,160,-0.00013053699725172786,0.005503975894782527
2,df8c15feef85cacf23f3,main,2,200,continuous,0.8,first_factor,noninferiority_null,-0.2,0.025,0.5,1.0,100000,100000,True,4999,100000,type1,adjusted,refined_R_normal,RT,-0.00033,0.00016278567502013162,116,149,-0.00013089147061497294,0.005509099315170456
2,df8c15feef85cacf23f3,main,2,200,continuous,0.8,first_factor,noninferiority_null,-0.2,0.025,0.5,1.0,100000,100000,True,4999,100000,type1,adjusted,refined_R_lattice,RT,-0.00033,0.00016278567502013162,116,149,-0.00013089147061497294,0.005509099315170456
2,df8c15feef85cacf23f3,main,2,200,continuous,0.8,first_factor,noninferiority_null,-0.2,0.025,0.5,1.0,100000,100000,True,4999,100000,type1,adjusted,refined_CRT_lattice,refined_CRT_data,-0.00045,0.00016582596293252702,115,160,-0.00013051347159915598,0.005503899519648451
2,df8c15feef85cacf23f3,main,2,200,continuous,0.8,first_factor,noninferiority_null,-0.2,0.025,0.5,1.0,100000,100000,True,4999,100000,type1,adjusted,refined_S_normal,refined_CRT_data,-0.00045,0.00016582596293252702,115,160,-0.00013051347159915598,0.005503899519648451
3,7b5f35f69b7938a0c8d3,main,2,200,continuous,0.8,first_factor,noninferiority_power,0.23,0.025,0.5,1.0,10000,10000,True,4999,100000,power,unadjusted,refined_S_normal,original_S_normal,0.0004,0.00019996999474891224,4,0,-1.5963398415297474e-05,6.935945502728977e-05
3,7b5f35f69b7938a0c8d3,main,2,200,continuous,0.8,first_factor,noninferiority_power,0.23,0.025,0.5,1.0,10000,10000,True,4999,100000,power,unadjusted,refined_R_normal,original_R_normal,0.0001,0.00017321085474074658,2,1,-1.6022244815613525e-05,6.97334699655108e-05
3,7b5f35f69b7938a0c8d3,main,2,200,continuous,0.8,first_factor,noninferiority_power,0.23,0.025,0.5,1.0,10000,10000,True,4999,100000,power,unadjusted,refined_CRT_data,original_CRT_data,0.0,0.0,0,0,1.2000000000000306e-07,6.399999999999931e-07
3,7b5f35f69b7938a0c8d3,main,2,200,continuous,0.8,first_factor,noninferiority_power,0.23,0.025,0.5,1.0,10000,10000,True,4999,100000,power,unadjusted,refined_R_lattice,original_R_lattice,0.0001,0.00017321085474074658,2,1,-1.6022244815613525e-05,6.97334699655108e-05
3,7b5f35f69b7938a0c8d3,main,2,200,continuous,0.8,first_factor,noninferiority_power,0.23,0.025,0.5,1.0,10000,10000,True,4999,100000,power,unadjusted,refined_CRT_lattice,original_CRT_lattice,0.0004,0.00019996999474891224,4,0,-1.5963398415297474e-05,6.935945502728977e-05
3,7b5f35f69b7938a0c8d3,main,2,200,continuous,0.8,first_factor,noninferiority_power,0.23,0.025,0.5,1.0,10000,10000,True,4999,100000,power,unadjusted,refined_CRT_noise,original_CRT_noise,0.0,0.0,0,0,6.000000000000085e-08,7.400000000000008e-07
3,7b5f35f69b7938a0c8d3,main,2,200,continuous,0.8,first_factor,noninferiority_power,0.23,0.025,0.5,1.0,10000,10000,True,4999,100000,power,unadjusted,original_R_normal,RT,-0.0007,0.0011619320154814823,64,71,-1.8828511929503746e-05,0.001439543910036569
3,7b5f35f69b7938a0c8d3,main,2,200,continuous,0.8,first_factor,noninferiority_power,0.23,0.025,0.5,1.0,10000,10000,True,4999,100000,power,unadjusted,original_R_lattice,RT,-0.0007,0.0011619320154814823,64,71,-1.8828511929503746e-05,0.001439543910036569
3,7b5f35f69b7938a0c8d3,main,2,200,continuous,0.8,first_factor,noninferiority_power,0.23,0.025,0.5,1.0,10000,10000,True,4999,100000,power,unadjusted,original_CRT_lattice,original_CRT_data,-0.0011,0.0010999999999999998,55,66,-2.451756006892974e-05,0.001419645415392748
3,7b5f35f69b7938a0c8d3,main,2,200,continuous,0.8,first_factor,noninferiority_power,0.23,0.025,0.5,1.0,10000,10000,True,4999,100000,power,unadjusted,original_S_normal,original_CRT_data,-0.0011,0.0010999999999999998,55,66,-2.451756006892974e-05,0.001419645415392748
3,7b5f35f69b7938a0c8d3,main,2,200,continuous,0.8,first_factor,noninferiority_power,0.23,0.025,0.5,1.0,10000,10000,True,4999,100000,power,unadjusted,refined_R_normal,RT,-0.0006,0.0011576260232911922,64,70,-3.485075674511727e-05,0.0014388127926460619
3,7b5f35f69b7938a0c8d3,main,2,200,continuous,0.8,first_factor,noninferiority_power,0.23,0.025,0.5,1.0,10000,10000,True,4999,100000,power,unadjusted,refined_R_lattice,RT,-0.0006,0.0011576260232911922,64,70,-3.485075674511727e-05,0.0014388127926460619
3,7b5f35f69b7938a0c8d3,main,2,200,continuous,0.8,first_factor,noninferiority_power,0.23,0.025,0.5,1.0,10000,10000,True,4999,100000,power,unadjusted,refined_CRT_lattice,refined_CRT_data,-0.0007,0.0010816968183371344,55,62,-4.06009584842272e-05,0.0014193949075738176
3,7b5f35f69b7938a0c8d3,main,2,200,continuous,0.8,first_factor,noninferiority_power,0.23,0.025,0.5,1.0,10000,10000,True,4999,100000,power,unadjusted,refined_S_normal,refined_CRT_data,-0.0007,0.0010816968183371344,55,62,-4.06009584842272e-05,0.0014193949075738176
3,7b5f35f69b7938a0c8d3,main,2,200,continuous,0.8,first_factor,noninferiority_power,0.23,0.025,0.5,1.0,10000,10000,True,4999,100000,power,adjusted,refined_S_normal,original_S_normal,-0.0001,0.00010000000000000002,0,1,1.019491007236579e-06,1.0286115253505268e-06
3,7b5f35f69b7938a0c8d3,main,2,200,continuous,0.8,first_factor,noninferiority_power,0.23,0.025,0.5,1.0,10000,10000,True,4999,100000,power,adjusted,refined_R_normal,original_R_normal,0.0,0.0,0,0,1.0254592693672283e-06,1.0345303054893607e-06
3,7b5f35f69b7938a0c8d3,main,2,200,continuous,0.8,first_factor,noninferiority_power,0.23,0.025,0.5,1.0,10000,10000,True,4999,100000,power,adjusted,refined_CRT_data,original_CRT_data,0.0,0.0,0,0,1.9999999999999878e-08,1.9999999999999878e-08
3,7b5f35f69b7938a0c8d3,main,2,200,continuous,0.8,first_factor,noninferiority_power,0.23,0.025,0.5,1.0,10000,10000,True,4999,100000,power,adjusted,refined_R_lattice,original_R_lattice,0.0,0.0,0,0,1.0254592693672283e-06,1.0345303054893607e-06
3,7b5f35f69b7938a0c8d3,main,2,200,continuous,0.8,first_factor,noninferiority_power,0.23,0.025,0.5,1.0,10000,10000,True,4999,100000,power,adjusted,refined_CRT_lattice,original_CRT_lattice,-0.0001,0.00010000000000000002,0,1,1.019491007236579e-06,1.0286115253505268e-06
3,7b5f35f69b7938a0c8d3,main,2,200,continuous,0.8,first_factor,noninferiority_power,0.23,0.025,0.5,1.0,10000,10000,True,4999,100000,power,adjusted,refined_CRT_noise,original_CRT_noise,0.0,0.0,0,0,0.0,0.0
3,7b5f35f69b7938a0c8d3,main,2,200,continuous,0.8,first_factor,noninferiority_power,0.23,0.025,0.5,1.0,10000,10000,True,4999,100000,power,adjusted,original_R_normal,RT,-0.0007,0.0011000327300588468,57,64,-2.0245189353199295e-05,0.0014011280020711947
3,7b5f35f69b7938a0c8d3,main,2,200,continuous,0.8,first_factor,noninferiority_power,0.23,0.025,0.5,1.0,10000,10000,True,4999,100000,power,adjusted,original_R_lattice,RT,-0.0007,0.0011000327300588468,57,64,-2.0245189353199295e-05,0.0014011280020711947
3,7b5f35f69b7938a0c8d3,main,2,200,continuous,0.8,first_factor,noninferiority_power,0.23,0.025,0.5,1.0,10000,10000,True,4999,100000,power,adjusted,original_CRT_lattice,original_CRT_data,-0.0004,0.0010677537215111825,55,59,-2.557411721884682e-05,0.0013797250683006321
3,7b5f35f69b7938a0c8d3,main,2,200,continuous,0.8,first_factor,noninferiority_power,0.23,0.025,0.5,1.0,10000,10000,True,4999,100000,power,adjusted,original_S_normal,original_CRT_data,-0.0004,0.0010677537215111825,55,59,-2.557411721884682e-05,0.0013797250683006321
3,7b5f35f69b7938a0c8d3,main,2,200,continuous,0.8,first_factor,noninferiority_power,0.23,0.025,0.5,1.0,10000,10000,True,4999,100000,power,adjusted,refined_R_normal,RT,-0.0007,0.0011000327300588468,57,64,-1.921973008383206e-05,0.0014011754552926809
3,7b5f35f69b7938a0c8d3,main,2,200,continuous,0.8,first_factor,noninferiority_power,0.23,0.025,0.5,1.0,10000,10000,True,4999,100000,power,adjusted,refined_R_lattice,RT,-0.0007,0.0011000327300588468,57,64,-1.921973008383206e-05,0.0014011754552926809
3,7b5f35f69b7938a0c8d3,main,2,200,continuous,0.8,first_factor,noninferiority_power,0.23,0.025,0.5,1.0,10000,10000,True,4999,100000,power,adjusted,refined_CRT_lattice,refined_CRT_data,-0.0005,0.0010630559763252735,54,59,-2.457462621161025e-05,0.0013797442991293116
3,7b5f35f69b7938a0c8d3,main,2,200,continuous,0.8,first_factor,noninferiority_power,0.23,0.025,0.5,1.0,10000,10000,True,4999,100000,power,adjusted,refined_S_normal,refined_CRT_data,-0.0005,0.0010630559763252735,54,59,-2.457462621161025e-05,0.0013797442991293116
4,9583aab7040d6cdbfedd,main,2,200,continuous,0.8,interaction,superiority_null,0.0,0.05,0.5,1.0,100000,100000,True,4999,100000,type1,unadjusted,refined_S_normal,original_S_normal,0.00014,7.34837260798606e-05,34,20,-0.0001993430783245298,0.0008716883770727265
4,9583aab7040d6cdbfedd,main,2,200,continuous,0.8,interaction,superiority_null,0.0,0.05,0.5,1.0,100000,100000,True,4999,100000,type1,unadjusted,refined_R_normal,original_R_normal,2e-05,7.746002840536533e-05,31,29,-0.00019876396297508712,0.0008681390607608929
4,9583aab7040d6cdbfedd,main,2,200,continuous,0.8,interaction,superiority_null,0.0,0.05,0.5,1.0,100000,100000,True,4999,100000,type1,unadjusted,refined_CRT_data,original_CRT_data,2e-05,1.4142064912168937e-05,2,0,-6.339999999999974e-07,4.405999999999999e-06
4,9583aab7040d6cdbfedd,main,2,200,continuous,0.8,interaction,superiority_null,0.0,0.05,0.5,1.0,100000,100000,True,4999,100000,type1,unadjusted,refined_R_lattice,original_R_lattice,2e-05,7.746002840536533e-05,31,29,-0.00019876396297508712,0.0008681390607608929
4,9583aab7040d6cdbfedd,main,2,200,continuous,0.8,interaction,superiority_null,0.0,0.05,0.5,1.0,100000,100000,True,4999,100000,type1,unadjusted,refined_CRT_lattice,original_CRT_lattice,0.00014,7.34837260798606e-05,34,20,-0.0001993430783245298,0.0008716883770727265
4,9583aab7040d6cdbfedd,main,2,200,continuous,0.8,interaction,superiority_null,0.0,0.05,0.5,1.0,100000,100000,True,4999,100000,type1,unadjusted,refined_CRT_noise,original_CRT_noise,-1e-05,1e-05,0,1,-4.559999999999971e-07,3.5120000000000017e-06
4,9583aab7040d6cdbfedd,main,2,200,continuous,0.8,interaction,superiority_null,0.0,0.05,0.5,1.0,100000,100000,True,4999,100000,type1,unadjusted,original_R_normal,RT,-0.0008,0.0002204406630838771,203,283,-0.0004392400232810659,0.007492957113220607
4,9583aab7040d6cdbfedd,main,2,200,continuous,0.8,interaction,superiority_null,0.0,0.05,0.5,1.0,100000,100000,True,4999,100000,type1,unadjusted,original_R_lattice,RT,-0.0008,0.0002204406630838771,203,283,-0.0004392400232810659,0.007492957113220607
4,9583aab7040d6cdbfedd,main,2,200,continuous,0.8,interaction,superiority_null,0.0,0.05,0.5,1.0,100000,100000,True,4999,100000,type1,unadjusted,original_CRT_lattice,original_CRT_data,-0.00089,0.000220663920761096,199,288,-0.00043710961999815056,0.007489432602380015
4,9583aab7040d6cdbfedd,main,2,200,continuous,0.8,interaction,superiority_null,0.0,0.05,0.5,1.0,100000,100000,True,4999,100000,type1,unadjusted,original_S_normal,original_CRT_data,-0.00089,0.000220663920761096,199,288,-0.00043710961999815056,0.007489432602380015
4,9583aab7040d6cdbfedd,main,2,200,continuous,0.8,interaction,superiority_null,0.0,0.05,0.5,1.0,100000,100000,True,4999,100000,type1,unadjusted,refined_R_normal,RT,-0.00078,0.00022179812430243731,207,285,-0.0006380039862561531,0.00745112802782076
4,9583aab7040d6cdbfedd,main,2,200,continuous,0.8,interaction,superiority_null,0.0,0.05,0.5,1.0,100000,100000,True,4999,100000,type1,unadjusted,refined_R_lattice,RT,-0.00078,0.00022179812430243731,207,285,-0.0006380039862561531,0.00745112802782076
4,9583aab7040d6cdbfedd,main,2,200,continuous,0.8,interaction,superiority_null,0.0,0.05,0.5,1.0,100000,100000,True,4999,100000,type1,unadjusted,refined_CRT_lattice,refined_CRT_data,-0.00077,0.00022247374214872962,209,286,-0.0006358186983226803,0.007448157354094987
4,9583aab7040d6cdbfedd,main,2,200,continuous,0.8,interaction,superiority_null,0.0,0.05,0.5,1.0,100000,100000,True,4999,100000,type1,unadjusted,refined_S_normal,refined_CRT_data,-0.00077,0.00022247374214872962,209,286,-0.0006358186983226803,0.007448157354094987
4,9583aab7040d6cdbfedd,main,2,200,continuous,0.8,interaction,superiority_null,0.0,0.05,0.5,1.0,100000,100000,True,4999,100000,type1,adjusted,refined_S_normal,original_S_normal,0.0,0.0,0,0,5.872350912339957e-06,5.872350912339957e-06
4,9583aab7040d6cdbfedd,main,2,200,continuous,0.8,interaction,superiority_null,0.0,0.05,0.5,1.0,100000,100000,True,4999,100000,type1,adjusted,refined_R_normal,original_R_normal,0.0,0.0,0,0,5.8478989656257845e-06,5.8478989656257845e-06
4,9583aab7040d6cdbfedd,main,2,200,continuous,0.8,interaction,superiority_null,0.0,0.05,0.5,1.0,100000,100000,True,4999,100000,type1,adjusted,refined_CRT_data,original_CRT_data,0.0,0.0,0,0,1.799999999999968e-08,3.000000000000058e-08
4,9583aab7040d6cdbfedd,main,2,200,continuous,0.8,interaction,superiority_null,0.0,0.05,0.5,1.0,100000,100000,True,4999,100000,type1,adjusted,refined_R_lattice,original_R_lattice,0.0,0.0,0,0,5.8478989656257845e-06,5.8478989656257845e-06
4,9583aab7040d6cdbfedd,main,2,200,continuous,0.8,interaction,superiority_null,0.0,0.05,0.5,1.0,100000,100000,True,4999,100000,type1,adjusted,refined_CRT_lattice,original_CRT_lattice,0.0,0.0,0,0,5.872350912339957e-06,5.872350912339957e-06
4,9583aab7040d6cdbfedd,main,2,200,continuous,0.8,interaction,superiority_null,0.0,0.05,0.5,1.0,100000,100000,True,4999,100000,type1,adjusted,refined_CRT_noise,original_CRT_noise,0.0,0.0,0,0,1.8000000000001313e-08,3.000000000000048e-08
4,9583aab7040d6cdbfedd,main,2,200,continuous,0.8,interaction,superiority_null,0.0,0.05,0.5,1.0,100000,100000,True,4999,100000,type1,adjusted,original_R_normal,RT,-0.00066,0.00022404496415108198,218,284,-0.0006640799731389478,0.007417344821060919
4,9583aab7040d6cdbfedd,main,2,200,continuous,0.8,interaction,superiority_null,0.0,0.05,0.5,1.0,100000,100000,True,4999,100000,type1,adjusted,original_R_lattice,RT,-0.00066,0.00022404496415108198,218,284,-0.0006640799731389478,0.007417344821060919
4,9583aab7040d6cdbfedd,main,2,200,continuous,0.8,interaction,superiority_null,0.0,0.05,0.5,1.0,100000,100000,True,4999,100000,type1,adjusted,original_CRT_lattice,original_CRT_data,-0.00077,0.00022868011270318073,223,300,-0.000662448724098455,0.0074160009162024835
4,9583aab7040d6cdbfedd,main,2,200,continuous,0.8,interaction,superiority_null,0.0,0.05,0.5,1.0,100000,100000,True,4999,100000,type1,adjusted,original_S_normal,original_CRT_data,-0.00077,0.00022868011270318073,223,300,-0.000662448724098455,0.0074160009162024835
4,9583aab7040d6cdbfedd,main,2,200,continuous,0.8,interaction,superiority_null,0.0,0.05,0.5,1.0,100000,100000,True,4999,100000,type1,adjusted,refined_R_normal,RT,-0.00066,0.00022404496415108198,218,284,-0.000658232074173322,0.007417002027510985
4,9583aab7040d6cdbfedd,main,2,200,continuous,0.8,interaction,superiority_null,0.0,0.05,0.5,1.0,100000,100000,True,4999,100000,type1,adjusted,refined_R_lattice,RT,-0.00066,0.00022404496415108198,218,284,-0.000658232074173322,0.007417002027510985
4,9583aab7040d6cdbfedd,main,2,200,continuous,0.8,interaction,superiority_null,0.0,0.05,0.5,1.0,100000,100000,True,4999,100000,type1,adjusted,refined_CRT_lattice,refined_CRT_data,-0.00077,0.00022868011270318073,223,300,-0.000656594373186115,0.007415646292368824
4,9583aab7040d6cdbfedd,main,2,200,continuous,0.8,interaction,superiority_null,0.0,0.05,0.5,1.0,100000,100000,True,4999,100000,type1,adjusted,refined_S_normal,refined_CRT_data,-0.00077,0.00022868011270318073,223,300,-0.000656594373186115,0.007415646292368824
5,49367c13536fa567ad5e,main,2,200,continuous,0.8,interaction,superiority_power,0.43,0.05,0.5,1.0,10000,10000,True,4999,100000,power,unadjusted,refined_S_normal,original_S_normal,0.0007,0.00033160518120140995,9,2,-6.444341712354362e-05,0.0003177871721305551
5,49367c13536fa567ad5e,main,2,200,continuous,0.8,interaction,superiority_power,0.43,0.05,0.5,1.0,10000,10000,True,4999,100000,power,unadjusted,refined_R_normal,original_R_normal,0.0006,0.00034637551530060547,9,3,-6.45928759780604e-05,0.00031912349515068097
5,49367c13536fa567ad5e,main,2,200,continuous,0.8,interaction,superiority_power,0.43,0.05,0.5,1.0,10000,10000,True,4999,100000,power,unadjusted,refined_CRT_data,original_CRT_data,0.0,0.0,0,0,3.999999999998779e-08,2.8800000000000025e-06
5,49367c13536fa567ad5e,main,2,200,continuous,0.8,interaction,superiority_power,0.43,0.05,0.5,1.0,10000,10000,True,4999,100000,power,unadjusted,refined_R_lattice,original_R_lattice,0.0006,0.00034637551530060547,9,3,-6.45928759780604e-05,0.00031912349515068097
5,49367c13536fa567ad5e,main,2,200,continuous,0.8,interaction,superiority_power,0.43,0.05,0.5,1.0,10000,10000,True,4999,100000,power,unadjusted,refined_CRT_lattice,original_CRT_lattice,0.0007,0.00033160518120140995,9,2,-6.444341712354362e-05,0.0003177871721305551
5,49367c13536fa567ad5e,main,2,200,continuous,0.8,interaction,superiority_power,0.43,0.05,0.5,1.0,10000,10000,True,4999,100000,power,unadjusted,refined_CRT_noise,original_CRT_noise,0.0001,0.0001,1,0,-1.7999999999999063e-07,2.3400000000000127e-06
5,49367c13536fa567ad5e,main,2,200,continuous,0.8,interaction,superiority_power,0.43,0.05,0.5,1.0,10000,10000,True,4999,100000,power,unadjusted,original_R_normal,RT,-0.0027,0.0011266756142714635,50,77,9.744577932221436e-05,0.0027414828939193096
5,49367c13536fa567ad5e,main,2,200,continuous,0.8,interaction,superiority_power,0.43,0.05,0.5,1.0,10000,10000,True,4999,100000,power,unadjusted,original_R_lattice,RT,-0.0027,0.0011266756142714635,50,77,9.744577932221436e-05,0.0027414828939193096
5,49367c13536fa567ad5e,main,2,200,continuous,0.8,interaction,superiority_power,0.43,0.05,0.5,1.0,10000,10000,True,4999,100000,power,unadjusted,original_CRT_lattice,original_CRT_data,-0.0032,0.0010950323783299556,44,76,9.011533922868591e-05,0.0027140103790862903
5,49367c13536fa567ad5e,main,2,200,continuous,0.8,interaction,superiority_power,0.43,0.05,0.5,1.0,10000,10000,True,4999,100000,power,unadjusted,original_S_normal,original_CRT_data,-0.0032,0.0010950323783299556,44,76,9.011533922868591e-05,0.0027140103790862903
5,49367c13536fa567ad5e,main,2,200,continuous,0.8,interaction,superiority_power,0.43,0.05,0.5,1.0,10000,10000,True,4999,100000,power,unadjusted,refined_R_normal,RT,-0.0021,0.0011356442967746896,54,75,3.2852903344153966e-05,0.002731212155527881
5,49367c13536fa567ad5e,main,2,200,continuous,0.8,interaction,superiority_power,0.43,0.05,0.5,1.0,10000,10000,True,4999,100000,power,unadjusted,refined_R_lattice,RT,-0.0021,0.0011356442967746896,54,75,3.2852903344153966e-05,0.002731212155527881
5,49367c13536fa567ad5e,main,2,200,continuous,0.8,interaction,superiority_power,0.43,0.05,0.5,1.0,10000,10000,True,4999,100000,power,unadjusted,refined_CRT_lattice,refined_CRT_data,-0.0025,0.0010997708623140365,48,73,2.5631922105142313e-05,0.0027042980402703413
5,49367c13536fa567ad5e,main,2,200,continuous,0.8,interaction,superiority_power,0.43,0.05,0.5,1.0,10000,10000,True,4999,100000,power,unadjusted,refined_S_normal,refined_CRT_data,-0.0025,0.0010997708623140365,48,73,2.5631922105142313e-05,0.0027042980402703413
5,49367c13536fa567ad5e,main,2,200,continuous,0.8,interaction,superiority_power,0.43,0.05,0.5,1.0,10000,10000,True,4999,100000,power,adjusted,refined_S_normal,original_S_normal,0.0,0.0,0,0,2.183835628804988e-06,2.183835628804988e-06
5,49367c13536fa567ad5e,main,2,200,continuous,0.8,interaction,superiority_power,0.43,0.05,0.5,1.0,10000,10000,True,4999,100000,power,adjusted,refined_R_normal,original_R_normal,0.0,0.0,0,0,2.1935514807163263e-06,2.1935514807163263e-06
5,49367c13536fa567ad5e,main,2,200,continuous,0.8,interaction,superiority_power,0.43,0.05,0.5,1.0,10000,10000,True,4999,100000,power,adjusted,refined_CRT_data,original_CRT_data,0.0,0.0,0,0,4.000000000000005e-08,4.000000000000005e-08
5,49367c13536fa567ad5e,main,2,200,continuous,0.8,interaction,superiority_power,0.43,0.05,0.5,1.0,10000,10000,True,4999,100000,power,adjusted,refined_R_lattice,original_R_lattice,0.0,0.0,0,0,2.1935514807163263e-06,2.1935514807163263e-06
5,49367c13536fa567ad5e,main,2,200,continuous,0.8,interaction,superiority_power,0.43,0.05,0.5,1.0,10000,10000,True,4999,100000,power,adjusted,refined_CRT_lattice,original_CRT_lattice,0.0,0.0,0,0,2.183835628804988e-06,2.183835628804988e-06
5,49367c13536fa567ad5e,main,2,200,continuous,0.8,interaction,superiority_power,0.43,0.05,0.5,1.0,10000,10000,True,4999,100000,power,adjusted,refined_CRT_noise,original_CRT_noise,0.0,0.0,0,0,0.0,0.0
5,49367c13536fa567ad5e,main,2,200,continuous,0.8,interaction,superiority_power,0.43,0.05,0.5,1.0,10000,10000,True,4999,100000,power,adjusted,original_R_normal,RT,-0.0009,0.0011180536679428405,58,67,3.911912353645656e-05,0.0027052491056167895
5,49367c13536fa567ad5e,main,2,200,continuous,0.8,interaction,superiority_power,0.43,0.05,0.5,1.0,10000,10000,True,4999,100000,power,adjusted,original_R_lattice,RT,-0.0009,0.0011180536679428405,58,67,3.911912353645656e-05,0.0027052491056167895
5,49367c13536fa567ad5e,main,2,200,continuous,0.8,interaction,superiority_power,0.43,0.05,0.5,1.0,10000,10000,True,4999,100000,power,adjusted,original_CRT_lattice,original_CRT_data,-0.0011,0.001153261462635477,61,72,3.0321132675818818e-05,0.0026662181760292118
5,49367c13536fa567ad5e,main,2,200,continuous,0.8,interaction,superiority_power,0.43,0.05,0.5,1.0,10000,10000,True,4999,100000,power,adjusted,original_S_normal,original_CRT_data,-0.0011,0.001153261462635477,61,72,3.0321132675818818e-05,0.0026662181760292118
5,49367c13536fa567ad5e,main,2,200,continuous,0.8,interaction,superiority_power,0.43,0.05,0.5,1.0,10000,10000,True,4999,100000,power,adjusted,refined_R_normal,RT,-0.0009,0.0011180536679428405,58,67,4.131267501717292e-05,0.0027053162635810916
5,49367c13536fa567ad5e,main,2,200,continuous,0.8,interaction,superiority_power,0.43,0.05,0.5,1.0,10000,10000,True,4999,100000,power,adjusted,refined_R_lattice,RT,-0.0009,0.0011180536679428405,58,67,4.131267501717292e-05,0.0027053162635810916
5,49367c13536fa567ad5e,main,2,200,continuous,0.8,interaction,superiority_power,0.43,0.05,0.5,1.0,10000,10000,True,4999,100000,power,adjusted,refined_CRT_lattice,refined_CRT_data,-0.0011,0.001153261462635477,61,72,3.246496830462379e-05,0.0026663161532686545
5,49367c13536fa567ad5e,main,2,200,continuous,0.8,interaction,superiority_power,0.43,0.05,0.5,1.0,10000,10000,True,4999,100000,power,adjusted,refined_S_normal,refined_CRT_data,-0.0011,0.001153261462635477,61,72,3.246496830462379e-05,0.0026663161532686545
6,048aff38bf02e7e4552f,main,2,200,continuous,0.8,interaction,noninferiority_null,-0.2,0.025,0.5,1.0,100000,100000,True,4999,100000,type1,unadjusted,refined_S_normal,original_S_normal,0.00015,5.7443955278862726e-05,24,9,-1.9174853182864513e-05,0.00044205961493758546
6,048aff38bf02e7e4552f,main,2,200,continuous,0.8,interaction,noninferiority_null,-0.2,0.025,0.5,1.0,100000,100000,True,4999,100000,type1,unadjusted,refined_R_normal,original_R_normal,0.0002,5.656528967768097e-05,26,6,-1.9250034606291188e-05,0.00044027034482498593
6,048aff38bf02e7e4552f,main,2,200,continuous,0.8,interaction,noninferiority_null,-0.2,0.025,0.5,1.0,100000,100000,True,4999,100000,type1,unadjusted,refined_CRT_data,original_CRT_data,0.0,0.0,0,0,1.0799999999998228e-07,2.199999999999982e-06
6,048aff38bf02e7e4552f,main,2,200,continuous,0.8,interaction,noninferiority_null,-0.2,0.025,0.5,1.0,100000,100000,True,4999,100000,type1,unadjusted,refined_R_lattice,original_R_lattice,0.0002,5.656528967768097e-05,26,6,-1.9250034606291188e-05,0.00044027034482498593
6,048aff38bf02e7e4552f,main,2,200,continuous,0.8,interaction,noninferiority_null,-0.2,0.025,0.5,1.0,100000,100000,True,4999,100000,type1,unadjusted,refined_CRT_lattice,original_CRT_lattice,0.00015,5.7443955278862726e-05,24,9,-1.9174853182864513e-05,0.00044205961493758546
6,048aff38bf02e7e4552f,main,2,200,continuous,0.8,interaction,noninferiority_null,-0.2,0.025,0.5,1.0,100000,100000,True,4999,100000,type1,unadjusted,refined_CRT_noise,original_CRT_noise,0.0,0.0,0,0,1.4599999999999644e-07,1.786000000000019e-06
6,048aff38bf02e7e4552f,main,2,200,continuous,0.8,interaction,noninferiority_null,-0.2,0.025,0.5,1.0,100000,100000,True,4999,100000,type1,unadjusted,original_R_normal,RT,-0.00051,0.0001670259799455754,114,165,-5.949059577216966e-05,0.005538757595455938
6,048aff38bf02e7e4552f,main,2,200,continuous,0.8,interaction,noninferiority_null,-0.2,0.025,0.5,1.0,100000,100000,True,4999,100000,type1,unadjusted,original_R_lattice,RT,-0.00051,0.0001670259799455754,114,165,-5.949059577216966e-05,0.005538757595455938
6,048aff38bf02e7e4552f,main,2,200,continuous,0.8,interaction,noninferiority_null,-0.2,0.025,0.5,1.0,100000,100000,True,4999,100000,type1,unadjusted,original_CRT_lattice,original_CRT_data,-0.00043,0.0001664284470404018,117,160,-6.037304870696385e-05,0.005534910788449871
6,048aff38bf02e7e4552f,main,2,200,continuous,0.8,interaction,noninferiority_null,-0.2,0.025,0.5,1.0,100000,100000,True,4999,100000,type1,unadjusted,original_S_normal,original_CRT_data,-0.00043,0.0001664284470404018,117,160,-6.037304870696385e-05,0.005534910788449871
6,048aff38bf02e7e4552f,main,2,200,continuous,0.8,interaction,noninferiority_null,-0.2,0.025,0.5,1.0,100000,100000,True,4999,100000,type1,unadjusted,refined_R_normal,RT,-0.00031,0.00016762851783989479,125,156,-7.874063037846085e-05,0.005522883070465147
6,048aff38bf02e7e4552f,main,2,200,continuous,0.8,interaction,noninferiority_null,-0.2,0.025,0.5,1.0,100000,100000,True,4999,100000,type1,unadjusted,refined_R_lattice,RT,-0.00031,0.00016762851783989479,125,156,-7.874063037846085e-05,0.005522883070465147
6,048aff38bf02e7e4552f,main,2,200,continuous,0.8,interaction,noninferiority_null,-0.2,0.025,0.5,1.0,100000,100000,True,4999,100000,type1,unadjusted,refined_CRT_lattice,refined_CRT_data,-0.00028,0.0001661309483357028,124,152,-7.965590188982833e-05,0.005519156010711148
6,048aff38bf02e7e4552f,main,2,200,continuous,0.8,interaction,noninferiority_null,-0.2,0.025,0.5,1.0,100000,100000,True,4999,100000,type1,unadjusted,refined_S_normal,refined_CRT_data,-0.00028,0.0001661309483357028,124,152,-7.965590188982833e-05,0.005519156010711148
6,048aff38bf02e7e4552f,main,2,200,continuous,0.8,interaction,noninferiority_null,-0.2,0.025,0.5,1.0,100000,100000,True,4999,100000,type1,adjusted,refined_S_normal,original_S_normal,0.0,0.0,0,0,-7.728427056402635e-10,2.9470781975649724e-06
6,048aff38bf02e7e4552f,main,2,200,continuous,0.8,interaction,noninferiority_null,-0.2,0.025,0.5,1.0,100000,100000,True,4999,100000,type1,adjusted,refined_R_normal,original_R_normal,-1e-05,1e-05,0,1,-9.852940743131968e-10,2.934838433073426e-06
6,048aff38bf02e7e4552f,main,2,200,continuous,0.8,interaction,noninferiority_null,-0.2,0.025,0.5,1.0,100000,100000,True,4999,100000,type1,adjusted,refined_CRT_data,original_CRT_data,0.0,0.0,0,0,2.000000000000196e-09,9.999999999999315e-09
6,048aff38bf02e7e4552f,main,2,200,continuous,0.8,interaction,noninferiority_null,-0.2,0.025,0.5,1.0,100000,100000,True,4999,100000,type1,adjusted,refined_R_lattice,original_R_lattice,-1e-05,1e-05,0,1,-9.852940743131968e-10,2.934838433073426e-06
6,048aff38bf02e7e4552f,main,2,200,continuous,0.8,interaction,noninferiority_null,-0.2,0.025,0.5,1.0,100000,100000,True,4999,100000,type1,adjusted,refined_CRT_lattice,original_CRT_lattice,0.0,0.0,0,0,-7.728427056402635e-10,2.9470781975649724e-06
6,048aff38bf02e7e4552f,main,2,200,continuous,0.8,interaction,noninferiority_null,-0.2,0.025,0.5,1.0,100000,100000,True,4999,100000,type1,adjusted,refined_CRT_noise,original_CRT_noise,0.0,0.0,0,0,1.9999999999997797e-09,1.9999999999997797e-09
6,048aff38bf02e7e4552f,main,2,200,continuous,0.8,interaction,noninferiority_null,-0.2,0.025,0.5,1.0,100000,100000,True,4999,100000,type1,adjusted,original_R_normal,RT,-6e-05,0.00017088082397554154,143,149,-7.53045381862457e-05,0.00551811759721828
6,048aff38bf02e7e4552f,main,2,200,continuous,0.8,interaction,noninferiority_null,-0.2,0.025,0.5,1.0,100000,100000,True,4999,100000,type1,adjusted,original_R_lattice,RT,-6e-05,0.00017088082397554154,143,149,-7.53045381862457e-05,0.00551811759721828
6,048aff38bf02e7e4552f,main,2,200,continuous,0.8,interaction,noninferiority_null,-0.2,0.025,0.5,1.0,100000,100000,True,4999,100000,type1,adjusted,original_CRT_lattice,original_CRT_data,-0.0002,0.0001691150082011055,133,153,-7.415133678553058e-05,0.005513990433305683
6,048aff38bf02e7e4552f,main,2,200,continuous,0.8,interaction,noninferiority_null,-0.2,0.025,0.5,1.0,100000,100000,True,4999,100000,type1,adjusted,original_S_normal,original_CRT_data,-0.0002,0.0001691150082011055,133,153,-7.415133678553058e-05,0.005513990433305683
6,048aff38bf02e7e4552f,main,2,200,continuous,0.8,interaction,noninferiority_null,-0.2,0.025,0.5,1.0,100000,100000,True,4999,100000,type1,adjusted,refined_R_normal,RT,-7e-05,0.0001705879304125002,142,149,-7.530552348032002e-05,0.005518002635357655
6,048aff38bf02e7e4552f,main,2,200,continuous,0.8,interaction,noninferiority_null,-0.2,0.025,0.5,1.0,100000,100000,True,4999,100000,type1,adjusted,refined_R_lattice,RT,-7e-05,0.0001705879304125002,142,149,-7.530552348032002e-05,0.005518002635357655
6,048aff38bf02e7e4552f,main,2,200,continuous,0.8,interaction,noninferiority_null,-0.2,0.025,0.5,1.0,100000,100000,True,4999,100000,type1,adjusted,refined_CRT_lattice,refined_CRT_data,-0.0002,0.0001691150082011055,133,153,-7.415410962823623e-05,0.0055138818249778395
6,048aff38bf02e7e4552f,main,2,200,continuous,0.8,interaction,noninferiority_null,-0.2,0.025,0.5,1.0,100000,100000,True,4999,100000,type1,adjusted,refined_S_normal,refined_CRT_data,-0.0002,0.0001691150082011055,133,153,-7.415410962823623e-05,0.0055138818249778395
7,3ece823d1c4f56547455,main,2,200,continuous,0.8,interaction,noninferiority_power,0.23,0.025,0.5,1.0,10000,10000,True,4999,100000,power,unadjusted,refined_S_normal,original_S_normal,0.0002,0.0003741791028372643,8,6,-2.91656864117611e-05,0.00015943691963751983
7,3ece823d1c4f56547455,main,2,200,continuous,0.8,interaction,noninferiority_power,0.23,0.025,0.5,1.0,10000,10000,True,4999,100000,power,unadjusted,refined_R_normal,original_R_normal,-0.0001,0.0003873164099288075,7,8,-2.92833894746299e-05,0.00016006670943097175
7,3ece823d1c4f56547455,main,2,200,continuous,0.8,interaction,noninferiority_power,0.23,0.025,0.5,1.0,10000,10000,True,4999,100000,power,unadjusted,refined_CRT_data,original_CRT_data,0.0001,0.00010000000000000002,1,0,-1.2000000000000669e-07,1.5200000000000079e-06
7,3ece823d1c4f56547455,main,2,200,continuous,0.8,interaction,noninferiority_power,0.23,0.025,0.5,1.0,10000,10000,True,4999,100000,power,unadjusted,refined_R_lattice,original_R_lattice,-0.0001,0.0003873164099288075,7,8,-2.92833894746299e-05,0.00016006670943097175
7,3ece823d1c4f56547455,main,2,200,continuous,0.8,interaction,noninferiority_power,0.23,0.025,0.5,1.0,10000,10000,True,4999,100000,power,unadjusted,refined_CRT_lattice,original_CRT_lattice,0.0002,0.0003741791028372643,8,6,-2.91656864117611e-05,0.00015943691963751983
7,3ece823d1c4f56547455,main,2,200,continuous,0.8,interaction,noninferiority_power,0.23,0.025,0.5,1.0,10000,10000,True,4999,100000,power,unadjusted,refined_CRT_noise,original_CRT_noise,0.0,0.0,0,0,-9.999999999999319e-08,1.3400000000000037e-06
7,3ece823d1c4f56547455,main,2,200,continuous,0.8,interaction,noninferiority_power,0.23,0.025,0.5,1.0,10000,10000,True,4999,100000,power,unadjusted,original_R_normal,RT,-0.0004,0.0011402254213098127,63,67,-3.038757900093936e-05,0.0015828177934583347
7,3ece823d1c4f56547455,main,2,200,continuous,0.8,interaction,noninferiority_power,0.23,0.025,0.5,1.0,10000,10000,True,4999,100000,power,unadjusted,original_R_lattice,RT,-0.0004,0.0011402254213098127,63,67,-3.038757900093936e-05,0.0015828177934583347
7,3ece823d1c4f56547455,main,2,200,continuous,0.8,interaction,noninferiority_power,0.23,0.025,0.5,1.0,10000,10000,True,4999,100000,power,unadjusted,original_CRT_lattice,original_CRT_data,-0.0006,0.00113141151187396,61,67,-4.106280026905598e-05,0.001565837027140487
7,3ece823d1c4f56547455,main,2,200,continuous,0.8,interaction,noninferiority_power,0.23,0.025,0.5,1.0,10000,10000,True,4999,100000,power,unadjusted,original_S_normal,original_CRT_data,-0.0006,0.00113141151187396,61,67,-4.106280026905598e-05,0.001565837027140487
7,3ece823d1c4f56547455,main,2,200,continuous,0.8,interaction,noninferiority_power,0.23,0.025,0.5,1.0,10000,10000,True,4999,100000,power,unadjusted,refined_R_normal,RT,-0.0005,0.0011269880257576033,61,66,-5.967096847556926e-05,0.001574846318423188
7,3ece823d1c4f56547455,main,2,200,continuous,0.8,interaction,noninferiority_power,0.23,0.025,0.5,1.0,10000,10000,True,4999,100000,power,unadjusted,refined_R_lattice,RT,-0.0005,0.0011269880257576033,61,66,-5.967096847556926e-05,0.001574846318423188
7,3ece823d1c4f56547455,main,2,200,continuous,0.8,interaction,noninferiority_power,0.23,0.025,0.5,1.0,10000,10000,True,4999,100000,power,unadjusted,refined_CRT_lattice,refined_CRT_data,-0.0005,0.0011090978359914782,59,64,-7.010848668081707e-05,0.001557079838228538
7,3ece823d1c4f56547455,main,2,200,continuous,0.8,interaction,noninferiority_power,0.23,0.025,0.5,1.0,10000,10000,True,4999,100000,power,unadjusted,refined_S_normal,refined_CRT_data,-0.0005,0.0011090978359914782,59,64,-7.010848668081707e-05,0.001557079838228538
7,3ece823d1c4f56547455,main,2,200,continuous,0.8,interaction,noninferiority_power,0.23,0.025,0.5,1.0,10000,10000,True,4999,100000,power,adjusted,refined_S_normal,original_S_normal,0.0,0.0,0,0,1.0842453396803747e-06,1.0945949769578815e-06
7,3ece823d1c4f56547455,main,2,200,continuous,0.8,interaction,noninferiority_power,0.23,0.025,0.5,1.0,10000,10000,True,4999,100000,power,adjusted,refined_R_normal,original_R_normal,0.0,0.0,0,0,1.0888125020582516e-06,1.0991058283420907e-06
7,3ece823d1c4f56547455,main,2,200,continuous,0.8,interaction,noninferiority_power,0.23,0.025,0.5,1.0,10000,10000,True,4999,100000,power,adjusted,refined_CRT_data,original_CRT_data,0.0,0.0,0,0,0.0,0.0
7,3ece823d1c4f56547455,main,2,200,continuous,0.8,interaction,noninferiority_power,0.23,0.025,0.5,1.0,10000,10000,True,4999,100000,power,adjusted,refined_R_lattice,original_R_lattice,0.0,0.0,0,0,1.0888125020582516e-06,1.0991058283420907e-06
7,3ece823d1c4f56547455,main,2,200,continuous,0.8,interaction,noninferiority_power,0.23,0.025,0.5,1.0,10000,10000,True,4999,100000,power,adjusted,refined_CRT_lattice,original_CRT_lattice,0.0,0.0,0,0,1.0842453396803747e-06,1.0945949769578815e-06
7,3ece823d1c4f56547455,main,2,200,continuous,0.8,interaction,noninferiority_power,0.23,0.025,0.5,1.0,10000,10000,True,4999,100000,power,adjusted,refined_CRT_noise,original_CRT_noise,0.0,0.0,0,0,0.0,0.0
7,3ece823d1c4f56547455,main,2,200,continuous,0.8,interaction,noninferiority_power,0.23,0.025,0.5,1.0,10000,10000,True,4999,100000,power,adjusted,original_R_normal,RT,-0.0002,0.0011832734314609452,69,71,-5.877922758639795e-05,0.001562582842442365
7,3ece823d1c4f56547455,main,2,200,continuous,0.8,interaction,noninferiority_power,0.23,0.025,0.5,1.0,10000,10000,True,4999,100000,power,adjusted,original_R_lattice,RT,-0.0002,0.0011832734314609452,69,71,-5.877922758639795e-05,0.001562582842442365
7,3ece823d1c4f56547455,main,2,200,continuous,0.8,interaction,noninferiority_power,0.23,0.025,0.5,1.0,10000,10000,True,4999,100000,power,adjusted,original_CRT_lattice,original_CRT_data,-0.0004,0.00118326836026374,68,72,-6.293349118391799e-05,0.0015447694147353187
7,3ece823d1c4f56547455,main,2,200,continuous,0.8,interaction,noninferiority_power,0.23,0.025,0.5,1.0,10000,10000,True,4999,100000,power,adjusted,original_S_normal,original_CRT_data,-0.0004,0.00118326836026374,68,72,-6.293349118391799e-05,0.0015447694147353187
7,3ece823d1c4f56547455,main,2,200,continuous,0.8,interaction,noninferiority_power,0.23,0.025,0.5,1.0,10000,10000,True,4999,100000,power,adjusted,refined_R_normal,RT,-0.0002,0.0011832734314609452,69,71,-5.7690415084339694e-05,0.0015626097570983824
7,3ece823d1c4f56547455,main,2,200,continuous,0.8,interaction,noninferiority_power,0.23,0.025,0.5,1.0,10000,10000,True,4999,100000,power,adjusted,refined_R_lattice,RT,-0.0002,0.0011832734314609452,69,71,-5.7690415084339694e-05,0.0015626097570983824
7,3ece823d1c4f56547455,main,2,200,continuous,0.8,interaction,noninferiority_power,0.23,0.025,0.5,1.0,10000,10000,True,4999,100000,power,adjusted,refined_CRT_lattice,refined_CRT_data,-0.0004,0.00118326836026374,68,72,-6.184924584423761e-05,0.0015447954531310995
7,3ece823d1c4f56547455,main,2,200,continuous,0.8,interaction,noninferiority_power,0.23,0.025,0.5,1.0,10000,10000,True,4999,100000,power,adjusted,refined_S_normal,refined_CRT_data,-0.0004,0.00118326836026374,68,72,-6.184924584423761e-05,0.0015447954531310995
8,91f3e97730882aa0b880,main,2,200,binary,0.8,first_factor,superiority_null,0.0,0.05,0.12,1.0,100000,100000,True,4999,100000,type1,unadjusted,refined_S_normal,original_S_normal,-2e-05,3.4641131622393644e-05,5,7,-2.3541884669325583e-05,0.0001353673618986774
8,91f3e97730882aa0b880,main,2,200,binary,0.8,first_factor,superiority_null,0.0,0.05,0.12,1.0,100000,100000,True,4999,100000,type1,unadjusted,refined_R_normal,original_R_normal,0.0,3.464118935775735e-05,6,6,-2.346939839378532e-05,0.00013497766262512528
8,91f3e97730882aa0b880,main,2,200,binary,0.8,first_factor,superiority_null,0.0,0.05,0.12,1.0,100000,100000,True,4999,100000,type1,unadjusted,refined_CRT_data,original_CRT_data,0.0,0.0,0,0,0.0,0.0
8,91f3e97730882aa0b880,main,2,200,binary,0.8,first_factor,superiority_null,0.0,0.05,0.12,1.0,100000,100000,True,4999,100000,type1,unadjusted,refined_R_lattice,original_R_lattice,4e-05,3.9999999999999996e-05,10,6,-2.1889415254665455e-05,0.00012594192329863792
8,91f3e97730882aa0b880,main,2,200,binary,0.8,first_factor,superiority_null,0.0,0.05,0.12,1.0,100000,100000,True,4999,100000,type1,unadjusted,refined_CRT_lattice,original_CRT_lattice,4e-05,3.9999999999999996e-05,10,6,-2.188883099204955e-05,0.00012594089716802472
8,91f3e97730882aa0b880,main,2,200,binary,0.8,first_factor,superiority_null,0.0,0.05,0.12,1.0,100000,100000,True,4999,100000,type1,unadjusted,refined_CRT_noise,original_CRT_noise,0.0,0.0,0,0,0.0,0.0
8,91f3e97730882aa0b880,main,2,200,binary,0.8,first_factor,superiority_null,0.0,0.05,0.12,1.0,100000,100000,True,4999,100000,type1,unadjusted,original_R_normal,RT,0.00617,0.0002718824198077213,680,63,-0.03898088201887258,0.04036389226271665
8,91f3e97730882aa0b880,main,2,200,binary,0.8,first_factor,superiority_null,0.0,0.05,0.12,1.0,100000,100000,True,4999,100000,type1,unadjusted,original_R_lattice,RT,-0.0016,0.00021441748937201338,150,310,0.0010633294060963196,0.007170874446536825
8,91f3e97730882aa0b880,main,2,200,binary,0.8,first_factor,superiority_null,0.0,0.05,0.12,1.0,100000,100000,True,4999,100000,type1,unadjusted,original_CRT_lattice,original_CRT_data,-0.00158,0.00021395208284786,150,308,0.0010631535217767972,0.007170904495246018
8,91f3e97730882aa0b880,main,2,200,binary,0.8,first_factor,superiority_null,0.0,0.05,0.12,1.0,100000,100000,True,4999,100000,type1,unadjusted,original_S_normal,original_CRT_data,0.00659,0.0002786870927491201,720,61,-0.039493630598609886,0.04079097526749328
8,91f3e97730882aa0b880,main,2,200,binary,0.8,first_factor,superiority_null,0.0,0.05,0.12,1.0,100000,100000,True,4999,100000,type1,unadjusted,refined_R_normal,RT,0.00617,0.00027224998108452093,681,64,-0.03900435141726636,0.04038322338901121
8,91f3e97730882aa0b880,main,2,200,binary,0.8,first_factor,superiority_null,0.0,0.05,0.12,1.0,100000,100000,True,4999,100000,type1,unadjusted,refined_R_lattice,RT,-0.00156,0.0002139535504758395,151,307,0.001041439990841654,0.007167172809345684
8,91f3e97730882aa0b880,main,2,200,binary,0.8,first_factor,superiority_null,0.0,0.05,0.12,1.0,100000,100000,True,4999,100000,type1,unadjusted,refined_CRT_lattice,refined_CRT_data,-0.00154,0.0002134870950839832,151,305,0.0010412646907847476,0.007167195082110759
8,91f3e97730882aa0b880,main,2,200,binary,0.8,first_factor,superiority_null,0.0,0.05,0.12,1.0,100000,100000,True,4999,100000,type1,unadjusted,refined_S_normal,refined_CRT_data,0.00657,0.0002783327607222278,718,61,-0.03951717248327921,0.04081067152117887
8,91f3e97730882aa0b880,main,2,200,binary,0.8,first_factor,superiority_null,0.0,0.05,0.12,1.0,100000,100000,True,4999,100000,type1,adjusted,refined_S_normal,original_S_normal,-1e-05,9.999999999999999e-06,0,1,6.372644940789287e-06,6.372644940789287e-06
8,91f3e97730882aa0b880,main,2,200,binary,0.8,first_factor,superiority_null,0.0,0.05,0.12,1.0,100000,100000,True,4999,100000,type1,adjusted,refined_R_normal,original_R_normal,0.0,0.0,0,0,6.354483291576344e-06,6.354483291576344e-06
8,91f3e97730882aa0b880,main,2,200,binary,0.8,first_factor,superiority_null,0.0,0.05,0.12,1.0,100000,100000,True,4999,100000,type1,adjusted,refined_CRT_data,original_CRT_data,0.0,0.0,0,0,1.9999999999999877e-09,1.9999999999999877e-09
8,91f3e97730882aa0b880,main,2,200,binary,0.8,first_factor,superiority_null,0.0,0.05,0.12,1.0,100000,100000,True,4999,100000,type1,adjusted,refined_R_lattice,original_R_lattice,0.0,0.0,0,0,6.354483291576344e-06,6.354483291576344e-06
8,91f3e97730882aa0b880,main,2,200,binary,0.8,first_factor,superiority_null,0.0,0.05,0.12,1.0,100000,100000,True,4999,100000,type1,adjusted,refined_CRT_lattice,original_CRT_lattice,-1e-05,9.999999999999999e-06,0,1,6.372644940789287e-06,6.372644940789287e-06
8,91f3e97730882aa0b880,main,2,200,binary,0.8,first_factor,superiority_null,0.0,0.05,0.12,1.0,100000,100000,True,4999,100000,type1,adjusted,refined_CRT_noise,original_CRT_noise,0.0,0.0,0,0,9.999999999999974e-09,9.999999999999974e-09
8,91f3e97730882aa0b880,main,2,200,binary,0.8,first_factor,superiority_null,0.0,0.05,0.12,1.0,100000,100000,True,4999,100000,type1,adjusted,original_R_normal,RT,0.00078,0.00023193631441527097,308,230,-0.007179368448133151,0.015296283141975264
8,91f3e97730882aa0b880,main,2,200,binary,0.8,first_factor,superiority_null,0.0,0.05,0.12,1.0,100000,100000,True,4999,100000,type1,adjusted,original_R_lattice,RT,0.00078,0.00023193631441527097,308,230,-0.007179368448133151,0.015296283141975264
8,91f3e97730882aa0b880,main,2,200,binary,0.8,first_factor,superiority_null,0.0,0.05,0.12,1.0,100000,100000,True,4999,100000,type1,adjusted,original_CRT_lattice,original_CRT_data,0.00095,0.00022823561491353437,308,213,-0.0072090609029670325,0.015291453316798136
8,91f3e97730882aa0b880,main,2,200,binary,0.8,first_factor,superiority_null,0.0,0.05,0.12,1.0,100000,100000,True,4999,100000,type1,adjusted,original_S_normal,original_CRT_data,0.00095,0.00022823561491353437,308,213,-0.0072090609029670325,0.015291453316798136
8,91f3e97730882aa0b880,main,2,200,binary,0.8,first_factor,superiority_null,0.0,0.05,0.12,1.0,100000,100000,True,4999,100000,type1,adjusted,refined_R_normal,RT,0.00078,0.00023193631441527097,308,230,-0.0071730139648415745,0.015294388665717674
8,91f3e97730882aa0b880,main,2,200,binary,0.8,first_factor,superiority_null,0.0,0.05,0.12,1.0,100000,100000,True,4999,100000,type1,adjusted,refined_R_lattice,RT,0.00078,0.00023193631441527097,308,230,-0.0071730139648415745,0.015294388665717674
8,91f3e97730882aa0b880,main,2,200,binary,0.8,first_factor,superiority_null,0.0,0.05,0.12,1.0,100000,100000,True,4999,100000,type1,adjusted,refined_CRT_lattice,refined_CRT_data,0.00094,0.0002284549975747065,308,214,-0.007202690258026244,0.015289543603707434
8,91f3e97730882aa0b880,main,2,200,binary,0.8,first_factor,superiority_null,0.0,0.05,0.12,1.0,100000,100000,True,4999,100000,type1,adjusted,refined_S_normal,refined_CRT_data,0.00094,0.0002284549975747065,308,214,-0.007202690258026244,0.015289543603707434
9,1cb5bf2dd71d58078d29,main,2,200,binary,0.8,first_factor,superiority_power,0.2,0.05,0.12,1.0,10000,10000,True,4999,100000,power,unadjusted,refined_S_normal,original_S_normal,0.0002,0.00014141428428549925,2,0,-8.204498546221612e-06,3.5274805162511535e-05
9,1cb5bf2dd71d58078d29,main,2,200,binary,0.8,first_factor,superiority_power,0.2,0.05,0.12,1.0,10000,10000,True,4999,100000,power,unadjusted,refined_R_normal,original_R_normal,-0.0001,0.00010000000000000002,0,1,-8.287165850564421e-06,3.55145264025779e-05
9,1cb5bf2dd71d58078d29,main,2,200,binary,0.8,first_factor,superiority_power,0.2,0.05,0.12,1.0,10000,10000,True,4999,100000,power,unadjusted,refined_CRT_data,original_CRT_data,0.0,0.0,0,0,-4.000000000000002e-08,4.000000000000002e-08
9,1cb5bf2dd71d58078d29,main,2,200,binary,0.8,first_factor,superiority_power,0.2,0.05,0.12,1.0,10000,10000,True,4999,100000,power,unadjusted,refined_R_lattice,original_R_lattice,0.0,0.0,0,0,-9.15970793148257e-06,3.9335267175087455e-05
9,1cb5bf2dd71d58078d29,main,2,200,binary,0.8,first_factor,superiority_power,0.2,0.05,0.12,1.0,10000,10000,True,4999,100000,power,unadjusted,refined_CRT_lattice,original_CRT_lattice,0.0,0.0,0,0,-9.157148154143854e-06,3.9331784625674335e-05
9,1cb5bf2dd71d58078d29,main,2,200,binary,0.8,first_factor,superiority_power,0.2,0.05,0.12,1.0,10000,10000,True,4999,100000,power,unadjusted,refined_CRT_noise,original_CRT_noise,0.0,0.0,0,0,0.0,0.0
9,1cb5bf2dd71d58078d29,main,2,200,binary,0.8,first_factor,superiority_power,0.2,0.05,0.12,1.0,10000,10000,True,4999,100000,power,unadjusted,original_R_normal,RT,0.0165,0.0013575563693377865,176,11,-0.0036387038190326833,0.004173856741247156
9,1cb5bf2dd71d58078d29,main,2,200,binary,0.8,first_factor,superiority_power,0.2,0.05,0.12,1.0,10000,10000,True,4999,100000,power,unadjusted,original_R_lattice,RT,-0.0031,0.0010626156008602164,41,72,0.000312932809329533,0.001816779136522269
9,1cb5bf2dd71d58078d29,main,2,200,binary,0.8,first_factor,superiority_power,0.2,0.05,0.12,1.0,10000,10000,True,4999,100000,power,unadjusted,original_CRT_lattice,original_CRT_data,-0.0031,0.0010626156008602164,41,72,0.00031205712954478465,0.0018161185459226068
9,1cb5bf2dd71d58078d29,main,2,200,binary,0.8,first_factor,superiority_power,0.2,0.05,0.12,1.0,10000,10000,True,4999,100000,power,unadjusted,original_S_normal,original_CRT_data,0.0178,0.0013814871880278399,186,8,-0.00392362158150996,0.004365788082702548
9,1cb5bf2dd71d58078d29,main,2,200,binary,0.8,first_factor,superiority_power,0.2,0.05,0.12,1.0,10000,10000,True,4999,100000,power,unadjusted,refined_R_normal,RT,0.0164,0.0013539894123414972,175,11,-0.003646990984883248,0.004179224055467338
9,1cb5bf2dd71d58078d29,main,2,200,binary,0.8,first_factor,superiority_power,0.2,0.05,0.12,1.0,10000,10000,True,4999,100000,power,unadjusted,refined_R_lattice,RT,-0.0031,0.0010626156008602164,41,72,0.0003037731013980504,0.0018153994218438065
9,1cb5bf2dd71d58078d29,main,2,200,binary,0.8,first_factor,superiority_power,0.2,0.05,0.12,1.0,10000,10000,True,4999,100000,power,unadjusted,refined_CRT_lattice,refined_CRT_data,-0.0031,0.0010626156008602164,41,72,0.0003029399813906408,0.0018147442849949424
9,1cb5bf2dd71d58078d29,main,2,200,binary,0.8,first_factor,superiority_power,0.2,0.05,0.12,1.0,10000,10000,True,4999,100000,power,unadjusted,refined_S_normal,refined_CRT_data,0.018,0.0013884497755691156,188,8,-0.003931786080056182,0.00437195143904963
9,1cb5bf2dd71d58078d29,main,2,200,binary,0.8,first_factor,superiority_power,0.2,0.05,0.12,1.0,10000,10000,True,4999,100000,power,adjusted,refined_S_normal,original_S_normal,0.0,0.0,0,0,1.3560653669959936e-06,1.3560653669959936e-06
9,1cb5bf2dd71d58078d29,main,2,200,binary,0.8,first_factor,superiority_power,0.2,0.05,0.12,1.0,10000,10000,True,4999,100000,power,adjusted,refined_R_normal,original_R_normal,0.0,0.0,0,0,1.366572518486463e-06,1.366572518486463e-06
9,1cb5bf2dd71d58078d29,main,2,200,binary,0.8,first_factor,superiority_power,0.2,0.05,0.12,1.0,10000,10000,True,4999,100000,power,adjusted,refined_CRT_data,original_CRT_data,0.0,0.0,0,0,0.0,0.0
9,1cb5bf2dd71d58078d29,main,2,200,binary,0.8,first_factor,superiority_power,0.2,0.05,0.12,1.0,10000,10000,True,4999,100000,power,adjusted,refined_R_lattice,original_R_lattice,0.0,0.0,0,0,1.366572518486463e-06,1.366572518486463e-06
9,1cb5bf2dd71d58078d29,main,2,200,binary,0.8,first_factor,superiority_power,0.2,0.05,0.12,1.0,10000,10000,True,4999,100000,power,adjusted,refined_CRT_lattice,original_CRT_lattice,0.0,0.0,0,0,1.3560653669959936e-06,1.3560653669959936e-06
9,1cb5bf2dd71d58078d29,main,2,200,binary,0.8,first_factor,superiority_power,0.2,0.05,0.12,1.0,10000,10000,True,4999,100000,power,adjusted,refined_CRT_noise,original_CRT_noise,0.0,0.0,0,0,0.0,0.0
9,1cb5bf2dd71d58078d29,main,2,200,binary,0.8,first_factor,superiority_power,0.2,0.05,0.12,1.0,10000,10000,True,4999,100000,power,adjusted,original_R_normal,RT,0.0047,0.0010620281495229012,80,33,-0.0007047412865368148,0.0021060014979531736
9,1cb5bf2dd71d58078d29,main,2,200,binary,0.8,first_factor,superiority_power,0.2,0.05,0.12,1.0,10000,10000,True,4999,100000,power,adjusted,original_R_lattice,RT,0.0047,0.0010620281495229012,80,33,-0.0007047412865368148,0.0021060014979531736
9,1cb5bf2dd71d58078d29,main,2,200,binary,0.8,first_factor,superiority_power,0.2,0.05,0.12,1.0,10000,10000,True,4999,100000,power,adjusted,original_CRT_lattice,original_CRT_data,0.0041,0.0010336468655127138,74,33,-0.0007416297222538956,0.0021058360139965798
9,1cb5bf2dd71d58078d29,main,2,200,binary,0.8,first_factor,superiority_power,0.2,0.05,0.12,1.0,10000,10000,True,4999,100000,power,adjusted,original_S_normal,original_CRT_data,0.0041,0.0010336468655127138,74,33,-0.0007416297222538956,0.0021058360139965798
9,1cb5bf2dd71d58078d29,main,2,200,binary,0.8,first_factor,superiority_power,0.2,0.05,0.12,1.0,10000,10000,True,4999,100000,power,adjusted,refined_R_normal,RT,0.0047,0.0010620281495229012,80,33,-0.0007033747140183284,0.002105768657332044
9,1cb5bf2dd71d58078d29,main,2,200,binary,0.8,first_factor,superiority_power,0.2,0.05,0.12,1.0,10000,10000,True,4999,100000,power,adjusted,refined_R_lattice,RT,0.0047,0.0010620281495229012,80,33,-0.0007033747140183284,0.002105768657332044
9,1cb5bf2dd71d58078d29,main,2,200,binary,0.8,first_factor,superiority_power,0.2,0.05,0.12,1.0,10000,10000,True,4999,100000,power,adjusted,refined_CRT_lattice,refined_CRT_data,0.0041,0.0010336468655127138,74,33,-0.0007402736568868996,0.0021055951533623294
9,1cb5bf2dd71d58078d29,main,2,200,binary,0.8,first_factor,superiority_power,0.2,0.05,0.12,1.0,10000,10000,True,4999,100000,power,adjusted,refined_S_normal,refined_CRT_data,0.0041,0.0010336468655127138,74,33,-0.0007402736568868996,0.0021055951533623294
10,e099f752c2d738f34e7b,main,2,200,binary,0.8,first_factor,noninferiority_null,-0.1,0.025,0.12,1.0,100000,100000,True,4999,100000,type1,unadjusted,refined_S_normal,original_S_normal,1e-05,9.999999999999999e-06,1,0,7.061194574624021e-07,6.572578086925336e-05
10,e099f752c2d738f34e7b,main,2,200,binary,0.8,first_factor,noninferiority_null,-0.1,0.025,0.12,1.0,100000,100000,True,4999,100000,type1,unadjusted,refined_R_normal,original_R_normal,-2e-05,1.9999999999999998e-05,1,3,7.097682920489415e-07,6.553854249011196e-05
10,e099f752c2d738f34e7b,main,2,200,binary,0.8,first_factor,noninferiority_null,-0.1,0.025,0.12,1.0,100000,100000,True,4999,100000,type1,unadjusted,refined_CRT_data,original_CRT_data,0.0,0.0,0,0,6.200000000000087e-08,1.0600000000000047e-07
10,e099f752c2d738f34e7b,main,2,200,binary,0.8,first_factor,noninferiority_null,-0.1,0.025,0.12,1.0,100000,100000,True,4999,100000,type1,unadjusted,refined_R_lattice,original_R_lattice,-2e-05,1.9999999999999998e-05,1,3,7.097682920489415e-07,6.553854249011196e-05
10,e099f752c2d738f34e7b,main,2,200,binary,0.8,first_factor,noninferiority_null,-0.1,0.025,0.12,1.0,100000,100000,True,4999,100000,type1,unadjusted,refined_CRT_lattice,original_CRT_lattice,1e-05,9.999999999999999e-06,1,0,7.061194574624021e-07,6.572578086925336e-05
10,e099f752c2d738f34e7b,main,2,200,binary,0.8,first_factor,noninferiority_null,-0.1,0.025,0.12,1.0,100000,100000,True,4999,100000,type1,unadjusted,refined_CRT_noise,original_CRT_noise,0.0,0.0,0,0,-6.200000000000136e-08,1.259999999999996e-07
10,e099f752c2d738f34e7b,main,2,200,binary,0.8,first_factor,noninferiority_null,-0.1,0.025,0.12,1.0,100000,100000,True,4999,100000,type1,unadjusted,original_R_normal,RT,0.00098,0.0001661044006241829,187,89,-0.0024984346976765783,0.006022345442887982
10,e099f752c2d738f34e7b,main,2,200,binary,0.8,first_factor,noninferiority_null,-0.1,0.025,0.12,1.0,100000,100000,True,4999,100000,type1,unadjusted,original_R_lattice,RT,0.00098,0.0001661044006241829,187,89,-0.0024984346976765783,0.006022345442887982
10,e099f752c2d738f34e7b,main,2,200,binary,0.8,first_factor,noninferiority_null,-0.1,0.025,0.12,1.0,100000,100000,True,4999,100000,type1,unadjusted,original_CRT_lattice,original_CRT_data,0.00101,0.0001633709457053457,184,83,-0.0024517330927193554,0.006014835005489763
10,e099f752c2d738f34e7b,main,2,200,binary,0.8,first_factor,noninferiority_null,-0.1,0.025,0.12,1.0,100000,100000,True,4999,100000,type1,unadjusted,original_S_normal,original_CRT_data,0.00101,0.0001633709457053457,184,83,-0.0024517330927193554,0.006014835005489763
10,e099f752c2d738f34e7b,main,2,200,binary,0.8,first_factor,noninferiority_null,-0.1,0.025,0.12,1.0,100000,100000,True,4999,100000,type1,unadjusted,refined_R_normal,RT,0.00096,0.0001667065143016886,187,91,-0.00249772492938453,0.00602236078938555
10,e099f752c2d738f34e7b,main,2,200,binary,0.8,first_factor,noninferiority_null,-0.1,0.025,0.12,1.0,100000,100000,True,4999,100000,type1,unadjusted,refined_R_lattice,RT,0.00096,0.0001667065143016886,187,91,-0.00249772492938453,0.00602236078938555
10,e099f752c2d738f34e7b,main,2,200,binary,0.8,first_factor,noninferiority_null,-0.1,0.025,0.12,1.0,100000,100000,True,4999,100000,type1,unadjusted,refined_CRT_lattice,refined_CRT_data,0.00102,0.00016367609446293305,185,83,-0.002451088973261893,0.0060151312858125906
10,e099f752c2d738f34e7b,main,2,200,binary,0.8,first_factor,noninferiority_null,-0.1,0.025,0.12,1.0,100000,100000,True,4999,100000,type1,unadjusted,refined_S_normal,refined_CRT_data,0.00102,0.00016367609446293305,185,83,-0.002451088973261893,0.0060151312858125906
10,e099f752c2d738f34e7b,main,2,200,binary,0.8,first_factor,noninferiority_null,-0.1,0.025,0.12,1.0,100000,100000,True,4999,100000,type1,adjusted,refined_S_normal,original_S_normal,0.0,0.0,0,0,-2.3455076169291113e-08,3.1857254074109365e-06
10,e099f752c2d738f34e7b,main,2,200,binary,0.8,first_factor,noninferiority_null,-0.1,0.025,0.12,1.0,100000,100000,True,4999,100000,type1,adjusted,refined_R_normal,original_R_normal,0.0,0.0,0,0,-2.3359036784293745e-08,3.176700239653143e-06
10,e099f752c2d738f34e7b,main,2,200,binary,0.8,first_factor,noninferiority_null,-0.1,0.025,0.12,1.0,100000,100000,True,4999,100000,type1,adjusted,refined_CRT_data,original_CRT_data,0.0,0.0,0,0,0.0,0.0
10,e099f752c2d738f34e7b,main,2,200,binary,0.8,first_factor,noninferiority_null,-0.1,0.025,0.12,1.0,100000,100000,True,4999,100000,type1,adjusted,refined_R_lattice,original_R_lattice,0.0,0.0,0,0,-2.3359036784293745e-08,3.176700239653143e-06
10,e099f752c2d738f34e7b,main,2,200,binary,0.8,first_factor,noninferiority_null,-0.1,0.025,0.12,1.0,100000,100000,True,4999,100000,type1,adjusted,refined_CRT_lattice,original_CRT_lattice,0.0,0.0,0,0,-2.3455076169291113e-08,3.1857254074109365e-06
10,e099f752c2d738f34e7b,main,2,200,binary,0.8,first_factor,noninferiority_null,-0.1,0.025,0.12,1.0,100000,100000,True,4999,100000,type1,adjusted,refined_CRT_noise,original_CRT_noise,0.0,0.0,0,0,-1.9999999999997797e-09,5.999999999999894e-09
10,e099f752c2d738f34e7b,main,2,200,binary,0.8,first_factor,noninferiority_null,-0.1,0.025,0.12,1.0,100000,100000,True,4999,100000,type1,adjusted,original_R_normal,RT,0.00029,0.00017464095738010585,167,138,-0.0005439810380277545,0.005571177190867303
10,e099f752c2d738f34e7b,main,2,200,binary,0.8,first_factor,noninferiority_null,-0.1,0.025,0.12,1.0,100000,100000,True,4999,100000,type1,adjusted,original_R_lattice,RT,0.00029,0.00017464095738010585,167,138,-0.0005439810380277545,0.005571177190867303
10,e099f752c2d738f34e7b,main,2,200,binary,0.8,first_factor,noninferiority_null,-0.1,0.025,0.12,1.0,100000,100000,True,4999,100000,type1,adjusted,original_CRT_lattice,original_CRT_data,0.00031,0.00017233495290671573,164,133,-0.0005423325647011812,0.005568435766176217
10,e099f752c2d738f34e7b,main,2,200,binary,0.8,first_factor,noninferiority_null,-0.1,0.025,0.12,1.0,100000,100000,True,4999,100000,type1,adjusted,original_S_normal,original_CRT_data,0.00031,0.00017233495290671573,164,133,-0.0005423325647011812,0.005568435766176217
10,e099f752c2d738f34e7b,main,2,200,binary,0.8,first_factor,noninferiority_null,-0.1,0.025,0.12,1.0,100000,100000,True,4999,100000,type1,adjusted,refined_R_normal,RT,0.00029,0.00017464095738010585,167,138,-0.0005440043970645386,0.005571187246761899
10,e099f752c2d738f34e7b,main,2,200,binary,0.8,first_factor,noninferiority_null,-0.1,0.025,0.12,1.0,100000,100000,True,4999,100000,type1,adjusted,refined_R_lattice,RT,0.00029,0.00017464095738010585,167,138,-0.0005440043970645386,0.005571187246761899
10,e099f752c2d738f34e7b,main,2,200,binary,0.8,first_factor,noninferiority_null,-0.1,0.025,0.12,1.0,100000,100000,True,4999,100000,type1,adjusted,refined_CRT_lattice,refined_CRT_data,0.00031,0.00017233495290671573,164,133,-0.0005423560197773504,0.0055684344839778575
10,e099f752c2d738f34e7b,main,2,200,binary,0.8,first_factor,noninferiority_null,-0.1,0.025,0.12,1.0,100000,100000,True,4999,100000,type1,adjusted,refined_S_normal,refined_CRT_data,0.00031,0.00017233495290671573,164,133,-0.0005423560197773504,0.0055684344839778575
11,4faeb6271a411ab0cc0f,main,2,200,binary,0.8,first_factor,noninferiority_power,0.1,0.025,0.12,1.0,10000,10000,True,4999,100000,power,unadjusted,refined_S_normal,original_S_normal,0.0003,0.00022359785240462393,4,1,-3.993236648008491e-06,1.92792741806079e-05
11,4faeb6271a411ab0cc0f,main,2,200,binary,0.8,first_factor,noninferiority_power,0.1,0.025,0.12,1.0,10000,10000,True,4999,100000,power,unadjusted,refined_R_normal,original_R_normal,0.0001,0.00010000000000000003,1,0,-4.028702775472951e-06,1.939010513000789e-05
11,4faeb6271a411ab0cc0f,main,2,200,binary,0.8,first_factor,noninferiority_power,0.1,0.025,0.12,1.0,10000,10000,True,4999,100000,power,unadjusted,refined_CRT_data,original_CRT_data,0.0,0.0,0,0,2.0000000000000354e-08,1.000000000000003e-07
11,4faeb6271a411ab0cc0f,main,2,200,binary,0.8,first_factor,noninferiority_power,0.1,0.025,0.12,1.0,10000,10000,True,4999,100000,power,unadjusted,refined_R_lattice,original_R_lattice,0.0001,0.00010000000000000003,1,0,-4.028702775472951e-06,1.939010513000789e-05
11,4faeb6271a411ab0cc0f,main,2,200,binary,0.8,first_factor,noninferiority_power,0.1,0.025,0.12,1.0,10000,10000,True,4999,100000,power,unadjusted,refined_CRT_lattice,original_CRT_lattice,0.0003,0.00022359785240462393,4,1,-3.993236648008491e-06,1.92792741806079e-05
11,4faeb6271a411ab0cc0f,main,2,200,binary,0.8,first_factor,noninferiority_power,0.1,0.025,0.12,1.0,10000,10000,True,4999,100000,power,unadjusted,refined_CRT_noise,original_CRT_noise,0.0,0.0,0,0,2.0000000000000225e-08,1.0000000000000009e-07
11,4faeb6271a411ab0cc0f,main,2,200,binary,0.8,first_factor,noninferiority_power,0.1,0.025,0.12,1.0,10000,10000,True,4999,100000,power,unadjusted,original_R_normal,RT,0.0011,0.0010344012754245134,59,48,-0.00032140591682046517,0.001210721610885436
11,4faeb6271a411ab0cc0f,main,2,200,binary,0.8,first_factor,noninferiority_power,0.1,0.025,0.12,1.0,10000,10000,True,4999,100000,power,unadjusted,original_R_lattice,RT,0.0011,0.0010344012754245134,59,48,-0.00032140591682046517,0.001210721610885436
11,4faeb6271a411ab0cc0f,main,2,200,binary,0.8,first_factor,noninferiority_power,0.1,0.025,0.12,1.0,10000,10000,True,4999,100000,power,unadjusted,original_CRT_lattice,original_CRT_data,0.0013,0.0010908482914683876,66,53,-0.00039260691729108086,0.0012126830091565225
11,4faeb6271a411ab0cc0f,main,2,200,binary,0.8,first_factor,noninferiority_power,0.1,0.025,0.12,1.0,10000,10000,True,4999,100000,power,unadjusted,original_S_normal,original_CRT_data,0.0013,0.0010908482914683876,66,53,-0.00039260691729108086,0.0012126830091565225
11,4faeb6271a411ab0cc0f,main,2,200,binary,0.8,first_factor,noninferiority_power,0.1,0.025,0.12,1.0,10000,10000,True,4999,100000,power,unadjusted,refined_R_normal,RT,0.0012,0.0010392131621566577,60,48,-0.00032543461959593813,0.0012100275581899335
11,4faeb6271a411ab0cc0f,main,2,200,binary,0.8,first_factor,noninferiority_power,0.1,0.025,0.12,1.0,10000,10000,True,4999,100000,power,unadjusted,refined_R_lattice,RT,0.0012,0.0010392131621566577,60,48,-0.00032543461959593813,0.0012100275581899335
11,4faeb6271a411ab0cc0f,main,2,200,binary,0.8,first_factor,noninferiority_power,0.1,0.025,0.12,1.0,10000,10000,True,4999,100000,power,unadjusted,refined_CRT_lattice,refined_CRT_data,0.0016,0.0010953830318197557,68,52,-0.00039662015393908927,0.0012124594696126415
11,4faeb6271a411ab0cc0f,main,2,200,binary,0.8,first_factor,noninferiority_power,0.1,0.025,0.12,1.0,10000,10000,True,4999,100000,power,unadjusted,refined_S_normal,refined_CRT_data,0.0016,0.0010953830318197557,68,52,-0.00039662015393908927,0.0012124594696126415
11,4faeb6271a411ab0cc0f,main,2,200,binary,0.8,first_factor,noninferiority_power,0.1,0.025,0.12,1.0,10000,10000,True,4999,100000,power,adjusted,refined_S_normal,original_S_normal,0.0,0.0,0,0,8.686876032392219e-07,8.716595931067834e-07
11,4faeb6271a411ab0cc0f,main,2,200,binary,0.8,first_factor,noninferiority_power,0.1,0.025,0.12,1.0,10000,10000,True,4999,100000,power,adjusted,refined_R_normal,original_R_normal,0.0,0.0,0,0,8.73883689634805e-07,8.76835190652439e-07
11,4faeb6271a411ab0cc0f,main,2,200,binary,0.8,first_factor,noninferiority_power,0.1,0.025,0.12,1.0,10000,10000,True,4999,100000,power,adjusted,refined_CRT_data,original_CRT_data,0.0,0.0,0,0,0.0,0.0
11,4faeb6271a411ab0cc0f,main,2,200,binary,0.8,first_factor,noninferiority_power,0.1,0.025,0.12,1.0,10000,10000,True,4999,100000,power,adjusted,refined_R_lattice,original_R_lattice,0.0,0.0,0,0,8.73883689634805e-07,8.76835190652439e-07
11,4faeb6271a411ab0cc0f,main,2,200,binary,0.8,first_factor,noninferiority_power,0.1,0.025,0.12,1.0,10000,10000,True,4999,100000,power,adjusted,refined_CRT_lattice,original_CRT_lattice,0.0,0.0,0,0,8.686876032392219e-07,8.716595931067834e-07
11,4faeb6271a411ab0cc0f,main,2,200,binary,0.8,first_factor,noninferiority_power,0.1,0.025,0.12,1.0,10000,10000,True,4999,100000,power,adjusted,refined_CRT_noise,original_CRT_noise,0.0,0.0,0,0,0.0,0.0
11,4faeb6271a411ab0cc0f,main,2,200,binary,0.8,first_factor,noninferiority_power,0.1,0.025,0.12,1.0,10000,10000,True,4999,100000,power,adjusted,original_R_normal,RT,0.0003,0.0010149354705600447,53,50,-0.0001178203839585404,0.0011724689988435156
11,4faeb6271a411ab0cc0f,main,2,200,binary,0.8,first_factor,noninferiority_power,0.1,0.025,0.12,1.0,10000,10000,True,4999,100000,power,adjusted,original_R_lattice,RT,0.0003,0.0010149354705600447,53,50,-0.0001178203839585404,0.0011724689988435156
11,4faeb6271a411ab0cc0f,main,2,200,binary,0.8,first_factor,noninferiority_power,0.1,0.025,0.12,1.0,10000,10000,True,4999,100000,power,adjusted,original_CRT_lattice,original_CRT_data,0.0006,0.0010198372452507704,55,49,-0.0001336560707879624,0.001159198684160698
11,4faeb6271a411ab0cc0f,main,2,200,binary,0.8,first_factor,noninferiority_power,0.1,0.025,0.12,1.0,10000,10000,True,4999,100000,power,adjusted,original_S_normal,original_CRT_data,0.0006,0.0010198372452507704,55,49,-0.0001336560707879624,0.001159198684160698
11,4faeb6271a411ab0cc0f,main,2,200,binary,0.8,first_factor,noninferiority_power,0.1,0.025,0.12,1.0,10000,10000,True,4999,100000,power,adjusted,refined_R_normal,RT,0.0003,0.0010149354705600447,53,50,-0.00011694650026890558,0.0011724647722374487
11,4faeb6271a411ab0cc0f,main,2,200,binary,0.8,first_factor,noninferiority_power,0.1,0.025,0.12,1.0,10000,10000,True,4999,100000,power,adjusted,refined_R_lattice,RT,0.0003,0.0010149354705600447,53,50,-0.00011694650026890558,0.0011724647722374487
11,4faeb6271a411ab0cc0f,main,2,200,binary,0.8,first_factor,noninferiority_power,0.1,0.025,0.12,1.0,10000,10000,True,4999,100000,power,adjusted,refined_CRT_lattice,refined_CRT_data,0.0006,0.0010198372452507704,55,49,-0.00013278738318472317,0.0011591854875868876
11,4faeb6271a411ab0cc0f,main,2,200,binary,0.8,first_factor,noninferiority_power,0.1,0.025,0.12,1.0,10000,10000,True,4999,100000,power,adjusted,refined_S_normal,refined_CRT_data,0.0006,0.0010198372452507704,55,49,-0.00013278738318472317,0.0011591854875868876
12,f28640855cc46a5880e0,main,2,200,binary,0.8,interaction,superiority_null,0.0,0.05,0.12,1.0,100000,100000,True,4999,100000,type1,unadjusted,refined_S_normal,original_S_normal,1e-05,2.2360769218432548e-05,3,2,-4.041125460422402e-05,0.00016007356498057832
12,f28640855cc46a5880e0,main,2,200,binary,0.8,interaction,superiority_null,0.0,0.05,0.12,1.0,100000,100000,True,4999,100000,type1,unadjusted,refined_R_normal,original_R_normal,1e-05,3.0000133334370374e-05,5,4,-4.03164948343451e-05,0.00015967395915654693
12,f28640855cc46a5880e0,main,2,200,binary,0.8,interaction,superiority_null,0.0,0.05,0.12,1.0,100000,100000,True,4999,100000,type1,unadjusted,refined_CRT_data,original_CRT_data,0.0,0.0,0,0,-1.9999999999997797e-09,1.9999999999997797e-09
12,f28640855cc46a5880e0,main,2,200,binary,0.8,interaction,superiority_null,0.0,0.05,0.12,1.0,100000,100000,True,4999,100000,type1,unadjusted,refined_R_lattice,original_R_lattice,-1e-05,2.2360769218432544e-05,2,3,-3.765159734272825e-05,0.00014895127275423
12,f28640855cc46a5880e0,main,2,200,binary,0.8,interaction,superiority_null,0.0,0.05,0.12,1.0,100000,100000,True,4999,100000,type1,unadjusted,refined_CRT_lattice,original_CRT_lattice,-1e-05,2.2360769218432544e-05,2,3,-3.765561217576867e-05,0.00014895357426733083
12,f28640855cc46a5880e0,main,2,200,binary,0.8,interaction,superiority_null,0.0,0.05,0.12,1.0,100000,100000,True,4999,100000,type1,unadjusted,refined_CRT_noise,original_CRT_noise,0.0,0.0,0,0,0.0,0.0
12,f28640855cc46a5880e0,main,2,200,binary,0.8,interaction,superiority_null,0.0,0.05,0.12,1.0,100000,100000,True,4999,100000,type1,unadjusted,original_R_normal,RT,0.00777,0.0002930821215483806,821,44,-0.03851984806925703,0.03982526809382797
12,f28640855cc46a5880e0,main,2,200,binary,0.8,interaction,superiority_null,0.0,0.05,0.12,1.0,100000,100000,True,4999,100000,type1,unadjusted,original_R_lattice,RT,-0.00173,0.00020413350461126426,122,295,0.0009650354491024765,0.007145364349125482
12,f28640855cc46a5880e0,main,2,200,binary,0.8,interaction,superiority_null,0.0,0.05,0.12,1.0,100000,100000,True,4999,100000,type1,unadjusted,original_CRT_lattice,original_CRT_data,-0.00174,0.00020437744910194232,122,296,0.0009651141183635107,0.0071452008602411665
12,f28640855cc46a5880e0,main,2,200,binary,0.8,interaction,superiority_null,0.0,0.05,0.12,1.0,100000,100000,True,4999,100000,type1,unadjusted,original_S_normal,original_CRT_data,0.00807,0.00029504172839823003,842,35,-0.03897039122308003,0.040202652191670026
12,f28640855cc46a5880e0,main,2,200,binary,0.8,interaction,superiority_null,0.0,0.05,0.12,1.0,100000,100000,True,4999,100000,type1,unadjusted,refined_R_normal,RT,0.00778,0.00029256720929680334,820,42,-0.03856016456409137,0.039859499655493465
12,f28640855cc46a5880e0,main,2,200,binary,0.8,interaction,superiority_null,0.0,0.05,0.12,1.0,100000,100000,True,4999,100000,type1,unadjusted,refined_R_lattice,RT,-0.00174,0.00020388756632368986,121,295,0.0009273838517597483,0.007139156385703823
12,f28640855cc46a5880e0,main,2,200,binary,0.8,interaction,superiority_null,0.0,0.05,0.12,1.0,100000,100000,True,4999,100000,type1,unadjusted,refined_CRT_lattice,refined_CRT_data,-0.00175,0.00020413179982040273,121,296,0.0009274605061877421,0.007138976965984541
12,f28640855cc46a5880e0,main,2,200,binary,0.8,interaction,superiority_null,0.0,0.05,0.12,1.0,100000,100000,True,4999,100000,type1,unadjusted,refined_S_normal,refined_CRT_data,0.00808,0.00029486947193640577,842,34,-0.03901080047768425,0.04023737960299585
12,f28640855cc46a5880e0,main,2,200,binary,0.8,interaction,superiority_null,0.0,0.05,0.12,1.0,100000,100000,True,4999,100000,type1,adjusted,refined_S_normal,original_S_normal,-1e-05,9.999999999999999e-06,0,1,6.2413141648867935e-06,6.2413141648867935e-06
12,f28640855cc46a5880e0,main,2,200,binary,0.8,interaction,superiority_null,0.0,0.05,0.12,1.0,100000,100000,True,4999,100000,type1,adjusted,refined_R_normal,original_R_normal,-1e-05,9.999999999999999e-06,0,1,6.225798303951369e-06,6.225798303951369e-06
12,f28640855cc46a5880e0,main,2,200,binary,0.8,interaction,superiority_null,0.0,0.05,0.12,1.0,100000,100000,True,4999,100000,type1,adjusted,refined_CRT_data,original_CRT_data,0.0,0.0,0,0,4.599999999999979e-08,4.599999999999979e-08
12,f28640855cc46a5880e0,main,2,200,binary,0.8,interaction,superiority_null,0.0,0.05,0.12,1.0,100000,100000,True,4999,100000,type1,adjusted,refined_R_lattice,original_R_lattice,-1e-05,9.999999999999999e-06,0,1,6.225798303951369e-06,6.225798303951369e-06
12,f28640855cc46a5880e0,main,2,200,binary,0.8,interaction,superiority_null,0.0,0.05,0.12,1.0,100000,100000,True,4999,100000,type1,adjusted,refined_CRT_lattice,original_CRT_lattice,-1e-05,9.999999999999999e-06,0,1,6.2413141648867935e-06,6.2413141648867935e-06
12,f28640855cc46a5880e0,main,2,200,binary,0.8,interaction,superiority_null,0.0,0.05,0.12,1.0,100000,100000,True,4999,100000,type1,adjusted,refined_CRT_noise,original_CRT_noise,0.0,0.0,0,0,4.7999999999999986e-08,4.7999999999999986e-08
12,f28640855cc46a5880e0,main,2,200,binary,0.8,interaction,superiority_null,0.0,0.05,0.12,1.0,100000,100000,True,4999,100000,type1,adjusted,original_R_normal,RT,0.0016,0.00024243553318331344,374,214,-0.007079144335147032,0.018002655099061512
12,f28640855cc46a5880e0,main,2,200,binary,0.8,interaction,superiority_null,0.0,0.05,0.12,1.0,100000,100000,True,4999,100000,type1,adjusted,original_R_lattice,RT,0.0016,0.00024243553318331344,374,214,-0.007079144335147032,0.018002655099061512
12,f28640855cc46a5880e0,main,2,200,binary,0.8,interaction,superiority_null,0.0,0.05,0.12,1.0,100000,100000,True,4999,100000,type1,adjusted,original_CRT_lattice,original_CRT_data,0.00127,0.00023850459082457606,348,221,-0.006911031643718876,0.01793825776548082
12,f28640855cc46a5880e0,main,2,200,binary,0.8,interaction,superiority_null,0.0,0.05,0.12,1.0,100000,100000,True,4999,100000,type1,adjusted,original_S_normal,original_CRT_data,0.00127,0.00023850459082457606,348,221,-0.006911031643718876,0.01793825776548082
12,f28640855cc46a5880e0,main,2,200,binary,0.8,interaction,superiority_null,0.0,0.05,0.12,1.0,100000,100000,True,4999,100000,type1,adjusted,refined_R_normal,RT,0.00159,0.00024264234534202296,374,215,-0.0070729185368430805,0.01800099664947724
12,f28640855cc46a5880e0,main,2,200,binary,0.8,interaction,superiority_null,0.0,0.05,0.12,1.0,100000,100000,True,4999,100000,type1,adjusted,refined_R_lattice,RT,0.00159,0.00024264234534202296,374,215,-0.0070729185368430805,0.01800099664947724
12,f28640855cc46a5880e0,main,2,200,binary,0.8,interaction,superiority_null,0.0,0.05,0.12,1.0,100000,100000,True,4999,100000,type1,adjusted,refined_CRT_lattice,refined_CRT_data,0.00126,0.00023829538780034847,347,221,-0.006904836329553989,0.017936604747660775
12,f28640855cc46a5880e0,main,2,200,binary,0.8,interaction,superiority_null,0.0,0.05,0.12,1.0,100000,100000,True,4999,100000,type1,adjusted,refined_S_normal,refined_CRT_data,0.00126,0.00023829538780034847,347,221,-0.006904836329553989,0.017936604747660775
13,41d5838dd7c9ddb14917,main,2,200,binary,0.8,interaction,superiority_power,0.2,0.05,0.12,1.0,10000,10000,True,4999,100000,power,unadjusted,refined_S_normal,original_S_normal,0.0002,0.00014141428428549925,2,0,-1.4944411829525304e-05,4.704241855676072e-05
13,41d5838dd7c9ddb14917,main,2,200,binary,0.8,interaction,superiority_power,0.2,0.05,0.12,1.0,10000,10000,True,4999,100000,power,unadjusted,refined_R_normal,original_R_normal,0.0003,0.00022359785240462393,4,1,-1.5039243645298808e-05,4.730464652690813e-05
13,41d5838dd7c9ddb14917,main,2,200,binary,0.8,interaction,superiority_power,0.2,0.05,0.12,1.0,10000,10000,True,4999,100000,power,unadjusted,refined_CRT_data,original_CRT_data,0.0,0.0,0,0,0.0,0.0
13,41d5838dd7c9ddb14917,main,2,200,binary,0.8,interaction,superiority_power,0.2,0.05,0.12,1.0,10000,10000,True,4999,100000,power,unadjusted,refined_R_lattice,original_R_lattice,0.0001,0.0001,1,0,-1.6445622198114983e-05,5.201551163875342e-05
13,41d5838dd7c9ddb14917,main,2,200,binary,0.8,interaction,superiority_power,0.2,0.05,0.12,1.0,10000,10000,True,4999,100000,power,unadjusted,refined_CRT_lattice,original_CRT_lattice,0.0001,0.0001,1,0,-1.6444206128644444e-05,5.2005924586306836e-05
13,41d5838dd7c9ddb14917,main,2,200,binary,0.8,interaction,superiority_power,0.2,0.05,0.12,1.0,10000,10000,True,4999,100000,power,unadjusted,refined_CRT_noise,original_CRT_noise,0.0,0.0,0,0,-2.0000000000000225e-08,2.0000000000000225e-08
13,41d5838dd7c9ddb14917,main,2,200,binary,0.8,interaction,superiority_power,0.2,0.05,0.12,1.0,10000,10000,True,4999,100000,power,unadjusted,original_R_normal,RT,0.0139,0.0013231984300960083,158,19,-0.003943233163441092,0.0046407731557475684
13,41d5838dd7c9ddb14917,main,2,200,binary,0.8,interaction,superiority_power,0.2,0.05,0.12,1.0,10000,10000,True,4999,100000,power,unadjusted,original_R_lattice,RT,-0.003,0.0009160698217886228,27,57,0.00036311792471389057,0.002024445437244615
13,41d5838dd7c9ddb14917,main,2,200,binary,0.8,interaction,superiority_power,0.2,0.05,0.12,1.0,10000,10000,True,4999,100000,power,unadjusted,original_CRT_lattice,original_CRT_data,-0.003,0.0009160698217886228,27,57,0.0003628438116343308,0.002023946351249576
13,41d5838dd7c9ddb14917,main,2,200,binary,0.8,interaction,superiority_power,0.2,0.05,0.12,1.0,10000,10000,True,4999,100000,power,unadjusted,original_S_normal,original_CRT_data,0.0159,0.0013801845858250608,176,17,-0.0042261465060510215,0.004826802174460915
13,41d5838dd7c9ddb14917,main,2,200,binary,0.8,interaction,superiority_power,0.2,0.05,0.12,1.0,10000,10000,True,4999,100000,power,unadjusted,refined_R_normal,RT,0.0142,0.0013266544392569303,160,18,-0.003958272407086391,0.00465066619345381
13,41d5838dd7c9ddb14917,main,2,200,binary,0.8,interaction,superiority_power,0.2,0.05,0.12,1.0,10000,10000,True,4999,100000,power,unadjusted,refined_R_lattice,RT,-0.0029,0.0009215443149368557,28,57,0.00034667230251577563,0.0020231400070986616
13,41d5838dd7c9ddb14917,main,2,200,binary,0.8,interaction,superiority_power,0.2,0.05,0.12,1.0,10000,10000,True,4999,100000,power,unadjusted,refined_CRT_lattice,refined_CRT_data,-0.0029,0.0009215443149368557,28,57,0.0003463996055056864,0.0020225688706889846
13,41d5838dd7c9ddb14917,main,2,200,binary,0.8,interaction,superiority_power,0.2,0.05,0.12,1.0,10000,10000,True,4999,100000,power,unadjusted,refined_S_normal,refined_CRT_data,0.0161,0.0013871811082705509,178,17,-0.004241090917880547,0.00483709149266745
13,41d5838dd7c9ddb14917,main,2,200,binary,0.8,interaction,superiority_power,0.2,0.05,0.12,1.0,10000,10000,True,4999,100000,power,adjusted,refined_S_normal,original_S_normal,0.0,0.0,0,0,1.5270423217222386e-06,1.5270423217222386e-06
13,41d5838dd7c9ddb14917,main,2,200,binary,0.8,interaction,superiority_power,0.2,0.05,0.12,1.0,10000,10000,True,4999,100000,power,adjusted,refined_R_normal,original_R_normal,0.0,0.0,0,0,1.5369635632961932e-06,1.5369635632961932e-06
13,41d5838dd7c9ddb14917,main,2,200,binary,0.8,interaction,superiority_power,0.2,0.05,0.12,1.0,10000,10000,True,4999,100000,power,adjusted,refined_CRT_data,original_CRT_data,0.0,0.0,0,0,0.0,0.0
13,41d5838dd7c9ddb14917,main,2,200,binary,0.8,interaction,superiority_power,0.2,0.05,0.12,1.0,10000,10000,True,4999,100000,power,adjusted,refined_R_lattice,original_R_lattice,0.0,0.0,0,0,1.5369635632961932e-06,1.5369635632961932e-06
13,41d5838dd7c9ddb14917,main,2,200,binary,0.8,interaction,superiority_power,0.2,0.05,0.12,1.0,10000,10000,True,4999,100000,power,adjusted,refined_CRT_lattice,original_CRT_lattice,0.0,0.0,0,0,1.5270423217222386e-06,1.5270423217222386e-06
13,41d5838dd7c9ddb14917,main,2,200,binary,0.8,interaction,superiority_power,0.2,0.05,0.12,1.0,10000,10000,True,4999,100000,power,adjusted,refined_CRT_noise,original_CRT_noise,0.0,0.0,0,0,0.0,0.0
13,41d5838dd7c9ddb14917,main,2,200,binary,0.8,interaction,superiority_power,0.2,0.05,0.12,1.0,10000,10000,True,4999,100000,power,adjusted,original_R_normal,RT,0.0006,0.0010198372452507704,55,49,-0.0007339863966958135,0.002681089868876535
13,41d5838dd7c9ddb14917,main,2,200,binary,0.8,interaction,superiority_power,0.2,0.05,0.12,1.0,10000,10000,True,4999,100000,power,adjusted,original_R_lattice,RT,0.0006,0.0010198372452507704,55,49,-0.0007339863966958135,0.002681089868876535
13,41d5838dd7c9ddb14917,main,2,200,binary,0.8,interaction,superiority_power,0.2,0.05,0.12,1.0,10000,10000,True,4999,100000,power,adjusted,original_CRT_lattice,original_CRT_data,0.0004,0.000979836725174557,50,46,-0.0006329024039649912,0.0026175458972599493
13,41d5838dd7c9ddb14917,main,2,200,binary,0.8,interaction,superiority_power,0.2,0.05,0.12,1.0,10000,10000,True,4999,100000,power,adjusted,original_S_normal,original_CRT_data,0.0004,0.000979836725174557,50,46,-0.0006329024039649912,0.0026175458972599493
13,41d5838dd7c9ddb14917,main,2,200,binary,0.8,interaction,superiority_power,0.2,0.05,0.12,1.0,10000,10000,True,4999,100000,power,adjusted,refined_R_normal,RT,0.0006,0.0010198372452507704,55,49,-0.0007324494331325173,0.0026808359636789005
13,41d5838dd7c9ddb14917,main,2,200,binary,0.8,interaction,superiority_power,0.2,0.05,0.12,1.0,10000,10000,True,4999,100000,power,adjusted,refined_R_lattice,RT,0.0006,0.0010198372452507704,55,49,-0.0007324494331325173,0.0026808359636789005
13,41d5838dd7c9ddb14917,main,2,200,binary,0.8,interaction,superiority_power,0.2,0.05,0.12,1.0,10000,10000,True,4999,100000,power,adjusted,refined_CRT_lattice,refined_CRT_data,0.0004,0.000979836725174557,50,46,-0.000631375361643269,0.0026173445809219067
13,41d5838dd7c9ddb14917,main,2,200,binary,0.8,interaction,superiority_power,0.2,0.05,0.12,1.0,10000,10000,True,4999,100000,power,adjusted,refined_S_normal,refined_CRT_data,0.0004,0.000979836725174557,50,46,-0.000631375361643269,0.0026173445809219067
14,2e99017baf88ab41b624,main,2,200,binary,0.8,interaction,noninferiority_null,-0.1,0.025,0.12,1.0,100000,100000,True,4999,100000,type1,unadjusted,refined_S_normal,original_S_normal,7e-05,4.123066819346972e-05,12,5,2.417817317498873e-07,7.880154495032711e-05
14,2e99017baf88ab41b624,main,2,200,binary,0.8,interaction,noninferiority_null,-0.1,0.025,0.12,1.0,100000,100000,True,4999,100000,type1,unadjusted,refined_R_normal,original_R_normal,0.0,3.464118935775735e-05,6,6,2.45198487684603e-07,7.860870312160658e-05
14,2e99017baf88ab41b624,main,2,200,binary,0.8,interaction,noninferiority_null,-0.1,0.025,0.12,1.0,100000,100000,True,4999,100000,type1,unadjusted,refined_CRT_data,original_CRT_data,0.0,0.0,0,0,9.999999999999835e-09,8.599999999999737e-08
14,2e99017baf88ab41b624,main,2,200,binary,0.8,interaction,noninferiority_null,-0.1,0.025,0.12,1.0,100000,100000,True,4999,100000,type1,unadjusted,refined_R_lattice,original_R_lattice,0.0,3.464118935775735e-05,6,6,2.45198487684603e-07,7.860870312160658e-05
14,2e99017baf88ab41b624,main,2,200,binary,0.8,interaction,noninferiority_null,-0.1,0.025,0.12,1.0,100000,100000,True,4999,100000,type1,unadjusted,refined_CRT_lattice,original_CRT_lattice,7e-05,4.123066819346972e-05,12,5,2.417817317498873e-07,7.880154495032711e-05
14,2e99017baf88ab41b624,main,2,200,binary,0.8,interaction,noninferiority_null,-0.1,0.025,0.12,1.0,100000,100000,True,4999,100000,type1,unadjusted,refined_CRT_noise,original_CRT_noise,0.0,0.0,0,0,2.999999999999878e-08,9.399999999999839e-08
14,2e99017baf88ab41b624,main,2,200,binary,0.8,interaction,noninferiority_null,-0.1,0.025,0.12,1.0,100000,100000,True,4999,100000,type1,unadjusted,original_R_normal,RT,0.00106,0.00018811995612156332,230,124,-0.002433685231155229,0.006002459777502347
14,2e99017baf88ab41b624,main,2,200,binary,0.8,interaction,noninferiority_null,-0.1,0.025,0.12,1.0,100000,100000,True,4999,100000,type1,unadjusted,original_R_lattice,RT,0.00106,0.00018811995612156332,230,124,-0.002433685231155229,0.006002459777502347
14,2e99017baf88ab41b624,main,2,200,binary,0.8,interaction,noninferiority_null,-0.1,0.025,0.12,1.0,100000,100000,True,4999,100000,type1,unadjusted,original_CRT_lattice,original_CRT_data,0.00157,0.00019098616640258944,261,104,-0.00239319530380612,0.005994756387505662
14,2e99017baf88ab41b624,main,2,200,binary,0.8,interaction,noninferiority_null,-0.1,0.025,0.12,1.0,100000,100000,True,4999,100000,type1,unadjusted,original_S_normal,original_CRT_data,0.00157,0.00019098616640258944,261,104,-0.00239319530380612,0.005994756387505662
14,2e99017baf88ab41b624,main,2,200,binary,0.8,interaction,noninferiority_null,-0.1,0.025,0.12,1.0,100000,100000,True,4999,100000,type1,unadjusted,refined_R_normal,RT,0.00106,0.0001865183955837035,227,121,-0.0024334400326675447,0.006001000665412473
14,2e99017baf88ab41b624,main,2,200,binary,0.8,interaction,noninferiority_null,-0.1,0.025,0.12,1.0,100000,100000,True,4999,100000,type1,unadjusted,refined_R_lattice,RT,0.00106,0.0001865183955837035,227,121,-0.0024334400326675447,0.006001000665412473
14,2e99017baf88ab41b624,main,2,200,binary,0.8,interaction,noninferiority_null,-0.1,0.025,0.12,1.0,100000,100000,True,4999,100000,type1,unadjusted,refined_CRT_lattice,refined_CRT_data,0.00164,0.000189666717519541,262,98,-0.00239296352207437,0.005993635718848973
14,2e99017baf88ab41b624,main,2,200,binary,0.8,interaction,noninferiority_null,-0.1,0.025,0.12,1.0,100000,100000,True,4999,100000,type1,unadjusted,refined_S_normal,refined_CRT_data,0.00164,0.000189666717519541,262,98,-0.00239296352207437,0.005993635718848973
14,2e99017baf88ab41b624,main,2,200,binary,0.8,interaction,noninferiority_null,-0.1,0.025,0.12,1.0,100000,100000,True,4999,100000,type1,adjusted,refined_S_normal,original_S_normal,-1e-05,9.999999999999999e-06,0,1,1.1473235654568324e-08,3.1234522288963702e-06
14,2e99017baf88ab41b624,main,2,200,binary,0.8,interaction,noninferiority_null,-0.1,0.025,0.12,1.0,100000,100000,True,4999,100000,type1,adjusted,refined_R_normal,original_R_normal,0.0,0.0,0,0,1.1382302373994106e-08,3.1157057489017646e-06
14,2e99017baf88ab41b624,main,2,200,binary,0.8,interaction,noninferiority_null,-0.1,0.025,0.12,1.0,100000,100000,True,4999,100000,type1,adjusted,refined_CRT_data,original_CRT_data,0.0,0.0,0,0,-3.999999999998726e-09,8.000000000000507e-09
14,2e99017baf88ab41b624,main,2,200,binary,0.8,interaction,noninferiority_null,-0.1,0.025,0.12,1.0,100000,100000,True,4999,100000,type1,adjusted,refined_R_lattice,original_R_lattice,0.0,0.0,0,0,1.1382302373994106e-08,3.1157057489017646e-06
14,2e99017baf88ab41b624,main,2,200,binary,0.8,interaction,noninferiority_null,-0.1,0.025,0.12,1.0,100000,100000,True,4999,100000,type1,adjusted,refined_CRT_lattice,original_CRT_lattice,-1e-05,9.999999999999999e-06,0,1,1.1473235654568324e-08,3.1234522288963702e-06
14,2e99017baf88ab41b624,main,2,200,binary,0.8,interaction,noninferiority_null,-0.1,0.025,0.12,1.0,100000,100000,True,4999,100000,type1,adjusted,refined_CRT_noise,original_CRT_noise,0.0,0.0,0,0,-7.999999999999744e-09,1.1999999999999858e-08
14,2e99017baf88ab41b624,main,2,200,binary,0.8,interaction,noninferiority_null,-0.1,0.025,0.12,1.0,100000,100000,True,4999,100000,type1,adjusted,original_R_normal,RT,1e-05,0.00017972290339080332,162,161,-0.0005297550647744132,0.005564086700765033
14,2e99017baf88ab41b624,main,2,200,binary,0.8,interaction,noninferiority_null,-0.1,0.025,0.12,1.0,100000,100000,True,4999,100000,type1,adjusted,original_R_lattice,RT,1e-05,0.00017972290339080332,162,161,-0.0005297550647744132,0.005564086700765033
14,2e99017baf88ab41b624,main,2,200,binary,0.8,interaction,noninferiority_null,-0.1,0.025,0.12,1.0,100000,100000,True,4999,100000,type1,adjusted,original_CRT_lattice,original_CRT_data,0.00035,0.00017971949808237252,179,144,-0.0005303807510739689,0.005561271752510503
14,2e99017baf88ab41b624,main,2,200,binary,0.8,interaction,noninferiority_null,-0.1,0.025,0.12,1.0,100000,100000,True,4999,100000,type1,adjusted,original_S_normal,original_CRT_data,0.00035,0.00017971949808237252,179,144,-0.0005303807510739689,0.005561271752510503
14,2e99017baf88ab41b624,main,2,200,binary,0.8,interaction,noninferiority_null,-0.1,0.025,0.12,1.0,100000,100000,True,4999,100000,type1,adjusted,refined_R_normal,RT,1e-05,0.00017972290339080332,162,161,-0.0005297436824720391,0.005564106901701236
14,2e99017baf88ab41b624,main,2,200,binary,0.8,interaction,noninferiority_null,-0.1,0.025,0.12,1.0,100000,100000,True,4999,100000,type1,adjusted,refined_R_lattice,RT,1e-05,0.00017972290339080332,162,161,-0.0005297436824720391,0.005564106901701236
14,2e99017baf88ab41b624,main,2,200,binary,0.8,interaction,noninferiority_null,-0.1,0.025,0.12,1.0,100000,100000,True,4999,100000,type1,adjusted,refined_CRT_lattice,refined_CRT_data,0.00034,0.00017944126056083063,178,144,-0.0005303652778383143,0.005561286109913224
14,2e99017baf88ab41b624,main,2,200,binary,0.8,interaction,noninferiority_null,-0.1,0.025,0.12,1.0,100000,100000,True,4999,100000,type1,adjusted,refined_S_normal,refined_CRT_data,0.00034,0.00017944126056083063,178,144,-0.0005303652778383143,0.005561286109913224
15,18b7c3e3845c96debf74,main,2,200,binary,0.8,interaction,noninferiority_power,0.1,0.025,0.12,1.0,10000,10000,True,4999,100000,power,unadjusted,refined_S_normal,original_S_normal,0.0001,0.00010000000000000003,1,0,-6.506562330225364e-06,2.496853881299042e-05
15,18b7c3e3845c96debf74,main,2,200,binary,0.8,interaction,noninferiority_power,0.1,0.025,0.12,1.0,10000,10000,True,4999,100000,power,unadjusted,refined_R_normal,original_R_normal,0.0,0.0,0,0,-6.553102915266926e-06,2.5099148187396264e-05
15,18b7c3e3845c96debf74,main,2,200,binary,0.8,interaction,noninferiority_power,0.1,0.025,0.12,1.0,10000,10000,True,4999,100000,power,unadjusted,refined_CRT_data,original_CRT_data,0.0,0.0,0,0,-1.4e-07,1.4e-07
15,18b7c3e3845c96debf74,main,2,200,binary,0.8,interaction,noninferiority_power,0.1,0.025,0.12,1.0,10000,10000,True,4999,100000,power,unadjusted,refined_R_lattice,original_R_lattice,0.0,0.0,0,0,-6.553102915266926e-06,2.5099148187396264e-05
15,18b7c3e3845c96debf74,main,2,200,binary,0.8,interaction,noninferiority_power,0.1,0.025,0.12,1.0,10000,10000,True,4999,100000,power,unadjusted,refined_CRT_lattice,original_CRT_lattice,0.0001,0.00010000000000000003,1,0,-6.506562330225364e-06,2.496853881299042e-05
15,18b7c3e3845c96debf74,main,2,200,binary,0.8,interaction,noninferiority_power,0.1,0.025,0.12,1.0,10000,10000,True,4999,100000,power,unadjusted,refined_CRT_noise,original_CRT_noise,0.0,0.0,0,0,-3.9999999999999935e-08,3.9999999999999935e-08
15,18b7c3e3845c96debf74,main,2,200,binary,0.8,interaction,noninferiority_power,0.1,0.025,0.12,1.0,10000,10000,True,4999,100000,power,unadjusted,original_R_normal,RT,0.0024,0.0011133498797752123,74,50,-0.0003627595336564299,0.0013305044192699646
15,18b7c3e3845c96debf74,main,2,200,binary,0.8,interaction,noninferiority_power,0.1,0.025,0.12,1.0,10000,10000,True,4999,100000,power,unadjusted,original_R_lattice,RT,0.0024,0.0011133498797752123,74,50,-0.0003627595336564299,0.0013305044192699646
15,18b7c3e3845c96debf74,main,2,200,binary,0.8,interaction,noninferiority_power,0.1,0.025,0.12,1.0,10000,10000,True,4999,100000,power,unadjusted,original_CRT_lattice,original_CRT_data,0.003,0.0011310295852860256,79,49,-0.000437693631382347,0.0013389462816866874
15,18b7c3e3845c96debf74,main,2,200,binary,0.8,interaction,noninferiority_power,0.1,0.025,0.12,1.0,10000,10000,True,4999,100000,power,unadjusted,original_S_normal,original_CRT_data,0.003,0.0011310295852860256,79,49,-0.000437693631382347,0.0013389462816866874
15,18b7c3e3845c96debf74,main,2,200,binary,0.8,interaction,noninferiority_power,0.1,0.025,0.12,1.0,10000,10000,True,4999,100000,power,unadjusted,refined_R_normal,RT,0.0024,0.0011133498797752123,74,50,-0.00036931263657169683,0.0013309385352513613
15,18b7c3e3845c96debf74,main,2,200,binary,0.8,interaction,noninferiority_power,0.1,0.025,0.12,1.0,10000,10000,True,4999,100000,power,unadjusted,refined_R_lattice,RT,0.0024,0.0011133498797752123,74,50,-0.00036931263657169683,0.0013309385352513613
15,18b7c3e3845c96debf74,main,2,200,binary,0.8,interaction,noninferiority_power,0.1,0.025,0.12,1.0,10000,10000,True,4999,100000,power,unadjusted,refined_CRT_lattice,refined_CRT_data,0.0031,0.0011354153058646334,80,49,-0.0004440601937125724,0.001339569146000754
15,18b7c3e3845c96debf74,main,2,200,binary,0.8,interaction,noninferiority_power,0.1,0.025,0.12,1.0,10000,10000,True,4999,100000,power,unadjusted,refined_S_normal,refined_CRT_data,0.0031,0.0011354153058646334,80,49,-0.0004440601937125724,0.001339569146000754
15,18b7c3e3845c96debf74,main,2,200,binary,0.8,interaction,noninferiority_power,0.1,0.025,0.12,1.0,10000,10000,True,4999,100000,power,adjusted,refined_S_normal,original_S_normal,0.0,0.0,0,0,9.06865592138446e-07,9.123743012896823e-07
15,18b7c3e3845c96debf74,main,2,200,binary,0.8,interaction,noninferiority_power,0.1,0.025,0.12,1.0,10000,10000,True,4999,100000,power,adjusted,refined_R_normal,original_R_normal,0.0,0.0,0,0,9.121980586164951e-07,9.176920997430699e-07
15,18b7c3e3845c96debf74,main,2,200,binary,0.8,interaction,noninferiority_power,0.1,0.025,0.12,1.0,10000,10000,True,4999,100000,power,adjusted,refined_CRT_data,original_CRT_data,0.0,0.0,0,0,1.9999999999999987e-08,1.9999999999999987e-08
15,18b7c3e3845c96debf74,main,2,200,binary,0.8,interaction,noninferiority_power,0.1,0.025,0.12,1.0,10000,10000,True,4999,100000,power,adjusted,refined_R_lattice,original_R_lattice,0.0,0.0,0,0,9.121980586164951e-07,9.176920997430699e-07
15,18b7c3e3845c96debf74,main,2,200,binary,0.8,interaction,noninferiority_power,0.1,0.025,0.12,1.0,10000,10000,True,4999,100000,power,adjusted,refined_CRT_lattice,original_CRT_lattice,0.0,0.0,0,0,9.06865592138446e-07,9.123743012896823e-07
15,18b7c3e3845c96debf74,main,2,200,binary,0.8,interaction,noninferiority_power,0.1,0.025,0.12,1.0,10000,10000,True,4999,100000,power,adjusted,refined_CRT_noise,original_CRT_noise,0.0,0.0,0,0,0.0,0.0
15,18b7c3e3845c96debf74,main,2,200,binary,0.8,interaction,noninferiority_power,0.1,0.025,0.12,1.0,10000,10000,True,4999,100000,power,adjusted,original_R_normal,RT,0.0004,0.0011045840894205656,63,59,-0.00015238070388488278,0.0012979668595701536
15,18b7c3e3845c96debf74,main,2,200,binary,0.8,interaction,noninferiority_power,0.1,0.025,0.12,1.0,10000,10000,True,4999,100000,power,adjusted,original_R_lattice,RT,0.0004,0.0011045840894205656,63,59,-0.00015238070388488278,0.0012979668595701536
15,18b7c3e3845c96debf74,main,2,200,binary,0.8,interaction,noninferiority_power,0.1,0.025,0.12,1.0,10000,10000,True,4999,100000,power,adjusted,original_CRT_lattice,original_CRT_data,0.0002,0.0010863305258534991,60,58,-0.000165658508110813,0.0012824429833585684
15,18b7c3e3845c96debf74,main,2,200,binary,0.8,interaction,noninferiority_power,0.1,0.025,0.12,1.0,10000,10000,True,4999,100000,power,adjusted,original_S_normal,original_CRT_data,0.0002,0.0010863305258534991,60,58,-0.000165658508110813,0.0012824429833585684
15,18b7c3e3845c96debf74,main,2,200,binary,0.8,interaction,noninferiority_power,0.1,0.025,0.12,1.0,10000,10000,True,4999,100000,power,adjusted,refined_R_normal,RT,0.0004,0.0011045840894205656,63,59,-0.00015146850582626627,0.001297943997094442
15,18b7c3e3845c96debf74,main,2,200,binary,0.8,interaction,noninferiority_power,0.1,0.025,0.12,1.0,10000,10000,True,4999,100000,power,adjusted,refined_R_lattice,RT,0.0004,0.0011045840894205656,63,59,-0.00015146850582626627,0.001297943997094442
15,18b7c3e3845c96debf74,main,2,200,binary,0.8,interaction,noninferiority_power,0.1,0.025,0.12,1.0,10000,10000,True,4999,100000,power,adjusted,refined_CRT_lattice,refined_CRT_data,0.0002,0.0010863305258534991,60,58,-0.00016477164251867458,0.001282390611091522
15,18b7c3e3845c96debf74,main,2,200,binary,0.8,interaction,noninferiority_power,0.1,0.025,0.12,1.0,10000,10000,True,4999,100000,power,adjusted,refined_S_normal,refined_CRT_data,0.0002,0.0010863305258534991,60,58,-0.00016477164251867458,0.001282390611091522
16,41e8421f977f76d12275,main,5,400,continuous,0.8,first_factor,superiority_null,0.0,0.05,0.5,1.0,100000,100000,True,4999,100000,type1,unadjusted,refined_S_normal,original_S_normal,0.00128,0.00011306521939764842,128,0,-0.0019249603669798346,0.0019560411215305685
16,41e8421f977f76d12275,main,5,400,continuous,0.8,first_factor,superiority_null,0.0,0.05,0.5,1.0,100000,100000,True,4999,100000,type1,unadjusted,refined_R_normal,original_R_normal,0.0012,0.00010947931246221165,120,0,-0.001920751390941943,0.0019517467088566818
16,41e8421f977f76d12275,main,5,400,continuous,0.8,first_factor,superiority_null,0.0,0.05,0.5,1.0,100000,100000,True,4999,100000,type1,unadjusted,refined_CRT_data,original_CRT_data,2e-05,1.4142064912168937e-05,2,0,-4.0780000000000125e-06,1.3657999999999992e-05
16,41e8421f977f76d12275,main,5,400,continuous,0.8,first_factor,superiority_null,0.0,0.05,0.5,1.0,100000,100000,True,4999,100000,type1,unadjusted,refined_R_lattice,original_R_lattice,0.0012,0.00010947931246221165,120,0,-0.001920751390941943,0.0019517467088566818
16,41e8421f977f76d12275,main,5,400,continuous,0.8,first_factor,superiority_null,0.0,0.05,0.5,1.0,100000,100000,True,4999,100000,type1,unadjusted,refined_CRT_lattice,original_CRT_lattice,0.00128,0.00011306521939764842,128,0,-0.0019249603669798346,0.0019560411215305685
16,41e8421f977f76d12275,main,5,400,continuous,0.8,first_factor,superiority_null,0.0,0.05,0.5,1.0,100000,100000,True,4999,100000,type1,unadjusted,refined_CRT_noise,original_CRT_noise,2e-05,1.4142064912168937e-05,2,0,-3.3699999999999758e-06,1.3522000000000004e-05
16,41e8421f977f76d12275,main,5,400,continuous,0.8,first_factor,superiority_null,0.0,0.05,0.5,1.0,100000,100000,True,4999,100000,type1,unadjusted,original_R_normal,RT,-0.00141,0.0002031761103213614,136,277,0.0015566719828404416,0.006194966500949017
16,41e8421f977f76d12275,main,5,400,continuous,0.8,first_factor,superiority_null,0.0,0.05,0.5,1.0,100000,100000,True,4999,100000,type1,unadjusted,original_R_lattice,RT,-0.00141,0.0002031761103213614,136,277,0.0015566719828404416,0.006194966500949017
16,41e8421f977f76d12275,main,5,400,continuous,0.8,first_factor,superiority_null,0.0,0.05,0.5,1.0,100000,100000,True,4999,100000,type1,unadjusted,original_CRT_lattice,original_CRT_data,-0.0015,0.00019894194072381466,123,273,0.001557077370617638,0.006192677054088001
16,41e8421f977f76d12275,main,5,400,continuous,0.8,first_factor,superiority_null,0.0,0.05,0.5,1.0,100000,100000,True,4999,100000,type1,unadjusted,original_S_normal,original_CRT_data,-0.0015,0.00019894194072381466,123,273,0.001557077370617638,0.006192677054088001
16,41e8421f977f76d12275,main,5,400,continuous,0.8,first_factor,superiority_null,0.0,0.05,0.5,1.0,100000,100000,True,4999,100000,type1,unadjusted,refined_R_normal,RT,-0.00021,0.0002037154240594953,197,218,-0.0003640794081015014,0.006002508287310892
16,41e8421f977f76d12275,main,5,400,continuous,0.8,first_factor,superiority_null,0.0,0.05,0.5,1.0,100000,100000,True,4999,100000,type1,unadjusted,refined_R_lattice,RT,-0.00021,0.0002037154240594953,197,218,-0.0003640794081015014,0.006002508287310892
16,41e8421f977f76d12275,main,5,400,continuous,0.8,first_factor,superiority_null,0.0,0.05,0.5,1.0,100000,100000,True,4999,100000,type1,unadjusted,refined_CRT_lattice,refined_CRT_data,-0.00024,0.00019949892731095068,187,211,-0.00036380499636219686,0.005999551469100456
16,41e8421f977f76d12275,main,5,400,continuous,0.8,first_factor,superiority_null,0.0,0.05,0.5,1.0,100000,100000,True,4999,100000,type1,unadjusted,refined_S_normal,refined_CRT_data,-0.00024,0.00019949892731095068,187,211,-0.00036380499636219686,0.005999551469100456
16,41e8421f977f76d12275,main,5,400,continuous,0.8,first_factor,superiority_null,0.0,0.05,0.5,1.0,100000,100000,True,4999,100000,type1,adjusted,refined_S_normal,original_S_normal,-8e-05,2.8283281270743574e-05,0,8,0.00012043746805949936,0.00012043746805949936
16,41e8421f977f76d12275,main,5,400,continuous,0.8,first_factor,superiority_null,0.0,0.05,0.5,1.0,100000,100000,True,4999,100000,type1,adjusted,refined_R_normal,original_R_normal,-4e-05,1.999969999474989e-05,0,4,0.00012017097132462606,0.00012017097132462606
16,41e8421f977f76d12275,main,5,400,continuous,0.8,first_factor,superiority_null,0.0,0.05,0.5,1.0,100000,100000,True,4999,100000,type1,adjusted,refined_CRT_data,original_CRT_data,0.0,0.0,0,0,2.839999999999963e-07,8.360000000000001e-07
16,41e8421f977f76d12275,main,5,400,continuous,0.8,first_factor,superiority_null,0.0,0.05,0.5,1.0,100000,100000,True,4999,100000,type1,adjusted,refined_R_lattice,original_R_lattice,-4e-05,1.999969999474989e-05,0,4,0.00012017097132462606,0.00012017097132462606
16,41e8421f977f76d12275,main,5,400,continuous,0.8,first_factor,superiority_null,0.0,0.05,0.5,1.0,100000,100000,True,4999,100000,type1,adjusted,refined_CRT_lattice,original_CRT_lattice,-8e-05,2.8283281270743574e-05,0,8,0.00012043746805949936,0.00012043746805949936
16,41e8421f977f76d12275,main,5,400,continuous,0.8,first_factor,superiority_null,0.0,0.05,0.5,1.0,100000,100000,True,4999,100000,type1,adjusted,refined_CRT_noise,original_CRT_noise,0.0,0.0,0,0,2.1200000000000566e-07,8.479999999999957e-07
16,41e8421f977f76d12275,main,5,400,continuous,0.8,first_factor,superiority_null,0.0,0.05,0.5,1.0,100000,100000,True,4999,100000,type1,adjusted,original_R_normal,RT,-0.00022,0.0001944219483467337,178,200,-0.0005055189245905522,0.005999599123709665
16,41e8421f977f76d12275,main,5,400,continuous,0.8,first_factor,superiority_null,0.0,0.05,0.5,1.0,100000,100000,True,4999,100000,type1,adjusted,original_R_lattice,RT,-0.00022,0.0001944219483467337,178,200,-0.0005055189245905522,0.005999599123709665
16,41e8421f977f76d12275,main,5,400,continuous,0.8,first_factor,superiority_null,0.0,0.05,0.5,1.0,100000,100000,True,4999,100000,type1,adjusted,original_CRT_lattice,original_CRT_data,-0.00024,0.00019493538416111116,178,202,-0.0005039969455344127,0.005997518337353174
16,41e8421f977f76d12275,main,5,400,continuous,0.8,first_factor,superiority_null,0.0,0.05,0.5,1.0,100000,100000,True,4999,100000,type1,adjusted,original_S_normal,original_CRT_data,-0.00024,0.00019493538416111116,178,202,-0.0005039969455344127,0.005997518337353174
16,41e8421f977f76d12275,main,5,400,continuous,0.8,first_factor,superiority_null,0.0,0.05,0.5,1.0,100000,100000,True,4999,100000,type1,adjusted,refined_R_normal,RT,-0.00026,0.0001939064207214397,175,201,-0.0003853479532659261,0.0059931077944959535
16,41e8421f977f76d12275,main,5,400,continuous,0.8,first_factor,superiority_null,0.0,0.05,0.5,1.0,100000,100000,True,4999,100000,type1,adjusted,refined_R_lattice,RT,-0.00026,0.0001939064207214397,175,201,-0.0003853479532659261,0.0059931077944959535
16,41e8421f977f76d12275,main,5,400,continuous,0.8,first_factor,superiority_null,0.0,0.05,0.5,1.0,100000,100000,True,4999,100000,type1,adjusted,refined_CRT_lattice,refined_CRT_data,-0.00032,0.00019338911549903717,171,203,-0.0003838434774749133,0.005991112763003524
16,41e8421f977f76d12275,main,5,400,continuous,0.8,first_factor,superiority_null,0.0,0.05,0.5,1.0,100000,100000,True,4999,100000,type1,adjusted,refined_S_normal,refined_CRT_data,-0.00032,0.00019338911549903717,171,203,-0.0003838434774749133,0.005991112763003524
17,d672af341ef2a71c6cca,main,5,400,continuous,0.8,first_factor,superiority_power,0.3,0.05,0.5,1.0,10000,10000,True,4999,100000,power,unadjusted,refined_S_normal,original_S_normal,0.0031,0.0005559405606633673,31,0,-0.0006569007894658794,0.0006688274478065001
17,d672af341ef2a71c6cca,main,5,400,continuous,0.8,first_factor,superiority_power,0.3,0.05,0.5,1.0,10000,10000,True,4999,100000,power,unadjusted,refined_R_normal,original_R_normal,0.0035,0.0005906012876620733,35,0,-0.0006579584931705089,0.0006699103776541827
17,d672af341ef2a71c6cca,main,5,400,continuous,0.8,first_factor,superiority_power,0.3,0.05,0.5,1.0,10000,10000,True,4999,100000,power,unadjusted,refined_CRT_data,original_CRT_data,0.0,0.0,0,0,-1.9999999999999834e-06,4.760000000000012e-06
17,d672af341ef2a71c6cca,main,5,400,continuous,0.8,first_factor,superiority_power,0.3,0.05,0.5,1.0,10000,10000,True,4999,100000,power,unadjusted,refined_R_lattice,original_R_lattice,0.0035,0.0005906012876620733,35,0,-0.0006579584931705089,0.0006699103776541827
17,d672af341ef2a71c6cca,main,5,400,continuous,0.8,first_factor,superiority_power,0.3,0.05,0.5,1.0,10000,10000,True,4999,100000,power,unadjusted,refined_CRT_lattice,original_CRT_lattice,0.0031,0.0005559405606633673,31,0,-0.0006569007894658794,0.0006688274478065001
17,d672af341ef2a71c6cca,main,5,400,continuous,0.8,first_factor,superiority_power,0.3,0.05,0.5,1.0,10000,10000,True,4999,100000,power,unadjusted,refined_CRT_noise,original_CRT_noise,0.0,0.0,0,0,-1.560000000000041e-06,4.559999999999999e-06
17,d672af341ef2a71c6cca,main,5,400,continuous,0.8,first_factor,superiority_power,0.3,0.05,0.5,1.0,10000,10000,True,4999,100000,power,unadjusted,original_R_normal,RT,-0.0035,0.0008881744678769702,22,57,0.0005855345423862862,0.002061214410220561
17,d672af341ef2a71c6cca,main,5,400,continuous,0.8,first_factor,superiority_power,0.3,0.05,0.5,1.0,10000,10000,True,4999,100000,power,unadjusted,original_R_lattice,RT,-0.0035,0.0008881744678769702,22,57,0.0005855345423862862,0.002061214410220561
17,d672af341ef2a71c6cca,main,5,400,continuous,0.8,first_factor,superiority_power,0.3,0.05,0.5,1.0,10000,10000,True,4999,100000,power,unadjusted,original_CRT_lattice,original_CRT_data,-0.003,0.0008939686336733515,25,55,0.0005762296374008958,0.002046156427790979
17,d672af341ef2a71c6cca,main,5,400,continuous,0.8,first_factor,superiority_power,0.3,0.05,0.5,1.0,10000,10000,True,4999,100000,power,unadjusted,original_S_normal,original_CRT_data,-0.003,0.0008939686336733515,25,55,0.0005762296374008958,0.002046156427790979
17,d672af341ef2a71c6cca,main,5,400,continuous,0.8,first_factor,superiority_power,0.3,0.05,0.5,1.0,10000,10000,True,4999,100000,power,unadjusted,refined_R_normal,RT,0.0,0.0008367018626731389,35,35,-7.242395078422266e-05,0.0019672431032680456
17,d672af341ef2a71c6cca,main,5,400,continuous,0.8,first_factor,superiority_power,0.3,0.05,0.5,1.0,10000,10000,True,4999,100000,power,unadjusted,refined_R_lattice,RT,0.0,0.0008367018626731389,35,35,-7.242395078422266e-05,0.0019672431032680456
17,d672af341ef2a71c6cca,main,5,400,continuous,0.8,first_factor,superiority_power,0.3,0.05,0.5,1.0,10000,10000,True,4999,100000,power,unadjusted,refined_CRT_lattice,refined_CRT_data,0.0001,0.0008307033205667834,35,34,-7.867115206498356e-05,0.0019549222999998782
17,d672af341ef2a71c6cca,main,5,400,continuous,0.8,first_factor,superiority_power,0.3,0.05,0.5,1.0,10000,10000,True,4999,100000,power,unadjusted,refined_S_normal,refined_CRT_data,0.0001,0.0008307033205667834,35,34,-7.867115206498356e-05,0.0019549222999998782
17,d672af341ef2a71c6cca,main,5,400,continuous,0.8,first_factor,superiority_power,0.3,0.05,0.5,1.0,10000,10000,True,4999,100000,power,adjusted,refined_S_normal,original_S_normal,0.0,0.0,0,0,4.0540730241304865e-05,4.0540730241304865e-05
17,d672af341ef2a71c6cca,main,5,400,continuous,0.8,first_factor,superiority_power,0.3,0.05,0.5,1.0,10000,10000,True,4999,100000,power,adjusted,refined_R_normal,original_R_normal,0.0,0.0,0,0,4.0615595237106156e-05,4.0615595237106156e-05
17,d672af341ef2a71c6cca,main,5,400,continuous,0.8,first_factor,superiority_power,0.3,0.05,0.5,1.0,10000,10000,True,4999,100000,power,adjusted,refined_CRT_data,original_CRT_data,0.0,0.0,0,0,8.000000000000101e-08,2.800000000000017e-07
17,d672af341ef2a71c6cca,main,5,400,continuous,0.8,first_factor,superiority_power,0.3,0.05,0.5,1.0,10000,10000,True,4999,100000,power,adjusted,refined_R_lattice,original_R_lattice,0.0,0.0,0,0,4.0615595237106156e-05,4.0615595237106156e-05
17,d672af341ef2a71c6cca,main,5,400,continuous,0.8,first_factor,superiority_power,0.3,0.05,0.5,1.0,10000,10000,True,4999,100000,power,adjusted,refined_CRT_lattice,original_CRT_lattice,0.0,0.0,0,0,4.0540730241304865e-05,4.0540730241304865e-05
17,d672af341ef2a71c6cca,main,5,400,continuous,0.8,first_factor,superiority_power,0.3,0.05,0.5,1.0,10000,10000,True,4999,100000,power,adjusted,refined_CRT_noise,original_CRT_noise,0.0,0.0,0,0,1.1999999999999022e-07,3.5999999999998597e-07
17,d672af341ef2a71c6cca,main,5,400,continuous,0.8,first_factor,superiority_power,0.3,0.05,0.5,1.0,10000,10000,True,4999,100000,power,adjusted,original_R_normal,RT,-0.0003,0.0009849304588654367,47,50,-0.00011418123404641922,0.001893345342305426
17,d672af341ef2a71c6cca,main,5,400,continuous,0.8,first_factor,superiority_power,0.3,0.05,0.5,1.0,10000,10000,True,4999,100000,power,adjusted,original_R_lattice,RT,-0.0003,0.0009849304588654367,47,50,-0.00011418123404641922,0.001893345342305426
17,d672af341ef2a71c6cca,main,5,400,continuous,0.8,first_factor,superiority_power,0.3,0.05,0.5,1.0,10000,10000,True,4999,100000,power,adjusted,original_CRT_lattice,original_CRT_data,-0.0007,0.0009747030340572761,44,51,-0.0001272963583109938,0.001882511445998144
17,d672af341ef2a71c6cca,main,5,400,continuous,0.8,first_factor,superiority_power,0.3,0.05,0.5,1.0,10000,10000,True,4999,100000,power,adjusted,original_S_normal,original_CRT_data,-0.0007,0.0009747030340572761,44,51,-0.0001272963583109938,0.001882511445998144
17,d672af341ef2a71c6cca,main,5,400,continuous,0.8,first_factor,superiority_power,0.3,0.05,0.5,1.0,10000,10000,True,4999,100000,power,adjusted,refined_R_normal,RT,-0.0003,0.0009849304588654367,47,50,-7.356563880931307e-05,0.00189281280729788
17,d672af341ef2a71c6cca,main,5,400,continuous,0.8,first_factor,superiority_power,0.3,0.05,0.5,1.0,10000,10000,True,4999,100000,power,adjusted,refined_R_lattice,RT,-0.0003,0.0009849304588654367,47,50,-7.356563880931307e-05,0.00189281280729788
17,d672af341ef2a71c6cca,main,5,400,continuous,0.8,first_factor,superiority_power,0.3,0.05,0.5,1.0,10000,10000,True,4999,100000,power,adjusted,refined_CRT_lattice,refined_CRT_data,-0.0007,0.0009747030340572761,44,51,-8.683562806968893e-05,0.001881914874183308
17,d672af341ef2a71c6cca,main,5,400,continuous,0.8,first_factor,superiority_power,0.3,0.05,0.5,1.0,10000,10000,True,4999,100000,power,adjusted,refined_S_normal,refined_CRT_data,-0.0007,0.0009747030340572761,44,51,-8.683562806968893e-05,0.001881914874183308
18,523b2a5c8df3d80c5247,main,5,400,continuous,0.8,first_factor,noninferiority_null,-0.2,0.025,0.5,1.0,100000,100000,True,4999,100000,type1,unadjusted,refined_S_normal,original_S_normal,0.00059,7.678917870233838e-05,59,0,-1.8887400155127446e-06,0.0009747969723803712
18,523b2a5c8df3d80c5247,main,5,400,continuous,0.8,first_factor,noninferiority_null,-0.2,0.025,0.5,1.0,100000,100000,True,4999,100000,type1,unadjusted,refined_R_normal,original_R_normal,0.00061,7.934949252150031e-05,62,1,-1.909283794321446e-06,0.0009727640975404461
18,523b2a5c8df3d80c5247,main,5,400,continuous,0.8,first_factor,noninferiority_null,-0.2,0.025,0.5,1.0,100000,100000,True,4999,100000,type1,unadjusted,refined_CRT_data,original_CRT_data,1e-05,9.999999999999999e-06,1,0,6.0000000000243364e-09,6.666000000000014e-06
18,523b2a5c8df3d80c5247,main,5,400,continuous,0.8,first_factor,noninferiority_null,-0.2,0.025,0.5,1.0,100000,100000,True,4999,100000,type1,unadjusted,refined_R_lattice,original_R_lattice,0.00061,7.934949252150031e-05,62,1,-1.909283794321446e-06,0.0009727640975404461
18,523b2a5c8df3d80c5247,main,5,400,continuous,0.8,first_factor,noninferiority_null,-0.2,0.025,0.5,1.0,100000,100000,True,4999,100000,type1,unadjusted,refined_CRT_lattice,original_CRT_lattice,0.00059,7.678917870233838e-05,59,0,-1.8887400155127446e-06,0.0009747969723803712
18,523b2a5c8df3d80c5247,main,5,400,continuous,0.8,first_factor,noninferiority_null,-0.2,0.025,0.5,1.0,100000,100000,True,4999,100000,type1,unadjusted,refined_CRT_noise,original_CRT_noise,0.0,0.0,0,0,1.440000000000187e-07,6.6999999999999714e-06
18,523b2a5c8df3d80c5247,main,5,400,continuous,0.8,first_factor,noninferiority_null,-0.2,0.025,0.5,1.0,100000,100000,True,4999,100000,type1,unadjusted,original_R_normal,RT,-0.00053,0.00014661993716428792,81,134,-7.895800115596787e-05,0.005045881220403344
18,523b2a5c8df3d80c5247,main,5,400,continuous,0.8,first_factor,noninferiority_null,-0.2,0.025,0.5,1.0,100000,100000,True,4999,100000,type1,unadjusted,original_R_lattice,RT,-0.00053,0.00014661993716428792,81,134,-7.895800115596787e-05,0.005045881220403344
18,523b2a5c8df3d80c5247,main,5,400,continuous,0.8,first_factor,noninferiority_null,-0.2,0.025,0.5,1.0,100000,100000,True,4999,100000,type1,unadjusted,original_CRT_lattice,original_CRT_data,-0.00057,0.0001466184366635373,79,136,-7.795748489104814e-05,0.005042599191040897
18,523b2a5c8df3d80c5247,main,5,400,continuous,0.8,first_factor,noninferiority_null,-0.2,0.025,0.5,1.0,100000,100000,True,4999,100000,type1,unadjusted,original_S_normal,original_CRT_data,-0.00057,0.0001466184366635373,79,136,-7.795748489104814e-05,0.005042599191040897
18,523b2a5c8df3d80c5247,main,5,400,continuous,0.8,first_factor,noninferiority_null,-0.2,0.025,0.5,1.0,100000,100000,True,4999,100000,type1,unadjusted,refined_R_normal,RT,8e-05,0.00014764875211643348,113,105,-8.086728495028933e-05,0.004964061406445975
18,523b2a5c8df3d80c5247,main,5,400,continuous,0.8,first_factor,noninferiority_null,-0.2,0.025,0.5,1.0,100000,100000,True,4999,100000,type1,unadjusted,refined_R_lattice,RT,8e-05,0.00014764875211643348,113,105,-8.086728495028933e-05,0.004964061406445975
18,523b2a5c8df3d80c5247,main,5,400,continuous,0.8,first_factor,noninferiority_null,-0.2,0.025,0.5,1.0,100000,100000,True,4999,100000,type1,unadjusted,refined_CRT_lattice,refined_CRT_data,1e-05,0.00014387566160424777,104,103,-7.985222490656091e-05,0.004961243801044613
18,523b2a5c8df3d80c5247,main,5,400,continuous,0.8,first_factor,noninferiority_null,-0.2,0.025,0.5,1.0,100000,100000,True,4999,100000,type1,unadjusted,refined_S_normal,refined_CRT_data,1e-05,0.00014387566160424777,104,103,-7.985222490656091e-05,0.004961243801044613
18,523b2a5c8df3d80c5247,main,5,400,continuous,0.8,first_factor,noninferiority_null,-0.2,0.025,0.5,1.0,100000,100000,True,4999,100000,type1,adjusted,refined_S_normal,original_S_normal,-3e-05,1.7320334868009895e-05,0,3,-1.2586895150390054e-07,6.0257309884498286e-05
18,523b2a5c8df3d80c5247,main,5,400,continuous,0.8,first_factor,noninferiority_null,-0.2,0.025,0.5,1.0,100000,100000,True,4999,100000,type1,adjusted,refined_R_normal,original_R_normal,-1e-05,9.999999999999999e-06,0,1,-1.272134018641964e-07,6.012911530764193e-05
18,523b2a5c8df3d80c5247,main,5,400,continuous,0.8,first_factor,noninferiority_null,-0.2,0.025,0.5,1.0,100000,100000,True,4999,100000,type1,adjusted,refined_CRT_data,original_CRT_data,0.0,0.0,0,0,-3.3999999999995196e-08,4.019999999999939e-07
18,523b2a5c8df3d80c5247,main,5,400,continuous,0.8,first_factor,noninferiority_null,-0.2,0.025,0.5,1.0,100000,100000,True,4999,100000,type1,adjusted,refined_R_lattice,original_R_lattice,-1e-05,9.999999999999999e-06,0,1,-1.272134018641964e-07,6.012911530764193e-05
18,523b2a5c8df3d80c5247,main,5,400,continuous,0.8,first_factor,noninferiority_null,-0.2,0.025,0.5,1.0,100000,100000,True,4999,100000,type1,adjusted,refined_CRT_lattice,original_CRT_lattice,-3e-05,1.7320334868009895e-05,0,3,-1.2586895150390054e-07,6.0257309884498286e-05
18,523b2a5c8df3d80c5247,main,5,400,continuous,0.8,first_factor,noninferiority_null,-0.2,0.025,0.5,1.0,100000,100000,True,4999,100000,type1,adjusted,refined_CRT_noise,original_CRT_noise,0.0,0.0,0,0,-1.7999999999993315e-08,4.2599999999999204e-07
18,523b2a5c8df3d80c5247,main,5,400,continuous,0.8,first_factor,noninferiority_null,-0.2,0.025,0.5,1.0,100000,100000,True,4999,100000,type1,adjusted,original_R_normal,RT,9e-05,0.00014247849662745606,106,97,-8.480477047294953e-05,0.0049587255442881985
18,523b2a5c8df3d80c5247,main,5,400,continuous,0.8,first_factor,noninferiority_null,-0.2,0.025,0.5,1.0,100000,100000,True,4999,100000,type1,adjusted,original_R_lattice,RT,9e-05,0.00014247849662745606,106,97,-8.480477047294953e-05,0.0049587255442881985
18,523b2a5c8df3d80c5247,main,5,400,continuous,0.8,first_factor,noninferiority_null,-0.2,0.025,0.5,1.0,100000,100000,True,4999,100000,type1,adjusted,original_CRT_lattice,original_CRT_data,0.00012,0.00014696962951821034,114,102,-8.573850336091325e-05,0.004956248189234585
18,523b2a5c8df3d80c5247,main,5,400,continuous,0.8,first_factor,noninferiority_null,-0.2,0.025,0.5,1.0,100000,100000,True,4999,100000,type1,adjusted,original_S_normal,original_CRT_data,0.00012,0.00014696962951821034,114,102,-8.573850336091325e-05,0.004956248189234585
18,523b2a5c8df3d80c5247,main,5,400,continuous,0.8,first_factor,noninferiority_null,-0.2,0.025,0.5,1.0,100000,100000,True,4999,100000,type1,adjusted,refined_R_normal,RT,8e-05,0.00014282905867294657,106,98,-8.493198387481371e-05,0.004957299747616169
18,523b2a5c8df3d80c5247,main,5,400,continuous,0.8,first_factor,noninferiority_null,-0.2,0.025,0.5,1.0,100000,100000,True,4999,100000,type1,adjusted,refined_R_lattice,RT,8e-05,0.00014282905867294657,106,98,-8.493198387481371e-05,0.004957299747616169
18,523b2a5c8df3d80c5247,main,5,400,continuous,0.8,first_factor,noninferiority_null,-0.2,0.025,0.5,1.0,100000,100000,True,4999,100000,type1,adjusted,refined_CRT_lattice,refined_CRT_data,9e-05,0.00014594564742163434,111,102,-8.583037231241717e-05,0.004954805366252099
18,523b2a5c8df3d80c5247,main,5,400,continuous,0.8,first_factor,noninferiority_null,-0.2,0.025,0.5,1.0,100000,100000,True,4999,100000,type1,adjusted,refined_S_normal,refined_CRT_data,9e-05,0.00014594564742163434,111,102,-8.583037231241717e-05,0.004954805366252099
19,2f5a1c6f398c125b0f86,main,5,400,continuous,0.8,first_factor,noninferiority_power,0.1,0.025,0.5,1.0,10000,10000,True,4999,100000,power,unadjusted,refined_S_normal,original_S_normal,0.0032,0.0005648078441293809,32,0,-0.00032729075131123826,0.00033883094460210664
19,2f5a1c6f398c125b0f86,main,5,400,continuous,0.8,first_factor,noninferiority_power,0.1,0.025,0.5,1.0,10000,10000,True,4999,100000,power,unadjusted,refined_R_normal,original_R_normal,0.003,0.0005469277036238878,30,0,-0.00032781329387108685,0.0003393608714774925
19,2f5a1c6f398c125b0f86,main,5,400,continuous,0.8,first_factor,noninferiority_power,0.1,0.025,0.5,1.0,10000,10000,True,4999,100000,power,unadjusted,refined_CRT_data,original_CRT_data,0.0,0.0,0,0,-9.200000000000017e-07,2.3999999999999906e-06
19,2f5a1c6f398c125b0f86,main,5,400,continuous,0.8,first_factor,noninferiority_power,0.1,0.025,0.5,1.0,10000,10000,True,4999,100000,power,unadjusted,refined_R_lattice,original_R_lattice,0.003,0.0005469277036238878,30,0,-0.00032781329387108685,0.0003393608714774925
19,2f5a1c6f398c125b0f86,main,5,400,continuous,0.8,first_factor,noninferiority_power,0.1,0.025,0.5,1.0,10000,10000,True,4999,100000,power,unadjusted,refined_CRT_lattice,original_CRT_lattice,0.0032,0.0005648078441293809,32,0,-0.00032729075131123826,0.00033883094460210664
19,2f5a1c6f398c125b0f86,main,5,400,continuous,0.8,first_factor,noninferiority_power,0.1,0.025,0.5,1.0,10000,10000,True,4999,100000,power,unadjusted,refined_CRT_noise,original_CRT_noise,0.0,0.0,0,0,-7.600000000000043e-07,2.280000000000014e-06
19,2f5a1c6f398c125b0f86,main,5,400,continuous,0.8,first_factor,noninferiority_power,0.1,0.025,0.5,1.0,10000,10000,True,4999,100000,power,unadjusted,original_R_normal,RT,-0.0017,0.0010534808883877391,47,64,0.00020407178697388537,0.0013150572371741819
19,2f5a1c6f398c125b0f86,main,5,400,continuous,0.8,first_factor,noninferiority_power,0.1,0.025,0.5,1.0,10000,10000,True,4999,100000,power,unadjusted,original_R_lattice,RT,-0.0017,0.0010534808883877391,47,64,0.00020407178697388537,0.0013150572371741819
19,2f5a1c6f398c125b0f86,main,5,400,continuous,0.8,first_factor,noninferiority_power,0.1,0.025,0.5,1.0,10000,10000,True,4999,100000,power,unadjusted,original_CRT_lattice,original_CRT_data,-0.0024,0.0010580812603932458,44,68,0.00019855239434587714,0.001307494834397324
19,2f5a1c6f398c125b0f86,main,5,400,continuous,0.8,first_factor,noninferiority_power,0.1,0.025,0.5,1.0,10000,10000,True,4999,100000,power,unadjusted,original_S_normal,original_CRT_data,-0.0024,0.0010580812603932458,44,68,0.00019855239434587714,0.001307494834397324
19,2f5a1c6f398c125b0f86,main,5,400,continuous,0.8,first_factor,noninferiority_power,0.1,0.025,0.5,1.0,10000,10000,True,4999,100000,power,unadjusted,refined_R_normal,RT,0.0013,0.0010246638441944558,59,46,-0.00012374150689720145,0.0012760483530948514
19,2f5a1c6f398c125b0f86,main,5,400,continuous,0.8,first_factor,noninferiority_power,0.1,0.025,0.5,1.0,10000,10000,True,4999,100000,power,unadjusted,refined_R_lattice,RT,0.0013,0.0010246638441944558,59,46,-0.00012374150689720145,0.0012760483530948514
19,2f5a1c6f398c125b0f86,main,5,400,continuous,0.8,first_factor,noninferiority_power,0.1,0.025,0.5,1.0,10000,10000,True,4999,100000,power,unadjusted,refined_CRT_lattice,refined_CRT_data,0.0008,0.001048830779773582,59,51,-0.0001278183569653611,0.001268604847864106
19,2f5a1c6f398c125b0f86,main,5,400,continuous,0.8,first_factor,noninferiority_power,0.1,0.025,0.5,1.0,10000,10000,True,4999,100000,power,unadjusted,refined_S_normal,refined_CRT_data,0.0008,0.001048830779773582,59,51,-0.0001278183569653611,0.001268604847864106
19,2f5a1c6f398c125b0f86,main,5,400,continuous,0.8,first_factor,noninferiority_power,0.1,0.025,0.5,1.0,10000,10000,True,4999,100000,power,adjusted,refined_S_normal,original_S_normal,0.0,0.0,0,0,2.035250466017875e-05,2.0550181241757447e-05
19,2f5a1c6f398c125b0f86,main,5,400,continuous,0.8,first_factor,noninferiority_power,0.1,0.025,0.5,1.0,10000,10000,True,4999,100000,power,adjusted,refined_R_normal,original_R_normal,-0.0002,0.00014141428428549925,0,2,2.038591869799776e-05,2.0583556246259058e-05
19,2f5a1c6f398c125b0f86,main,5,400,continuous,0.8,first_factor,noninferiority_power,0.1,0.025,0.5,1.0,10000,10000,True,4999,100000,power,adjusted,refined_CRT_data,original_CRT_data,0.0,0.0,0,0,5.999999999999882e-08,1.8000000000000114e-07
19,2f5a1c6f398c125b0f86,main,5,400,continuous,0.8,first_factor,noninferiority_power,0.1,0.025,0.5,1.0,10000,10000,True,4999,100000,power,adjusted,refined_R_lattice,original_R_lattice,-0.0002,0.00014141428428549925,0,2,2.038591869799776e-05,2.0583556246259058e-05
19,2f5a1c6f398c125b0f86,main,5,400,continuous,0.8,first_factor,noninferiority_power,0.1,0.025,0.5,1.0,10000,10000,True,4999,100000,power,adjusted,refined_CRT_lattice,original_CRT_lattice,0.0,0.0,0,0,2.035250466017875e-05,2.0550181241757447e-05
19,2f5a1c6f398c125b0f86,main,5,400,continuous,0.8,first_factor,noninferiority_power,0.1,0.025,0.5,1.0,10000,10000,True,4999,100000,power,adjusted,refined_CRT_noise,original_CRT_noise,0.0,0.0,0,0,4.000000000000544e-08,2.7999999999999864e-07
19,2f5a1c6f398c125b0f86,main,5,400,continuous,0.8,first_factor,noninferiority_power,0.1,0.025,0.5,1.0,10000,10000,True,4999,100000,power,adjusted,original_R_normal,RT,0.0012,0.001131363778101385,70,58,-0.00012611193550332597,0.001257765021426966
19,2f5a1c6f398c125b0f86,main,5,400,continuous,0.8,first_factor,noninferiority_power,0.1,0.025,0.5,1.0,10000,10000,True,4999,100000,power,adjusted,original_R_lattice,RT,0.0012,0.001131363778101385,70,58,-0.00012611193550332597,0.001257765021426966
19,2f5a1c6f398c125b0f86,main,5,400,continuous,0.8,first_factor,noninferiority_power,0.1,0.025,0.5,1.0,10000,10000,True,4999,100000,power,adjusted,original_CRT_lattice,original_CRT_data,0.0014,0.0010862421425258829,66,52,-0.0001308939141265372,0.0012519235620281797
19,2f5a1c6f398c125b0f86,main,5,400,continuous,0.8,first_factor,noninferiority_power,0.1,0.025,0.5,1.0,10000,10000,True,4999,100000,power,adjusted,original_S_normal,original_CRT_data,0.0014,0.0010862421425258829,66,52,-0.0001308939141265372,0.0012519235620281797
19,2f5a1c6f398c125b0f86,main,5,400,continuous,0.8,first_factor,noninferiority_power,0.1,0.025,0.5,1.0,10000,10000,True,4999,100000,power,adjusted,refined_R_normal,RT,0.001,0.0011313832254370223,69,59,-0.0001057260168053282,0.0012572263477746825
19,2f5a1c6f398c125b0f86,main,5,400,continuous,0.8,first_factor,noninferiority_power,0.1,0.025,0.5,1.0,10000,10000,True,4999,100000,power,adjusted,refined_R_lattice,RT,0.001,0.0011313832254370223,69,59,-0.0001057260168053282,0.0012572263477746825
19,2f5a1c6f398c125b0f86,main,5,400,continuous,0.8,first_factor,noninferiority_power,0.1,0.025,0.5,1.0,10000,10000,True,4999,100000,power,adjusted,refined_CRT_lattice,refined_CRT_data,0.0014,0.0010862421425258829,66,52,-0.00011060140946635844,0.001251564687201309
19,2f5a1c6f398c125b0f86,main,5,400,continuous,0.8,first_factor,noninferiority_power,0.1,0.025,0.5,1.0,10000,10000,True,4999,100000,power,adjusted,refined_S_normal,refined_CRT_data,0.0014,0.0010862421425258829,66,52,-0.00011060140946635844,0.001251564687201309
20,43a21a9e70abe355f8f5,main,5,400,continuous,0.8,interaction,superiority_null,0.0,0.05,0.5,1.0,100000,100000,True,4999,100000,type1,unadjusted,refined_S_normal,original_S_normal,0.00082,9.270038799066233e-05,84,2,-0.0010662272004062867,0.0012201983079363672
20,43a21a9e70abe355f8f5,main,5,400,continuous,0.8,interaction,superiority_null,0.0,0.05,0.5,1.0,100000,100000,True,4999,100000,type1,unadjusted,refined_R_normal,original_R_normal,0.00073,9.107553978725282e-05,78,5,-0.0010657658221732151,0.0012196259204387012
20,43a21a9e70abe355f8f5,main,5,400,continuous,0.8,interaction,superiority_null,0.0,0.05,0.5,1.0,100000,100000,True,4999,100000,type1,unadjusted,refined_CRT_data,original_CRT_data,0.0,0.0,0,0,-5.720000000000392e-07,8.184000000000007e-06
20,43a21a9e70abe355f8f5,main,5,400,continuous,0.8,interaction,superiority_null,0.0,0.05,0.5,1.0,100000,100000,True,4999,100000,type1,unadjusted,refined_R_lattice,original_R_lattice,0.00073,9.107553978725282e-05,78,5,-0.0010657658221732151,0.0012196259204387012
20,43a21a9e70abe355f8f5,main,5,400,continuous,0.8,interaction,superiority_null,0.0,0.05,0.5,1.0,100000,100000,True,4999,100000,type1,unadjusted,refined_CRT_lattice,original_CRT_lattice,0.00082,9.270038799066233e-05,84,2,-0.0010662272004062867,0.0012201983079363672
20,43a21a9e70abe355f8f5,main,5,400,continuous,0.8,interaction,superiority_null,0.0,0.05,0.5,1.0,100000,100000,True,4999,100000,type1,unadjusted,refined_CRT_noise,original_CRT_noise,0.0,0.0,0,0,-4.800000000003924e-08,8.192000000000024e-06
20,43a21a9e70abe355f8f5,main,5,400,continuous,0.8,interaction,superiority_null,0.0,0.05,0.5,1.0,100000,100000,True,4999,100000,type1,unadjusted,original_R_normal,RT,-0.001,0.00020196635339600263,154,254,0.0005102820632313475,0.006026613390050565
20,43a21a9e70abe355f8f5,main,5,400,continuous,0.8,interaction,superiority_null,0.0,0.05,0.5,1.0,100000,100000,True,4999,100000,type1,unadjusted,original_R_lattice,RT,-0.001,0.00020196635339600263,154,254,0.0005102820632313475,0.006026613390050565
20,43a21a9e70abe355f8f5,main,5,400,continuous,0.8,interaction,superiority_null,0.0,0.05,0.5,1.0,100000,100000,True,4999,100000,type1,unadjusted,original_CRT_lattice,original_CRT_data,-0.00103,0.00019872037111946773,146,249,0.0005100961494187082,0.006026803906996094
20,43a21a9e70abe355f8f5,main,5,400,continuous,0.8,interaction,superiority_null,0.0,0.05,0.5,1.0,100000,100000,True,4999,100000,type1,unadjusted,original_S_normal,original_CRT_data,-0.00103,0.00019872037111946773,146,249,0.0005100961494187082,0.006026803906996094
20,43a21a9e70abe355f8f5,main,5,400,continuous,0.8,interaction,superiority_null,0.0,0.05,0.5,1.0,100000,100000,True,4999,100000,type1,unadjusted,refined_R_normal,RT,-0.00027,0.00020273056502861123,192,219,-0.0005554837589418676,0.005969595128070982
20,43a21a9e70abe355f8f5,main,5,400,continuous,0.8,interaction,superiority_null,0.0,0.05,0.5,1.0,100000,100000,True,4999,100000,type1,unadjusted,refined_R_lattice,RT,-0.00027,0.00020273056502861123,192,219,-0.0005554837589418676,0.005969595128070982
20,43a21a9e70abe355f8f5,main,5,400,continuous,0.8,interaction,superiority_null,0.0,0.05,0.5,1.0,100000,100000,True,4999,100000,type1,unadjusted,refined_CRT_lattice,refined_CRT_data,-0.00021,0.00019824215495075712,186,207,-0.0005555590509875785,0.005969430011651791
20,43a21a9e70abe355f8f5,main,5,400,continuous,0.8,interaction,superiority_null,0.0,0.05,0.5,1.0,100000,100000,True,4999,100000,type1,unadjusted,refined_S_normal,refined_CRT_data,-0.00021,0.00019824215495075712,186,207,-0.0005555590509875785,0.005969430011651791
20,43a21a9e70abe355f8f5,main,5,400,continuous,0.8,interaction,superiority_null,0.0,0.05,0.5,1.0,100000,100000,True,4999,100000,type1,adjusted,refined_S_normal,original_S_normal,-8e-05,2.8283281270743574e-05,0,8,0.00011426588040961288,0.00011426588040961288
20,43a21a9e70abe355f8f5,main,5,400,continuous,0.8,interaction,superiority_null,0.0,0.05,0.5,1.0,100000,100000,True,4999,100000,type1,adjusted,refined_R_normal,original_R_normal,-0.0001,3.1621353530486184e-05,0,10,0.0001142266857185978,0.0001142266857185978
20,43a21a9e70abe355f8f5,main,5,400,continuous,0.8,interaction,superiority_null,0.0,0.05,0.5,1.0,100000,100000,True,4999,100000,type1,adjusted,refined_CRT_data,original_CRT_data,0.0,0.0,0,0,6.599999999999602e-08,7.339999999999872e-07
20,43a21a9e70abe355f8f5,main,5,400,continuous,0.8,interaction,superiority_null,0.0,0.05,0.5,1.0,100000,100000,True,4999,100000,type1,adjusted,refined_R_lattice,original_R_lattice,-0.0001,3.1621353530486184e-05,0,10,0.0001142266857185978,0.0001142266857185978
20,43a21a9e70abe355f8f5,main,5,400,continuous,0.8,interaction,superiority_null,0.0,0.05,0.5,1.0,100000,100000,True,4999,100000,type1,adjusted,refined_CRT_lattice,original_CRT_lattice,-8e-05,2.8283281270743574e-05,0,8,0.00011426588040961288,0.00011426588040961288
20,43a21a9e70abe355f8f5,main,5,400,continuous,0.8,interaction,superiority_null,0.0,0.05,0.5,1.0,100000,100000,True,4999,100000,type1,adjusted,refined_CRT_noise,original_CRT_noise,0.0,0.0,0,0,3.999999999999837e-08,8.160000000000044e-07
20,43a21a9e70abe355f8f5,main,5,400,continuous,0.8,interaction,superiority_null,0.0,0.05,0.5,1.0,100000,100000,True,4999,100000,type1,adjusted,original_R_normal,RT,-0.0001,0.00019697788709111493,189,199,-0.0006672853225417511,0.0059830333350103
20,43a21a9e70abe355f8f5,main,5,400,continuous,0.8,interaction,superiority_null,0.0,0.05,0.5,1.0,100000,100000,True,4999,100000,type1,adjusted,original_R_lattice,RT,-0.0001,0.00019697788709111493,189,199,-0.0006672853225417511,0.0059830333350103
20,43a21a9e70abe355f8f5,main,5,400,continuous,0.8,interaction,superiority_null,0.0,0.05,0.5,1.0,100000,100000,True,4999,100000,type1,adjusted,original_CRT_lattice,original_CRT_data,4e-05,0.00019899844221450585,200,196,-0.0006692977832309166,0.005984130639265559
20,43a21a9e70abe355f8f5,main,5,400,continuous,0.8,interaction,superiority_null,0.0,0.05,0.5,1.0,100000,100000,True,4999,100000,type1,adjusted,original_S_normal,original_CRT_data,4e-05,0.00019899844221450585,200,196,-0.0006692977832309166,0.005984130639265559
20,43a21a9e70abe355f8f5,main,5,400,continuous,0.8,interaction,superiority_null,0.0,0.05,0.5,1.0,100000,100000,True,4999,100000,type1,adjusted,refined_R_normal,RT,-0.0002,0.00019697712557523015,184,204,-0.0005530586368231532,0.005975000419627981
20,43a21a9e70abe355f8f5,main,5,400,continuous,0.8,interaction,superiority_null,0.0,0.05,0.5,1.0,100000,100000,True,4999,100000,type1,adjusted,refined_R_lattice,RT,-0.0002,0.00019697712557523015,184,204,-0.0005530586368231532,0.005975000419627981
20,43a21a9e70abe355f8f5,main,5,400,continuous,0.8,interaction,superiority_null,0.0,0.05,0.5,1.0,100000,100000,True,4999,100000,type1,adjusted,refined_CRT_lattice,refined_CRT_data,-4e-05,0.00019899844221450585,196,200,-0.0005550979028213038,0.005975934778158553
20,43a21a9e70abe355f8f5,main,5,400,continuous,0.8,interaction,superiority_null,0.0,0.05,0.5,1.0,100000,100000,True,4999,100000,type1,adjusted,refined_S_normal,refined_CRT_data,-4e-05,0.00019899844221450585,196,200,-0.0005550979028213038,0.005975934778158553
21,f1c51e946eb8f7a5c9e6,main,5,400,continuous,0.8,interaction,superiority_power,0.3,0.05,0.5,1.0,10000,10000,True,4999,100000,power,unadjusted,refined_S_normal,original_S_normal,0.001,0.00034628310845191386,11,1,-0.00039340995970155336,0.00044754084754331685
21,f1c51e946eb8f7a5c9e6,main,5,400,continuous,0.8,interaction,superiority_power,0.3,0.05,0.5,1.0,10000,10000,True,4999,100000,power,unadjusted,refined_R_normal,original_R_normal,0.0015,0.00038702710369934015,15,0,-0.00039383927565149934,0.0004480568089373521
21,f1c51e946eb8f7a5c9e6,main,5,400,continuous,0.8,interaction,superiority_power,0.3,0.05,0.5,1.0,10000,10000,True,4999,100000,power,unadjusted,refined_CRT_data,original_CRT_data,0.0,0.0,0,0,-6.200000000000222e-07,3.4999999999999995e-06
21,f1c51e946eb8f7a5c9e6,main,5,400,continuous,0.8,interaction,superiority_power,0.3,0.05,0.5,1.0,10000,10000,True,4999,100000,power,unadjusted,refined_R_lattice,original_R_lattice,0.0015,0.00038702710369934015,15,0,-0.00039383927565149934,0.0004480568089373521
21,f1c51e946eb8f7a5c9e6,main,5,400,continuous,0.8,interaction,superiority_power,0.3,0.05,0.5,1.0,10000,10000,True,4999,100000,power,unadjusted,refined_CRT_lattice,original_CRT_lattice,0.001,0.00034628310845191386,11,1,-0.00039340995970155336,0.00044754084754331685
21,f1c51e946eb8f7a5c9e6,main,5,400,continuous,0.8,interaction,superiority_power,0.3,0.05,0.5,1.0,10000,10000,True,4999,100000,power,unadjusted,refined_CRT_noise,original_CRT_noise,0.0,0.0,0,0,-6.600000000000145e-07,2.8200000000000183e-06
21,f1c51e946eb8f7a5c9e6,main,5,400,continuous,0.8,interaction,superiority_power,0.3,0.05,0.5,1.0,10000,10000,True,4999,100000,power,unadjusted,original_R_normal,RT,-0.0015,0.0009848207893818654,41,56,0.00023144253311086472,0.0020618602962587714
21,f1c51e946eb8f7a5c9e6,main,5,400,continuous,0.8,interaction,superiority_power,0.3,0.05,0.5,1.0,10000,10000,True,4999,100000,power,unadjusted,original_R_lattice,RT,-0.0015,0.0009848207893818654,41,56,0.00023144253311086472,0.0020618602962587714
21,f1c51e946eb8f7a5c9e6,main,5,400,continuous,0.8,interaction,superiority_power,0.3,0.05,0.5,1.0,10000,10000,True,4999,100000,power,unadjusted,original_CRT_lattice,original_CRT_data,-0.0007,0.0009539612173460825,42,49,0.00022279262129007457,0.002054636896455451
21,f1c51e946eb8f7a5c9e6,main,5,400,continuous,0.8,interaction,superiority_power,0.3,0.05,0.5,1.0,10000,10000,True,4999,100000,power,unadjusted,original_S_normal,original_CRT_data,-0.0007,0.0009539612173460825,42,49,0.00022279262129007457,0.002054636896455451
21,f1c51e946eb8f7a5c9e6,main,5,400,continuous,0.8,interaction,superiority_power,0.3,0.05,0.5,1.0,10000,10000,True,4999,100000,power,unadjusted,refined_R_normal,RT,0.0,0.0009592142665749504,46,46,-0.00016239674254063457,0.0020305795017986085
21,f1c51e946eb8f7a5c9e6,main,5,400,continuous,0.8,interaction,superiority_power,0.3,0.05,0.5,1.0,10000,10000,True,4999,100000,power,unadjusted,refined_R_lattice,RT,0.0,0.0009592142665749504,46,46,-0.00016239674254063457,0.0020305795017986085
21,f1c51e946eb8f7a5c9e6,main,5,400,continuous,0.8,interaction,superiority_power,0.3,0.05,0.5,1.0,10000,10000,True,4999,100000,power,unadjusted,refined_CRT_lattice,refined_CRT_data,0.0003,0.0009434405164083212,46,43,-0.0001699973384114788,0.0020234368910415513
21,f1c51e946eb8f7a5c9e6,main,5,400,continuous,0.8,interaction,superiority_power,0.3,0.05,0.5,1.0,10000,10000,True,4999,100000,power,unadjusted,refined_S_normal,refined_CRT_data,0.0003,0.0009434405164083212,46,43,-0.0001699973384114788,0.0020234368910415513
21,f1c51e946eb8f7a5c9e6,main,5,400,continuous,0.8,interaction,superiority_power,0.3,0.05,0.5,1.0,10000,10000,True,4999,100000,power,adjusted,refined_S_normal,original_S_normal,-0.0003,0.00017318775765030273,0,3,4.108379861883905e-05,4.108379861883905e-05
21,f1c51e946eb8f7a5c9e6,main,5,400,continuous,0.8,interaction,superiority_power,0.3,0.05,0.5,1.0,10000,10000,True,4999,100000,power,adjusted,refined_R_normal,original_R_normal,-0.0001,0.00010000000000000002,0,1,4.1131513813969e-05,4.1131513813969e-05
21,f1c51e946eb8f7a5c9e6,main,5,400,continuous,0.8,interaction,superiority_power,0.3,0.05,0.5,1.0,10000,10000,True,4999,100000,power,adjusted,refined_CRT_data,original_CRT_data,0.0,0.0,0,0,1.0000000000000264e-07,2.5999999999999476e-07
21,f1c51e946eb8f7a5c9e6,main,5,400,continuous,0.8,interaction,superiority_power,0.3,0.05,0.5,1.0,10000,10000,True,4999,100000,power,adjusted,refined_R_lattice,original_R_lattice,-0.0001,0.00010000000000000002,0,1,4.1131513813969e-05,4.1131513813969e-05
21,f1c51e946eb8f7a5c9e6,main,5,400,continuous,0.8,interaction,superiority_power,0.3,0.05,0.5,1.0,10000,10000,True,4999,100000,power,adjusted,refined_CRT_lattice,original_CRT_lattice,-0.0003,0.00017318775765030273,0,3,4.108379861883905e-05,4.108379861883905e-05
21,f1c51e946eb8f7a5c9e6,main,5,400,continuous,0.8,interaction,superiority_power,0.3,0.05,0.5,1.0,10000,10000,True,4999,100000,power,adjusted,refined_CRT_noise,original_CRT_noise,0.0,0.0,0,0,9.999999999999904e-08,4.5999999999999374e-07
21,f1c51e946eb8f7a5c9e6,main,5,400,continuous,0.8,interaction,superiority_power,0.3,0.05,0.5,1.0,10000,10000,True,4999,100000,power,adjusted,original_R_normal,RT,0.0012,0.0009999779975577263,56,44,-0.00020867785045494244,0.001993399657777257
21,f1c51e946eb8f7a5c9e6,main,5,400,continuous,0.8,interaction,superiority_power,0.3,0.05,0.5,1.0,10000,10000,True,4999,100000,power,adjusted,original_R_lattice,RT,0.0012,0.0009999779975577263,56,44,-0.00020867785045494244,0.001993399657777257
21,f1c51e946eb8f7a5c9e6,main,5,400,continuous,0.8,interaction,superiority_power,0.3,0.05,0.5,1.0,10000,10000,True,4999,100000,power,adjusted,original_CRT_lattice,original_CRT_data,0.0014,0.0009486274239125391,52,38,-0.00021507262479313275,0.0019894370232106965
21,f1c51e946eb8f7a5c9e6,main,5,400,continuous,0.8,interaction,superiority_power,0.3,0.05,0.5,1.0,10000,10000,True,4999,100000,power,adjusted,original_S_normal,original_CRT_data,0.0014,0.0009486274239125391,52,38,-0.00021507262479313275,0.0019894370232106965
21,f1c51e946eb8f7a5c9e6,main,5,400,continuous,0.8,interaction,superiority_power,0.3,0.05,0.5,1.0,10000,10000,True,4999,100000,power,adjusted,refined_R_normal,RT,0.0011,0.000994976380523568,55,44,-0.00016754633664097342,0.0019916048670951575
21,f1c51e946eb8f7a5c9e6,main,5,400,continuous,0.8,interaction,superiority_power,0.3,0.05,0.5,1.0,10000,10000,True,4999,100000,power,adjusted,refined_R_lattice,RT,0.0011,0.000994976380523568,55,44,-0.00016754633664097342,0.0019916048670951575
21,f1c51e946eb8f7a5c9e6,main,5,400,continuous,0.8,interaction,superiority_power,0.3,0.05,0.5,1.0,10000,10000,True,4999,100000,power,adjusted,refined_CRT_lattice,refined_CRT_data,0.0011,0.0009433811513909317,50,39,-0.00017408882617429372,0.001987297017446836
21,f1c51e946eb8f7a5c9e6,main,5,400,continuous,0.8,interaction,superiority_power,0.3,0.05,0.5,1.0,10000,10000,True,4999,100000,power,adjusted,refined_S_normal,refined_CRT_data,0.0011,0.0009433811513909317,50,39,-0.00017408882617429372,0.001987297017446836
22,80f39b013b338d0239e4,main,5,400,continuous,0.8,interaction,noninferiority_null,-0.2,0.025,0.5,1.0,100000,100000,True,4999,100000,type1,unadjusted,refined_S_normal,original_S_normal,0.00043,6.998714154757156e-05,46,3,2.1832964520456226e-06,0.0006134135711701288
22,80f39b013b338d0239e4,main,5,400,continuous,0.8,interaction,noninferiority_null,-0.2,0.025,0.5,1.0,100000,100000,True,4999,100000,type1,unadjusted,refined_R_normal,original_R_normal,0.00038,6.781299275227319e-05,42,4,2.1804499361940788e-06,0.0006131000709688202
22,80f39b013b338d0239e4,main,5,400,continuous,0.8,interaction,noninferiority_null,-0.2,0.025,0.5,1.0,100000,100000,True,4999,100000,type1,unadjusted,refined_CRT_data,original_CRT_data,0.0,0.0,0,0,9.799999999997185e-08,3.917999999999998e-06
22,80f39b013b338d0239e4,main,5,400,continuous,0.8,interaction,noninferiority_null,-0.2,0.025,0.5,1.0,100000,100000,True,4999,100000,type1,unadjusted,refined_R_lattice,original_R_lattice,0.00038,6.781299275227319e-05,42,4,2.1804499361940788e-06,0.0006131000709688202
22,80f39b013b338d0239e4,main,5,400,continuous,0.8,interaction,noninferiority_null,-0.2,0.025,0.5,1.0,100000,100000,True,4999,100000,type1,unadjusted,refined_CRT_lattice,original_CRT_lattice,0.00043,6.998714154757156e-05,46,3,2.1832964520456226e-06,0.0006134135711701288
22,80f39b013b338d0239e4,main,5,400,continuous,0.8,interaction,noninferiority_null,-0.2,0.025,0.5,1.0,100000,100000,True,4999,100000,type1,unadjusted,refined_CRT_noise,original_CRT_noise,0.0,0.0,0,0,-1.5000000000000013e-07,3.946000000000001e-06
22,80f39b013b338d0239e4,main,5,400,continuous,0.8,interaction,noninferiority_null,-0.2,0.025,0.5,1.0,100000,100000,True,4999,100000,type1,unadjusted,original_R_normal,RT,-0.00038,0.00014421776585303166,85,123,-0.00015259498549700652,0.004980996666993192
22,80f39b013b338d0239e4,main,5,400,continuous,0.8,interaction,noninferiority_null,-0.2,0.025,0.5,1.0,100000,100000,True,4999,100000,type1,unadjusted,original_R_lattice,RT,-0.00038,0.00014421776585303166,85,123,-0.00015259498549700652,0.004980996666993192
22,80f39b013b338d0239e4,main,5,400,continuous,0.8,interaction,noninferiority_null,-0.2,0.025,0.5,1.0,100000,100000,True,4999,100000,type1,unadjusted,original_CRT_lattice,original_CRT_data,-0.00049,0.00014662132852398996,83,132,-0.0001517963052965461,0.00497874227026907
22,80f39b013b338d0239e4,main,5,400,continuous,0.8,interaction,noninferiority_null,-0.2,0.025,0.5,1.0,100000,100000,True,4999,100000,type1,unadjusted,original_S_normal,original_CRT_data,-0.00049,0.00014662132852398996,83,132,-0.0001517963052965461,0.00497874227026907
22,80f39b013b338d0239e4,main,5,400,continuous,0.8,interaction,noninferiority_null,-0.2,0.025,0.5,1.0,100000,100000,True,4999,100000,type1,unadjusted,refined_R_normal,RT,0.0,0.00014422277213422302,104,104,-0.00015041453556081247,0.004956088255692205
22,80f39b013b338d0239e4,main,5,400,continuous,0.8,interaction,noninferiority_null,-0.2,0.025,0.5,1.0,100000,100000,True,4999,100000,type1,unadjusted,refined_R_lattice,RT,0.0,0.00014422277213422302,104,104,-0.00015041453556081247,0.004956088255692205
22,80f39b013b338d0239e4,main,5,400,continuous,0.8,interaction,noninferiority_null,-0.2,0.025,0.5,1.0,100000,100000,True,4999,100000,type1,unadjusted,refined_CRT_lattice,refined_CRT_data,-6e-05,0.00014560280217688126,103,109,-0.00014971100884450043,0.004953962388324068
22,80f39b013b338d0239e4,main,5,400,continuous,0.8,interaction,noninferiority_null,-0.2,0.025,0.5,1.0,100000,100000,True,4999,100000,type1,unadjusted,refined_S_normal,refined_CRT_data,-6e-05,0.00014560280217688126,103,109,-0.00014971100884450043,0.004953962388324068
22,80f39b013b338d0239e4,main,5,400,continuous,0.8,interaction,noninferiority_null,-0.2,0.025,0.5,1.0,100000,100000,True,4999,100000,type1,adjusted,refined_S_normal,original_S_normal,-3e-05,1.7320334868009895e-05,0,3,-2.0992601022376107e-07,5.733711090505267e-05
22,80f39b013b338d0239e4,main,5,400,continuous,0.8,interaction,noninferiority_null,-0.2,0.025,0.5,1.0,100000,100000,True,4999,100000,type1,adjusted,refined_R_normal,original_R_normal,-5e-05,2.2360232552457898e-05,0,5,-2.081556401151892e-07,5.7314423888812425e-05
22,80f39b013b338d0239e4,main,5,400,continuous,0.8,interaction,noninferiority_null,-0.2,0.025,0.5,1.0,100000,100000,True,4999,100000,type1,adjusted,refined_CRT_data,original_CRT_data,0.0,0.0,0,0,7.999999999997488e-09,3.880000000000003e-07
22,80f39b013b338d0239e4,main,5,400,continuous,0.8,interaction,noninferiority_null,-0.2,0.025,0.5,1.0,100000,100000,True,4999,100000,type1,adjusted,refined_R_lattice,original_R_lattice,-5e-05,2.2360232552457898e-05,0,5,-2.081556401151892e-07,5.7314423888812425e-05
22,80f39b013b338d0239e4,main,5,400,continuous,0.8,interaction,noninferiority_null,-0.2,0.025,0.5,1.0,100000,100000,True,4999,100000,type1,adjusted,refined_CRT_lattice,original_CRT_lattice,-3e-05,1.7320334868009895e-05,0,3,-2.0992601022376107e-07,5.733711090505267e-05
22,80f39b013b338d0239e4,main,5,400,continuous,0.8,interaction,noninferiority_null,-0.2,0.025,0.5,1.0,100000,100000,True,4999,100000,type1,adjusted,refined_CRT_noise,original_CRT_noise,0.0,0.0,0,0,1.800000000000558e-08,3.9000000000000055e-07
22,80f39b013b338d0239e4,main,5,400,continuous,0.8,interaction,noninferiority_null,-0.2,0.025,0.5,1.0,100000,100000,True,4999,100000,type1,adjusted,original_R_normal,RT,-0.00016,0.00015556344686287963,113,129,-0.00014194897104494213,0.00495801753188589
22,80f39b013b338d0239e4,main,5,400,continuous,0.8,interaction,noninferiority_null,-0.2,0.025,0.5,1.0,100000,100000,True,4999,100000,type1,adjusted,original_R_lattice,RT,-0.00016,0.00015556344686287963,113,129,-0.00014194897104494213,0.00495801753188589
22,80f39b013b338d0239e4,main,5,400,continuous,0.8,interaction,noninferiority_null,-0.2,0.025,0.5,1.0,100000,100000,True,4999,100000,type1,adjusted,original_CRT_lattice,original_CRT_data,-0.00016,0.00015556344686287963,113,129,-0.00014320113889610138,0.004958195847854885
22,80f39b013b338d0239e4,main,5,400,continuous,0.8,interaction,noninferiority_null,-0.2,0.025,0.5,1.0,100000,100000,True,4999,100000,type1,adjusted,original_S_normal,original_CRT_data,-0.00016,0.00015556344686287963,113,129,-0.00014320113889610138,0.004958195847854885
22,80f39b013b338d0239e4,main,5,400,continuous,0.8,interaction,noninferiority_null,-0.2,0.025,0.5,1.0,100000,100000,True,4999,100000,type1,adjusted,refined_R_normal,RT,-0.00021,0.00015524110279819574,110,131,-0.00014215712668505734,0.004955518921400841
22,80f39b013b338d0239e4,main,5,400,continuous,0.8,interaction,noninferiority_null,-0.2,0.025,0.5,1.0,100000,100000,True,4999,100000,type1,adjusted,refined_R_lattice,RT,-0.00021,0.00015524110279819574,110,131,-0.00014215712668505734,0.004955518921400841
22,80f39b013b338d0239e4,main,5,400,continuous,0.8,interaction,noninferiority_null,-0.2,0.025,0.5,1.0,100000,100000,True,4999,100000,type1,adjusted,refined_CRT_lattice,refined_CRT_data,-0.00019,0.00015459585375675504,110,129,-0.00014341906490632515,0.004955590000008681
22,80f39b013b338d0239e4,main,5,400,continuous,0.8,interaction,noninferiority_null,-0.2,0.025,0.5,1.0,100000,100000,True,4999,100000,type1,adjusted,refined_S_normal,refined_CRT_data,-0.00019,0.00015459585375675504,110,129,-0.00014341906490632515,0.004955590000008681
23,fdba7b51513e666a28e6,main,5,400,continuous,0.8,interaction,noninferiority_power,0.1,0.025,0.5,1.0,10000,10000,True,4999,100000,power,unadjusted,refined_S_normal,original_S_normal,0.0023,0.00047905526757874143,23,0,-0.00019432019871380374,0.00022327472612071917
23,fdba7b51513e666a28e6,main,5,400,continuous,0.8,interaction,noninferiority_power,0.1,0.025,0.5,1.0,10000,10000,True,4999,100000,power,unadjusted,refined_R_normal,original_R_normal,0.0021,0.0004791471153996647,22,1,-0.00019456875416467615,0.0002235646817351748
23,fdba7b51513e666a28e6,main,5,400,continuous,0.8,interaction,noninferiority_power,0.1,0.025,0.5,1.0,10000,10000,True,4999,100000,power,unadjusted,refined_CRT_data,original_CRT_data,0.0,0.0,0,0,-3.999999999999909e-07,1.6000000000000118e-06
23,fdba7b51513e666a28e6,main,5,400,continuous,0.8,interaction,noninferiority_power,0.1,0.025,0.5,1.0,10000,10000,True,4999,100000,power,unadjusted,refined_R_lattice,original_R_lattice,0.0021,0.0004791471153996647,22,1,-0.00019456875416467615,0.0002235646817351748
23,fdba7b51513e666a28e6,main,5,400,continuous,0.8,interaction,noninferiority_power,0.1,0.025,0.5,1.0,10000,10000,True,4999,100000,power,unadjusted,refined_CRT_lattice,original_CRT_lattice,0.0023,0.00047905526757874143,23,0,-0.00019432019871380374,0.00022327472612071917
23,fdba7b51513e666a28e6,main,5,400,continuous,0.8,interaction,noninferiority_power,0.1,0.025,0.5,1.0,10000,10000,True,4999,100000,power,unadjusted,refined_CRT_noise,original_CRT_noise,0.0,0.0,0,0,-4.400000000000041e-07,1.7600000000000018e-06
23,fdba7b51513e666a28e6,main,5,400,continuous,0.8,interaction,noninferiority_power,0.1,0.025,0.5,1.0,10000,10000,True,4999,100000,power,unadjusted,original_R_normal,RT,-0.0031,0.001108675748896682,46,77,7.235718849471005e-05,0.0013315051650609024
23,fdba7b51513e666a28e6,main,5,400,continuous,0.8,interaction,noninferiority_power,0.1,0.025,0.5,1.0,10000,10000,True,4999,100000,power,unadjusted,original_R_lattice,RT,-0.0031,0.001108675748896682,46,77,7.235718849471005e-05,0.0013315051650609024
23,fdba7b51513e666a28e6,main,5,400,continuous,0.8,interaction,noninferiority_power,0.1,0.025,0.5,1.0,10000,10000,True,4999,100000,power,unadjusted,original_CRT_lattice,original_CRT_data,-0.0042,0.0010762675481419657,37,79,7.071985484511119e-05,0.0013274431198337737
23,fdba7b51513e666a28e6,main,5,400,continuous,0.8,interaction,noninferiority_power,0.1,0.025,0.5,1.0,10000,10000,True,4999,100000,power,unadjusted,original_S_normal,original_CRT_data,-0.0042,0.0010762675481419657,37,79,7.071985484511119e-05,0.0013274431198337737
23,fdba7b51513e666a28e6,main,5,400,continuous,0.8,interaction,noninferiority_power,0.1,0.025,0.5,1.0,10000,10000,True,4999,100000,power,unadjusted,refined_R_normal,RT,-0.001,0.0010770403899576654,53,63,-0.0001222115656699661,0.0013160145039387752
23,fdba7b51513e666a28e6,main,5,400,continuous,0.8,interaction,noninferiority_power,0.1,0.025,0.5,1.0,10000,10000,True,4999,100000,power,unadjusted,refined_R_lattice,RT,-0.001,0.0010770403899576654,53,63,-0.0001222115656699661,0.0013160145039387752
23,fdba7b51513e666a28e6,main,5,400,continuous,0.8,interaction,noninferiority_power,0.1,0.025,0.5,1.0,10000,10000,True,4999,100000,power,unadjusted,refined_CRT_lattice,refined_CRT_data,-0.0019,0.0010439099457316614,45,64,-0.00012320034386869257,0.0013109322384278908
23,fdba7b51513e666a28e6,main,5,400,continuous,0.8,interaction,noninferiority_power,0.1,0.025,0.5,1.0,10000,10000,True,4999,100000,power,unadjusted,refined_S_normal,refined_CRT_data,-0.0019,0.0010439099457316614,45,64,-0.00012320034386869257,0.0013109322384278908
23,fdba7b51513e666a28e6,main,5,400,continuous,0.8,interaction,noninferiority_power,0.1,0.025,0.5,1.0,10000,10000,True,4999,100000,power,adjusted,refined_S_normal,original_S_normal,-0.0001,0.00010000000000000002,0,1,2.038842833791224e-05,2.0586929641686252e-05
23,fdba7b51513e666a28e6,main,5,400,continuous,0.8,interaction,noninferiority_power,0.1,0.025,0.5,1.0,10000,10000,True,4999,100000,power,adjusted,refined_R_normal,original_R_normal,-0.0001,0.0001,0,1,2.0414526901374926e-05,2.0613660420479535e-05
23,fdba7b51513e666a28e6,main,5,400,continuous,0.8,interaction,noninferiority_power,0.1,0.025,0.5,1.0,10000,10000,True,4999,100000,power,adjusted,refined_CRT_data,original_CRT_data,0.0,0.0,0,0,6.00000000000002e-08,2.600000000000028e-07
23,fdba7b51513e666a28e6,main,5,400,continuous,0.8,interaction,noninferiority_power,0.1,0.025,0.5,1.0,10000,10000,True,4999,100000,power,adjusted,refined_R_lattice,original_R_lattice,-0.0001,0.0001,0,1,2.0414526901374926e-05,2.0613660420479535e-05
23,fdba7b51513e666a28e6,main,5,400,continuous,0.8,interaction,noninferiority_power,0.1,0.025,0.5,1.0,10000,10000,True,4999,100000,power,adjusted,refined_CRT_lattice,original_CRT_lattice,-0.0001,0.00010000000000000002,0,1,2.038842833791224e-05,2.0586929641686252e-05
23,fdba7b51513e666a28e6,main,5,400,continuous,0.8,interaction,noninferiority_power,0.1,0.025,0.5,1.0,10000,10000,True,4999,100000,power,adjusted,refined_CRT_noise,original_CRT_noise,0.0,0.0,0,0,-1.9999999999999445e-08,1.400000000000015e-07
23,fdba7b51513e666a28e6,main,5,400,continuous,0.8,interaction,noninferiority_power,0.1,0.025,0.5,1.0,10000,10000,True,4999,100000,power,adjusted,original_R_normal,RT,-0.0003,0.0010724299560349198,56,59,-0.00015427496690368438,0.0013114812167392422
23,fdba7b51513e666a28e6,main,5,400,continuous,0.8,interaction,noninferiority_power,0.1,0.025,0.5,1.0,10000,10000,True,4999,100000,power,adjusted,original_R_lattice,RT,-0.0003,0.0010724299560349198,56,59,-0.00015427496690368438,0.0013114812167392422
23,fdba7b51513e666a28e6,main,5,400,continuous,0.8,interaction,noninferiority_power,0.1,0.025,0.5,1.0,10000,10000,True,4999,100000,power,adjusted,original_CRT_lattice,original_CRT_data,0.0001,0.0010909253007429884,60,59,-0.00015644853403959694,0.001308461650925638
23,fdba7b51513e666a28e6,main,5,400,continuous,0.8,interaction,noninferiority_power,0.1,0.025,0.5,1.0,10000,10000,True,4999,100000,power,adjusted,original_S_normal,original_CRT_data,0.0001,0.0010909253007429884,60,59,-0.00015644853403959694,0.001308461650925638
23,fdba7b51513e666a28e6,main,5,400,continuous,0.8,interaction,noninferiority_power,0.1,0.025,0.5,1.0,10000,10000,True,4999,100000,power,adjusted,refined_R_normal,RT,-0.0004,0.001077079388903622,56,60,-0.00013386044000230943,0.0013107306282045116
23,fdba7b51513e666a28e6,main,5,400,continuous,0.8,interaction,noninferiority_power,0.1,0.025,0.5,1.0,10000,10000,True,4999,100000,power,adjusted,refined_R_lattice,RT,-0.0004,0.001077079388903622,56,60,-0.00013386044000230943,0.0013107306282045116
23,fdba7b51513e666a28e6,main,5,400,continuous,0.8,interaction,noninferiority_power,0.1,0.025,0.5,1.0,10000,10000,True,4999,100000,power,adjusted,refined_CRT_lattice,refined_CRT_data,0.0,0.0010863323670963598,59,59,-0.0001361201057016847,0.0013076926549174897
23,fdba7b51513e666a28e6,main,5,400,continuous,0.8,interaction,noninferiority_power,0.1,0.025,0.5,1.0,10000,10000,True,4999,100000,power,adjusted,refined_S_normal,refined_CRT_data,0.0,0.0010863323670963598,59,59,-0.0001361201057016847,0.0013076926549174897
24,61b43ba3388513f5fd5e,main,5,400,binary,0.8,first_factor,superiority_null,0.0,0.05,0.12,1.0,100000,100000,True,4999,100000,type1,unadjusted,refined_S_normal,original_S_normal,0.00014,4.898803933900582e-05,19,5,-0.00028924245475165896,0.00041554123830468784
24,61b43ba3388513f5fd5e,main,5,400,binary,0.8,first_factor,superiority_null,0.0,0.05,0.12,1.0,100000,100000,True,4999,100000,type1,unadjusted,refined_R_normal,original_R_normal,0.00023,5.384700544134233e-05,26,3,-0.00028837978723747704,0.00041463169306316436
24,61b43ba3388513f5fd5e,main,5,400,binary,0.8,first_factor,superiority_null,0.0,0.05,0.12,1.0,100000,100000,True,4999,100000,type1,unadjusted,refined_CRT_data,original_CRT_data,0.0,0.0,0,0,-4.000000000000114e-09,4.000000000000114e-09
24,61b43ba3388513f5fd5e,main,5,400,binary,0.8,first_factor,superiority_null,0.0,0.05,0.12,1.0,100000,100000,True,4999,100000,type1,unadjusted,refined_R_lattice,original_R_lattice,0.00025,5.7440473484120407e-05,29,4,-0.00027598643871874095,0.0003968287190557601
24,61b43ba3388513f5fd5e,main,5,400,binary,0.8,first_factor,superiority_null,0.0,0.05,0.12,1.0,100000,100000,True,4999,100000,type1,unadjusted,refined_CRT_lattice,original_CRT_lattice,0.00026,5.830401352891528e-05,30,4,-0.0002759969154981101,0.0003968401237885404
24,61b43ba3388513f5fd5e,main,5,400,binary,0.8,first_factor,superiority_null,0.0,0.05,0.12,1.0,100000,100000,True,4999,100000,type1,unadjusted,refined_CRT_noise,original_CRT_noise,0.0,0.0,0,0,0.0,0.0
24,61b43ba3388513f5fd5e,main,5,400,binary,0.8,first_factor,superiority_null,0.0,0.05,0.12,1.0,100000,100000,True,4999,100000,type1,unadjusted,original_R_normal,RT,0.00537,0.0002537957350365668,592,55,-0.025704061342452456,0.026715440529307712
24,61b43ba3388513f5fd5e,main,5,400,binary,0.8,first_factor,superiority_null,0.0,0.05,0.12,1.0,100000,100000,True,4999,100000,type1,unadjusted,original_R_lattice,RT,-0.00073,0.0001878696993935943,140,213,0.0008099648843940392,0.005735977131762172
24,61b43ba3388513f5fd5e,main,5,400,binary,0.8,first_factor,superiority_null,0.0,0.05,0.12,1.0,100000,100000,True,4999,100000,type1,unadjusted,original_CRT_lattice,original_CRT_data,-0.00073,0.0001878696993935943,140,213,0.0008100252309582293,0.005735972332868454
24,61b43ba3388513f5fd5e,main,5,400,binary,0.8,first_factor,superiority_null,0.0,0.05,0.12,1.0,100000,100000,True,4999,100000,type1,unadjusted,original_S_normal,original_CRT_data,0.00579,0.00025839006686454986,625,46,-0.026011860396048643,0.02695160603201898
24,61b43ba3388513f5fd5e,main,5,400,binary,0.8,first_factor,superiority_null,0.0,0.05,0.12,1.0,100000,100000,True,4999,100000,type1,unadjusted,refined_R_normal,RT,0.0056,0.00025551331251136153,608,48,-0.025992441129689934,0.02695472093249435
24,61b43ba3388513f5fd5e,main,5,400,binary,0.8,first_factor,superiority_null,0.0,0.05,0.12,1.0,100000,100000,True,4999,100000,type1,unadjusted,refined_R_lattice,RT,-0.00048,0.00018492711531946794,147,195,0.000533978445675298,0.005698911352982134
24,61b43ba3388513f5fd5e,main,5,400,binary,0.8,first_factor,superiority_null,0.0,0.05,0.12,1.0,100000,100000,True,4999,100000,type1,unadjusted,refined_CRT_lattice,refined_CRT_data,-0.00047,0.00018519755392914833,148,195,0.0005340323154601192,0.00569887809082613
24,61b43ba3388513f5fd5e,main,5,400,binary,0.8,first_factor,superiority_null,0.0,0.05,0.12,1.0,100000,100000,True,4999,100000,type1,unadjusted,refined_S_normal,refined_CRT_data,0.00593,0.00026067034831431224,638,45,-0.0263010988508003,0.027196417183651986
24,61b43ba3388513f5fd5e,main,5,400,binary,0.8,first_factor,superiority_null,0.0,0.05,0.12,1.0,100000,100000,True,4999,100000,type1,adjusted,refined_S_normal,original_S_normal,-0.00011,3.316458953311482e-05,0,11,0.00012065248755494676,0.00012065248755494676
24,61b43ba3388513f5fd5e,main,5,400,binary,0.8,first_factor,superiority_null,0.0,0.05,0.12,1.0,100000,100000,True,4999,100000,type1,adjusted,refined_R_normal,original_R_normal,-8e-05,2.8283281270743574e-05,0,8,0.00012045044392514008,0.00012045044392514008
24,61b43ba3388513f5fd5e,main,5,400,binary,0.8,first_factor,superiority_null,0.0,0.05,0.12,1.0,100000,100000,True,4999,100000,type1,adjusted,refined_CRT_data,original_CRT_data,0.0,0.0,0,0,2.0600000000000645e-07,6.539999999999988e-07
24,61b43ba3388513f5fd5e,main,5,400,binary,0.8,first_factor,superiority_null,0.0,0.05,0.12,1.0,100000,100000,True,4999,100000,type1,adjusted,refined_R_lattice,original_R_lattice,-8e-05,2.8283281270743574e-05,0,8,0.00012045044392514008,0.00012045044392514008
24,61b43ba3388513f5fd5e,main,5,400,binary,0.8,first_factor,superiority_null,0.0,0.05,0.12,1.0,100000,100000,True,4999,100000,type1,adjusted,refined_CRT_lattice,original_CRT_lattice,-0.00011,3.316458953311482e-05,0,11,0.00012065248755494676,0.00012065248755494676
24,61b43ba3388513f5fd5e,main,5,400,binary,0.8,first_factor,superiority_null,0.0,0.05,0.12,1.0,100000,100000,True,4999,100000,type1,adjusted,refined_CRT_noise,original_CRT_noise,1e-05,9.999999999999999e-06,1,0,1.2599999999999493e-07,7.780000000000061e-07
24,61b43ba3388513f5fd5e,main,5,400,binary,0.8,first_factor,superiority_null,0.0,0.05,0.12,1.0,100000,100000,True,4999,100000,type1,adjusted,original_R_normal,RT,-0.00016,0.00019493620495238947,182,198,-0.00022879718178594723,0.006624820623925723
24,61b43ba3388513f5fd5e,main,5,400,binary,0.8,first_factor,superiority_null,0.0,0.05,0.12,1.0,100000,100000,True,4999,100000,type1,adjusted,original_R_lattice,RT,-0.00016,0.00019493620495238947,182,198,-0.00022879718178594723,0.006624820623925723
24,61b43ba3388513f5fd5e,main,5,400,binary,0.8,first_factor,superiority_null,0.0,0.05,0.12,1.0,100000,100000,True,4999,100000,type1,adjusted,original_CRT_lattice,original_CRT_data,-6e-05,0.00019646971777732066,190,196,-0.00021991681352393549,0.00662732374066364
24,61b43ba3388513f5fd5e,main,5,400,binary,0.8,first_factor,superiority_null,0.0,0.05,0.12,1.0,100000,100000,True,4999,100000,type1,adjusted,original_S_normal,original_CRT_data,-6e-05,0.00019646971777732066,190,196,-0.00021991681352393549,0.00662732374066364
24,61b43ba3388513f5fd5e,main,5,400,binary,0.8,first_factor,superiority_null,0.0,0.05,0.12,1.0,100000,100000,True,4999,100000,type1,adjusted,refined_R_normal,RT,-0.00024,0.00019595868951919427,180,204,-0.00010834673786080712,0.006621594917098631
24,61b43ba3388513f5fd5e,main,5,400,binary,0.8,first_factor,superiority_null,0.0,0.05,0.12,1.0,100000,100000,True,4999,100000,type1,adjusted,refined_R_lattice,RT,-0.00024,0.00019595868951919427,180,204,-0.00010834673786080712,0.006621594917098631
24,61b43ba3388513f5fd5e,main,5,400,binary,0.8,first_factor,superiority_null,0.0,0.05,0.12,1.0,100000,100000,True,4999,100000,type1,adjusted,refined_CRT_lattice,refined_CRT_data,-0.00017,0.0001962144133364315,184,201,-9.947032596898875e-05,0.0066243953060177545
24,61b43ba3388513f5fd5e,main,5,400,binary,0.8,first_factor,superiority_null,0.0,0.05,0.12,1.0,100000,100000,True,4999,100000,type1,adjusted,refined_S_normal,refined_CRT_data,-0.00017,0.0001962144133364315,184,201,-9.947032596898875e-05,0.0066243953060177545
25,5cf7a7df24bc86685476,main,5,400,binary,0.8,first_factor,superiority_power,0.14,0.05,0.12,1.0,10000,10000,True,4999,100000,power,unadjusted,refined_S_normal,original_S_normal,0.0003,0.00017318775765030273,3,0,-8.779710164029076e-05,0.0001187781861012994
25,5cf7a7df24bc86685476,main,5,400,binary,0.8,first_factor,superiority_power,0.14,0.05,0.12,1.0,10000,10000,True,4999,100000,power,unadjusted,refined_R_normal,original_R_normal,0.0007,0.00029993331925546376,8,1,-8.808620697233833e-05,0.00011911052065971679
25,5cf7a7df24bc86685476,main,5,400,binary,0.8,first_factor,superiority_power,0.14,0.05,0.12,1.0,10000,10000,True,4999,100000,power,unadjusted,refined_CRT_data,original_CRT_data,0.0,0.0,0,0,0.0,0.0
25,5cf7a7df24bc86685476,main,5,400,binary,0.8,first_factor,superiority_power,0.14,0.05,0.12,1.0,10000,10000,True,4999,100000,power,unadjusted,refined_R_lattice,original_R_lattice,0.0005,0.00026454110871435466,6,1,-9.349497243347045e-05,0.0001266000216771608
25,5cf7a7df24bc86685476,main,5,400,binary,0.8,first_factor,superiority_power,0.14,0.05,0.12,1.0,10000,10000,True,4999,100000,power,unadjusted,refined_CRT_lattice,original_CRT_lattice,0.0006,0.0002827932057170398,7,1,-9.345283546672682e-05,0.00012655501226243847
25,5cf7a7df24bc86685476,main,5,400,binary,0.8,first_factor,superiority_power,0.14,0.05,0.12,1.0,10000,10000,True,4999,100000,power,unadjusted,refined_CRT_noise,original_CRT_noise,0.0,0.0,0,0,0.0,0.0
25,5cf7a7df24bc86685476,main,5,400,binary,0.8,first_factor,superiority_power,0.14,0.05,0.12,1.0,10000,10000,True,4999,100000,power,unadjusted,original_R_normal,RT,0.0081,0.0009917345177694352,90,9,-0.0025771618473421787,0.003064734744364848
25,5cf7a7df24bc86685476,main,5,400,binary,0.8,first_factor,superiority_power,0.14,0.05,0.12,1.0,10000,10000,True,4999,100000,power,unadjusted,original_R_lattice,RT,-0.0023,0.0007276839646407221,15,38,0.00022959267962706936,0.0015804159774821334
25,5cf7a7df24bc86685476,main,5,400,binary,0.8,first_factor,superiority_power,0.14,0.05,0.12,1.0,10000,10000,True,4999,100000,power,unadjusted,original_CRT_lattice,original_CRT_data,-0.0024,0.0007344916254081999,15,39,0.00022890092918095907,0.0015796625628486942
25,5cf7a7df24bc86685476,main,5,400,binary,0.8,first_factor,superiority_power,0.14,0.05,0.12,1.0,10000,10000,True,4999,100000,power,unadjusted,original_S_normal,original_CRT_data,0.009,0.001005982703688295,96,6,-0.002704173988491576,0.0031396198673546726
25,5cf7a7df24bc86685476,main,5,400,binary,0.8,first_factor,superiority_power,0.14,0.05,0.12,1.0,10000,10000,True,4999,100000,power,unadjusted,refined_R_normal,RT,0.0088,0.0010061596472347577,95,7,-0.002665248054314517,0.003116228645042848
25,5cf7a7df24bc86685476,main,5,400,binary,0.8,first_factor,superiority_power,0.14,0.05,0.12,1.0,10000,10000,True,4999,100000,power,unadjusted,refined_R_lattice,RT,-0.0018,0.0007481523729811459,19,37,0.00013609770719359888,0.0015635956697362366
25,5cf7a7df24bc86685476,main,5,400,binary,0.8,first_factor,superiority_power,0.14,0.05,0.12,1.0,10000,10000,True,4999,100000,power,unadjusted,refined_CRT_lattice,refined_CRT_data,-0.0018,0.0007481523729811459,19,37,0.00013544809371423226,0.0015628686879779368
25,5cf7a7df24bc86685476,main,5,400,binary,0.8,first_factor,superiority_power,0.14,0.05,0.12,1.0,10000,10000,True,4999,100000,power,unadjusted,refined_S_normal,refined_CRT_data,0.0093,0.0010205170971201568,99,6,-0.0027919710901318675,0.0031939721751076088
25,5cf7a7df24bc86685476,main,5,400,binary,0.8,first_factor,superiority_power,0.14,0.05,0.12,1.0,10000,10000,True,4999,100000,power,adjusted,refined_S_normal,original_S_normal,-0.0001,0.00010000000000000002,0,1,3.0509597071250082e-05,3.0509597071250082e-05
25,5cf7a7df24bc86685476,main,5,400,binary,0.8,first_factor,superiority_power,0.14,0.05,0.12,1.0,10000,10000,True,4999,100000,power,adjusted,refined_R_normal,original_R_normal,-0.0001,0.00010000000000000002,0,1,3.058424854202499e-05,3.058424854202499e-05
25,5cf7a7df24bc86685476,main,5,400,binary,0.8,first_factor,superiority_power,0.14,0.05,0.12,1.0,10000,10000,True,4999,100000,power,adjusted,refined_CRT_data,original_CRT_data,0.0,0.0,0,0,2.399999999999984e-07,2.799999999999981e-07
25,5cf7a7df24bc86685476,main,5,400,binary,0.8,first_factor,superiority_power,0.14,0.05,0.12,1.0,10000,10000,True,4999,100000,power,adjusted,refined_R_lattice,original_R_lattice,-0.0001,0.00010000000000000002,0,1,3.058424854202499e-05,3.058424854202499e-05
25,5cf7a7df24bc86685476,main,5,400,binary,0.8,first_factor,superiority_power,0.14,0.05,0.12,1.0,10000,10000,True,4999,100000,power,adjusted,refined_CRT_lattice,original_CRT_lattice,-0.0001,0.00010000000000000002,0,1,3.0509597071250082e-05,3.0509597071250082e-05
25,5cf7a7df24bc86685476,main,5,400,binary,0.8,first_factor,superiority_power,0.14,0.05,0.12,1.0,10000,10000,True,4999,100000,power,adjusted,refined_CRT_noise,original_CRT_noise,0.0,0.0,0,0,1.2000000000000184e-07,1.9999999999999856e-07
25,5cf7a7df24bc86685476,main,5,400,binary,0.8,first_factor,superiority_power,0.14,0.05,0.12,1.0,10000,10000,True,4999,100000,power,adjusted,original_R_normal,RT,-0.0006,0.0008124223058239477,30,36,-8.946271016186987e-05,0.0014884047805226836
25,5cf7a7df24bc86685476,main,5,400,binary,0.8,first_factor,superiority_power,0.14,0.05,0.12,1.0,10000,10000,True,4999,100000,power,adjusted,original_R_lattice,RT,-0.0006,0.0008124223058239477,30,36,-8.946271016186987e-05,0.0014884047805226836
25,5cf7a7df24bc86685476,main,5,400,binary,0.8,first_factor,superiority_power,0.14,0.05,0.12,1.0,10000,10000,True,4999,100000,power,adjusted,original_CRT_lattice,original_CRT_data,-0.0011,0.0007809865517404252,25,36,-8.885703231175976e-05,0.0014851592217059164
25,5cf7a7df24bc86685476,main,5,400,binary,0.8,first_factor,superiority_power,0.14,0.05,0.12,1.0,10000,10000,True,4999,100000,power,adjusted,original_S_normal,original_CRT_data,-0.0011,0.0007809865517404252,25,36,-8.885703231175976e-05,0.0014851592217059164
25,5cf7a7df24bc86685476,main,5,400,binary,0.8,first_factor,superiority_power,0.14,0.05,0.12,1.0,10000,10000,True,4999,100000,power,adjusted,refined_R_normal,RT,-0.0007,0.0008185462734630095,30,37,-5.8878461619844856e-05,0.0014883490369242169
25,5cf7a7df24bc86685476,main,5,400,binary,0.8,first_factor,superiority_power,0.14,0.05,0.12,1.0,10000,10000,True,4999,100000,power,adjusted,refined_R_lattice,RT,-0.0007,0.0008185462734630095,30,37,-5.8878461619844856e-05,0.0014883490369242169
25,5cf7a7df24bc86685476,main,5,400,binary,0.8,first_factor,superiority_power,0.14,0.05,0.12,1.0,10000,10000,True,4999,100000,power,adjusted,refined_CRT_lattice,refined_CRT_data,-0.0012,0.0007745424401536432,24,36,-5.858743524050967e-05,0.0014851873094339112
25,5cf7a7df24bc86685476,main,5,400,binary,0.8,first_factor,superiority_power,0.14,0.05,0.12,1.0,10000,10000,True,4999,100000,power,adjusted,refined_S_normal,refined_CRT_data,-0.0012,0.0007745424401536432,24,36,-5.858743524050967e-05,0.0014851873094339112
26,83f921fa824d0e48e790,main,5,400,binary,0.8,first_factor,noninferiority_null,-0.1,0.025,0.12,1.0,100000,100000,True,4999,100000,type1,unadjusted,refined_S_normal,original_S_normal,7e-05,3.3165675021322806e-05,9,2,9.475256369915342e-07,0.00020500412154135722
26,83f921fa824d0e48e790,main,5,400,binary,0.8,first_factor,noninferiority_null,-0.1,0.025,0.12,1.0,100000,100000,True,4999,100000,type1,unadjusted,refined_R_normal,original_R_normal,0.0001,3.741542461525716e-05,12,2,9.361171146882696e-07,0.0002045775910593077
26,83f921fa824d0e48e790,main,5,400,binary,0.8,first_factor,noninferiority_null,-0.1,0.025,0.12,1.0,100000,100000,True,4999,100000,type1,unadjusted,refined_CRT_data,original_CRT_data,0.0,0.0,0,0,2.380000000000016e-07,1.0179999999999994e-06
26,83f921fa824d0e48e790,main,5,400,binary,0.8,first_factor,noninferiority_null,-0.1,0.025,0.12,1.0,100000,100000,True,4999,100000,type1,unadjusted,refined_R_lattice,original_R_lattice,0.0001,3.741542461525716e-05,12,2,9.361171146882696e-07,0.0002045775910593077
26,83f921fa824d0e48e790,main,5,400,binary,0.8,first_factor,noninferiority_null,-0.1,0.025,0.12,1.0,100000,100000,True,4999,100000,type1,unadjusted,refined_CRT_lattice,original_CRT_lattice,7e-05,3.3165675021322806e-05,9,2,9.475256369915342e-07,0.00020500412154135722
26,83f921fa824d0e48e790,main,5,400,binary,0.8,first_factor,noninferiority_null,-0.1,0.025,0.12,1.0,100000,100000,True,4999,100000,type1,unadjusted,refined_CRT_noise,original_CRT_noise,1e-05,1e-05,1,0,-4.199999999999685e-08,8.339999999999967e-07
26,83f921fa824d0e48e790,main,5,400,binary,0.8,first_factor,noninferiority_null,-0.1,0.025,0.12,1.0,100000,100000,True,4999,100000,type1,unadjusted,original_R_normal,RT,-0.00031,0.00014177178842209726,85,116,-0.0014906652055387756,0.005182030498608974
26,83f921fa824d0e48e790,main,5,400,binary,0.8,first_factor,noninferiority_null,-0.1,0.025,0.12,1.0,100000,100000,True,4999,100000,type1,unadjusted,original_R_lattice,RT,-0.00031,0.00014177178842209726,85,116,-0.0014906652055387756,0.005182030498608974
26,83f921fa824d0e48e790,main,5,400,binary,0.8,first_factor,noninferiority_null,-0.1,0.025,0.12,1.0,100000,100000,True,4999,100000,type1,unadjusted,original_CRT_lattice,original_CRT_data,-0.00016,0.00014212651406215514,93,109,-0.001463980689129257,0.005157913933790771
26,83f921fa824d0e48e790,main,5,400,binary,0.8,first_factor,noninferiority_null,-0.1,0.025,0.12,1.0,100000,100000,True,4999,100000,type1,unadjusted,original_S_normal,original_CRT_data,-0.00016,0.00014212651406215514,93,109,-0.001463980689129257,0.005157913933790771
26,83f921fa824d0e48e790,main,5,400,binary,0.8,first_factor,noninferiority_null,-0.1,0.025,0.12,1.0,100000,100000,True,4999,100000,type1,unadjusted,refined_R_normal,RT,-0.00021,0.00014247723326068617,91,112,-0.0014897290884240875,0.005174200858362388
26,83f921fa824d0e48e790,main,5,400,binary,0.8,first_factor,noninferiority_null,-0.1,0.025,0.12,1.0,100000,100000,True,4999,100000,type1,unadjusted,refined_R_lattice,RT,-0.00021,0.00014247723326068617,91,112,-0.0014897290884240875,0.005174200858362388
26,83f921fa824d0e48e790,main,5,400,binary,0.8,first_factor,noninferiority_null,-0.1,0.025,0.12,1.0,100000,100000,True,4999,100000,type1,unadjusted,refined_CRT_lattice,refined_CRT_data,-9e-05,0.00014317864366322238,98,107,-0.0014632711634922657,0.005151338651323354
26,83f921fa824d0e48e790,main,5,400,binary,0.8,first_factor,noninferiority_null,-0.1,0.025,0.12,1.0,100000,100000,True,4999,100000,type1,unadjusted,refined_S_normal,refined_CRT_data,-9e-05,0.00014317864366322238,98,107,-0.0014632711634922657,0.005151338651323354
26,83f921fa824d0e48e790,main,5,400,binary,0.8,first_factor,noninferiority_null,-0.1,0.025,0.12,1.0,100000,100000,True,4999,100000,type1,adjusted,refined_S_normal,original_S_normal,-5e-05,2.2360232552457898e-05,0,5,-1.14595441436223e-07,6.0352634995599994e-05
26,83f921fa824d0e48e790,main,5,400,binary,0.8,first_factor,noninferiority_null,-0.1,0.025,0.12,1.0,100000,100000,True,4999,100000,type1,adjusted,refined_R_normal,original_R_normal,-4e-05,1.999969999474989e-05,0,4,-1.1160493590834354e-07,6.025677299550157e-05
26,83f921fa824d0e48e790,main,5,400,binary,0.8,first_factor,noninferiority_null,-0.1,0.025,0.12,1.0,100000,100000,True,4999,100000,type1,adjusted,refined_CRT_data,original_CRT_data,0.0,0.0,0,0,4.000000000002725e-09,3.400000000000061e-07
26,83f921fa824d0e48e790,main,5,400,binary,0.8,first_factor,noninferiority_null,-0.1,0.025,0.12,1.0,100000,100000,True,4999,100000,type1,adjusted,refined_R_lattice,original_R_lattice,-4e-05,1.999969999474989e-05,0,4,-1.1160493590834354e-07,6.025677299550157e-05
26,83f921fa824d0e48e790,main,5,400,binary,0.8,first_factor,noninferiority_null,-0.1,0.025,0.12,1.0,100000,100000,True,4999,100000,type1,adjusted,refined_CRT_lattice,original_CRT_lattice,-5e-05,2.2360232552457898e-05,0,5,-1.14595441436223e-07,6.0352634995599994e-05
26,83f921fa824d0e48e790,main,5,400,binary,0.8,first_factor,noninferiority_null,-0.1,0.025,0.12,1.0,100000,100000,True,4999,100000,type1,adjusted,refined_CRT_noise,original_CRT_noise,0.0,0.0,0,0,-4.000000000000484e-08,3.7200000000000095e-07
26,83f921fa824d0e48e790,main,5,400,binary,0.8,first_factor,noninferiority_null,-0.1,0.025,0.12,1.0,100000,100000,True,4999,100000,type1,adjusted,original_R_normal,RT,-0.00031,0.0001486581985381227,95,126,-8.735936232640338e-05,0.004946932310131231
26,83f921fa824d0e48e790,main,5,400,binary,0.8,first_factor,noninferiority_null,-0.1,0.025,0.12,1.0,100000,100000,True,4999,100000,type1,adjusted,original_R_lattice,RT,-0.00031,0.0001486581985381227,95,126,-8.735936232640338e-05,0.004946932310131231
26,83f921fa824d0e48e790,main,5,400,binary,0.8,first_factor,noninferiority_null,-0.1,0.025,0.12,1.0,100000,100000,True,4999,100000,type1,adjusted,original_CRT_lattice,original_CRT_data,-0.00028,0.00014422005406405846,90,118,-8.830234018796984e-05,0.004945140130298449
26,83f921fa824d0e48e790,main,5,400,binary,0.8,first_factor,noninferiority_null,-0.1,0.025,0.12,1.0,100000,100000,True,4999,100000,type1,adjusted,original_S_normal,original_CRT_data,-0.00028,0.00014422005406405846,90,118,-8.830234018796984e-05,0.004945140130298449
26,83f921fa824d0e48e790,main,5,400,binary,0.8,first_factor,noninferiority_null,-0.1,0.025,0.12,1.0,100000,100000,True,4999,100000,type1,adjusted,refined_R_normal,RT,-0.00035,0.00014865731058363692,93,128,-8.747096726231174e-05,0.0049464681115835175
26,83f921fa824d0e48e790,main,5,400,binary,0.8,first_factor,noninferiority_null,-0.1,0.025,0.12,1.0,100000,100000,True,4999,100000,type1,adjusted,refined_R_lattice,RT,-0.00035,0.00014865731058363692,93,128,-8.747096726231174e-05,0.0049464681115835175
26,83f921fa824d0e48e790,main,5,400,binary,0.8,first_factor,noninferiority_null,-0.1,0.025,0.12,1.0,100000,100000,True,4999,100000,type1,adjusted,refined_CRT_lattice,refined_CRT_data,-0.00033,0.0001445652793418942,88,121,-8.842093562940606e-05,0.00494468703769033
26,83f921fa824d0e48e790,main,5,400,binary,0.8,first_factor,noninferiority_null,-0.1,0.025,0.12,1.0,100000,100000,True,4999,100000,type1,adjusted,refined_S_normal,refined_CRT_data,-0.00033,0.0001445652793418942,88,121,-8.842093562940606e-05,0.00494468703769033
27,6343f55a872416a0ae3a,main,5,400,binary,0.8,first_factor,noninferiority_power,0.05,0.025,0.12,1.0,10000,10000,True,4999,100000,power,unadjusted,refined_S_normal,original_S_normal,0.0008,0.0002827436902911185,8,0,-3.5517624293818354e-05,5.0083042183441705e-05
27,6343f55a872416a0ae3a,main,5,400,binary,0.8,first_factor,noninferiority_power,0.05,0.025,0.12,1.0,10000,10000,True,4999,100000,power,unadjusted,refined_R_normal,original_R_normal,0.0003,0.00022359785240462396,4,1,-3.563257725732579e-05,5.023146419784096e-05
27,6343f55a872416a0ae3a,main,5,400,binary,0.8,first_factor,noninferiority_power,0.05,0.025,0.12,1.0,10000,10000,True,4999,100000,power,unadjusted,refined_CRT_data,original_CRT_data,0.0,0.0,0,0,-5.200000000000016e-07,6.000000000000016e-07
27,6343f55a872416a0ae3a,main,5,400,binary,0.8,first_factor,noninferiority_power,0.05,0.025,0.12,1.0,10000,10000,True,4999,100000,power,unadjusted,refined_R_lattice,original_R_lattice,0.0003,0.00022359785240462396,4,1,-3.563257725732579e-05,5.023146419784096e-05
27,6343f55a872416a0ae3a,main,5,400,binary,0.8,first_factor,noninferiority_power,0.05,0.025,0.12,1.0,10000,10000,True,4999,100000,power,unadjusted,refined_CRT_lattice,original_CRT_lattice,0.0008,0.0002827436902911185,8,0,-3.5517624293818354e-05,5.0083042183441705e-05
27,6343f55a872416a0ae3a,main,5,400,binary,0.8,first_factor,noninferiority_power,0.05,0.025,0.12,1.0,10000,10000,True,4999,100000,power,unadjusted,refined_CRT_noise,original_CRT_noise,0.0,0.0,0,0,-5.999999999999853e-08,3.000000000000007e-07
27,6343f55a872416a0ae3a,main,5,400,binary,0.8,first_factor,noninferiority_power,0.05,0.025,0.12,1.0,10000,10000,True,4999,100000,power,unadjusted,original_R_normal,RT,0.0018,0.0009272335068350473,52,34,-0.00021836932390553168,0.0009089443632027628
27,6343f55a872416a0ae3a,main,5,400,binary,0.8,first_factor,noninferiority_power,0.05,0.025,0.12,1.0,10000,10000,True,4999,100000,power,unadjusted,original_R_lattice,RT,0.0018,0.0009272335068350473,52,34,-0.00021836932390553168,0.0009089443632027628
27,6343f55a872416a0ae3a,main,5,400,binary,0.8,first_factor,noninferiority_power,0.05,0.025,0.12,1.0,10000,10000,True,4999,100000,power,unadjusted,original_CRT_lattice,original_CRT_data,0.0014,0.0009164540298339463,49,35,-0.00024228537993549527,0.0009065796689371691
27,6343f55a872416a0ae3a,main,5,400,binary,0.8,first_factor,noninferiority_power,0.05,0.025,0.12,1.0,10000,10000,True,4999,100000,power,unadjusted,original_S_normal,original_CRT_data,0.0014,0.0009164540298339463,49,35,-0.00024228537993549527,0.0009065796689371691
27,6343f55a872416a0ae3a,main,5,400,binary,0.8,first_factor,noninferiority_power,0.05,0.025,0.12,1.0,10000,10000,True,4999,100000,power,unadjusted,refined_R_normal,RT,0.0021,0.0009217613380894426,53,32,-0.00025400190116285745,0.0009081946148221164
27,6343f55a872416a0ae3a,main,5,400,binary,0.8,first_factor,noninferiority_power,0.05,0.025,0.12,1.0,10000,10000,True,4999,100000,power,unadjusted,refined_R_lattice,RT,0.0021,0.0009217613380894426,53,32,-0.00025400190116285745,0.0009081946148221164
27,6343f55a872416a0ae3a,main,5,400,binary,0.8,first_factor,noninferiority_power,0.05,0.025,0.12,1.0,10000,10000,True,4999,100000,power,unadjusted,refined_CRT_lattice,refined_CRT_data,0.0022,0.0009378720383911867,55,33,-0.0002772830042293136,0.0009063318582274993
27,6343f55a872416a0ae3a,main,5,400,binary,0.8,first_factor,noninferiority_power,0.05,0.025,0.12,1.0,10000,10000,True,4999,100000,power,unadjusted,refined_S_normal,refined_CRT_data,0.0022,0.0009378720383911867,55,33,-0.0002772830042293136,0.0009063318582274993
27,6343f55a872416a0ae3a,main,5,400,binary,0.8,first_factor,noninferiority_power,0.05,0.025,0.12,1.0,10000,10000,True,4999,100000,power,adjusted,refined_S_normal,original_S_normal,-0.0003,0.00017318775765030273,0,3,1.3919076603288234e-05,1.3973805250702947e-05
27,6343f55a872416a0ae3a,main,5,400,binary,0.8,first_factor,noninferiority_power,0.05,0.025,0.12,1.0,10000,10000,True,4999,100000,power,adjusted,refined_R_normal,original_R_normal,-0.0003,0.00017318775765030273,0,3,1.3956830392176944e-05,1.4011442331451884e-05
27,6343f55a872416a0ae3a,main,5,400,binary,0.8,first_factor,noninferiority_power,0.05,0.025,0.12,1.0,10000,10000,True,4999,100000,power,adjusted,refined_CRT_data,original_CRT_data,0.0,0.0,0,0,5.999999999999976e-08,5.999999999999976e-08
27,6343f55a872416a0ae3a,main,5,400,binary,0.8,first_factor,noninferiority_power,0.05,0.025,0.12,1.0,10000,10000,True,4999,100000,power,adjusted,refined_R_lattice,original_R_lattice,-0.0003,0.00017318775765030273,0,3,1.3956830392176944e-05,1.4011442331451884e-05
27,6343f55a872416a0ae3a,main,5,400,binary,0.8,first_factor,noninferiority_power,0.05,0.025,0.12,1.0,10000,10000,True,4999,100000,power,adjusted,refined_CRT_lattice,original_CRT_lattice,-0.0003,0.00017318775765030273,0,3,1.3919076603288234e-05,1.3973805250702947e-05
27,6343f55a872416a0ae3a,main,5,400,binary,0.8,first_factor,noninferiority_power,0.05,0.025,0.12,1.0,10000,10000,True,4999,100000,power,adjusted,refined_CRT_noise,original_CRT_noise,0.0,0.0,0,0,1.4000000000000086e-07,1.800000000000006e-07
27,6343f55a872416a0ae3a,main,5,400,binary,0.8,first_factor,noninferiority_power,0.05,0.025,0.12,1.0,10000,10000,True,4999,100000,power,adjusted,original_R_normal,RT,0.0004,0.00091655223899169,44,40,-0.00014238706665468595,0.0008974713104376629
27,6343f55a872416a0ae3a,main,5,400,binary,0.8,first_factor,noninferiority_power,0.05,0.025,0.12,1.0,10000,10000,True,4999,100000,power,adjusted,original_R_lattice,RT,0.0004,0.00091655223899169,44,40,-0.00014238706665468595,0.0008974713104376629
27,6343f55a872416a0ae3a,main,5,400,binary,0.8,first_factor,noninferiority_power,0.05,0.025,0.12,1.0,10000,10000,True,4999,100000,power,adjusted,original_CRT_lattice,original_CRT_data,0.0012,0.0008943914096184957,46,34,-0.00014205856047453676,0.0008929189603611362
27,6343f55a872416a0ae3a,main,5,400,binary,0.8,first_factor,noninferiority_power,0.05,0.025,0.12,1.0,10000,10000,True,4999,100000,power,adjusted,original_S_normal,original_CRT_data,0.0012,0.0008943914096184957,46,34,-0.00014205856047453676,0.0008929189603611362
27,6343f55a872416a0ae3a,main,5,400,binary,0.8,first_factor,noninferiority_power,0.05,0.025,0.12,1.0,10000,10000,True,4999,100000,power,adjusted,refined_R_normal,RT,0.0001,0.0009220000045557701,43,42,-0.000128430236262509,0.0008975049629712367
27,6343f55a872416a0ae3a,main,5,400,binary,0.8,first_factor,noninferiority_power,0.05,0.025,0.12,1.0,10000,10000,True,4999,100000,power,adjusted,refined_R_lattice,RT,0.0001,0.0009220000045557701,43,42,-0.000128430236262509,0.0008975049629712367
27,6343f55a872416a0ae3a,main,5,400,binary,0.8,first_factor,noninferiority_power,0.05,0.025,0.12,1.0,10000,10000,True,4999,100000,power,adjusted,refined_CRT_lattice,refined_CRT_data,0.0009,0.0008888183165304256,44,35,-0.00012819948387124853,0.0008927632921933615
27,6343f55a872416a0ae3a,main,5,400,binary,0.8,first_factor,noninferiority_power,0.05,0.025,0.12,1.0,10000,10000,True,4999,100000,power,adjusted,refined_S_normal,refined_CRT_data,0.0009,0.0008888183165304256,44,35,-0.00012819948387124853,0.0008927632921933615
28,11f6d8c148040ac8ca49,main,5,400,binary,0.8,interaction,superiority_null,0.0,0.05,0.12,1.0,100000,100000,True,4999,100000,type1,unadjusted,refined_S_normal,original_S_normal,0.00011,5.19606196947264e-05,19,8,-0.0001085909444092858,0.00026929937442761757
28,11f6d8c148040ac8ca49,main,5,400,binary,0.8,interaction,superiority_null,0.0,0.05,0.12,1.0,100000,100000,True,4999,100000,type1,unadjusted,refined_R_normal,original_R_normal,0.0001,5.098946949380816e-05,18,8,-0.0001082373499172991,0.00026888767417198884
28,11f6d8c148040ac8ca49,main,5,400,binary,0.8,interaction,superiority_null,0.0,0.05,0.12,1.0,100000,100000,True,4999,100000,type1,unadjusted,refined_CRT_data,original_CRT_data,0.0,0.0,0,0,0.0,0.0
28,11f6d8c148040ac8ca49,main,5,400,binary,0.8,interaction,superiority_null,0.0,0.05,0.12,1.0,100000,100000,True,4999,100000,type1,unadjusted,refined_R_lattice,original_R_lattice,5e-05,3.316603684283063e-05,8,3,-0.00010349647123296305,0.00025730932347312833
28,11f6d8c148040ac8ca49,main,5,400,binary,0.8,interaction,superiority_null,0.0,0.05,0.12,1.0,100000,100000,True,4999,100000,type1,unadjusted,refined_CRT_lattice,original_CRT_lattice,5e-05,3.316603684283063e-05,8,3,-0.00010349619536430333,0.00025730864585953614
28,11f6d8c148040ac8ca49,main,5,400,binary,0.8,interaction,superiority_null,0.0,0.05,0.12,1.0,100000,100000,True,4999,100000,type1,unadjusted,refined_CRT_noise,original_CRT_noise,0.0,0.0,0,0,0.0,0.0
28,11f6d8c148040ac8ca49,main,5,400,binary,0.8,interaction,superiority_null,0.0,0.05,0.12,1.0,100000,100000,True,4999,100000,type1,unadjusted,original_R_normal,RT,0.00392,0.00021828149822677293,435,43,-0.025596232210994756,0.02654091540705233
28,11f6d8c148040ac8ca49,main,5,400,binary,0.8,interaction,superiority_null,0.0,0.05,0.12,1.0,100000,100000,True,4999,100000,type1,unadjusted,original_R_lattice,RT,8e-05,0.00017492924856186867,157,149,0.0006041781889046533,0.005749127856190996
28,11f6d8c148040ac8ca49,main,5,400,binary,0.8,interaction,superiority_null,0.0,0.05,0.12,1.0,100000,100000,True,4999,100000,type1,unadjusted,original_CRT_lattice,original_CRT_data,9e-05,0.00017521479960967912,158,149,0.0006041321553782175,0.0057489747662772496
28,11f6d8c148040ac8ca49,main,5,400,binary,0.8,interaction,superiority_null,0.0,0.05,0.12,1.0,100000,100000,True,4999,100000,type1,unadjusted,original_S_normal,original_CRT_data,0.00411,0.00022075227363645242,450,39,-0.025827680934099505,0.026718022976062756
28,11f6d8c148040ac8ca49,main,5,400,binary,0.8,interaction,superiority_null,0.0,0.05,0.12,1.0,100000,100000,True,4999,100000,type1,unadjusted,refined_R_normal,RT,0.00402,0.0002205422462677477,445,43,-0.025704469560912054,0.02663057757977125
28,11f6d8c148040ac8ca49,main,5,400,binary,0.8,interaction,superiority_null,0.0,0.05,0.12,1.0,100000,100000,True,4999,100000,type1,unadjusted,refined_R_lattice,RT,0.00013,0.0001757843565320874,161,148,0.0005006817176716903,0.005735793463367697
28,11f6d8c148040ac8ca49,main,5,400,binary,0.8,interaction,superiority_null,0.0,0.05,0.12,1.0,100000,100000,True,4999,100000,type1,unadjusted,refined_CRT_lattice,refined_CRT_data,0.00014,0.00017606849235777535,162,148,0.0005006359600139142,0.005735649575232121
28,11f6d8c148040ac8ca49,main,5,400,binary,0.8,interaction,superiority_null,0.0,0.05,0.12,1.0,100000,100000,True,4999,100000,type1,unadjusted,refined_S_normal,refined_CRT_data,0.00422,0.00022231151617516855,459,37,-0.02593627187850879,0.02680965322341422
28,11f6d8c148040ac8ca49,main,5,400,binary,0.8,interaction,superiority_null,0.0,0.05,0.12,1.0,100000,100000,True,4999,100000,type1,adjusted,refined_S_normal,original_S_normal,-4e-05,1.999969999474989e-05,0,4,0.00011915172086805498,0.00011915172086805498
28,11f6d8c148040ac8ca49,main,5,400,binary,0.8,interaction,superiority_null,0.0,0.05,0.12,1.0,100000,100000,True,4999,100000,type1,adjusted,refined_R_normal,original_R_normal,-0.0001,3.1621353530486184e-05,0,10,0.00011900927212729139,0.00011900927212729139
28,11f6d8c148040ac8ca49,main,5,400,binary,0.8,interaction,superiority_null,0.0,0.05,0.12,1.0,100000,100000,True,4999,100000,type1,adjusted,refined_CRT_data,original_CRT_data,0.0,0.0,0,0,2.1800000000000894e-07,7.580000000000054e-07
28,11f6d8c148040ac8ca49,main,5,400,binary,0.8,interaction,superiority_null,0.0,0.05,0.12,1.0,100000,100000,True,4999,100000,type1,adjusted,refined_R_lattice,original_R_lattice,-0.0001,3.1621353530486184e-05,0,10,0.00011900927212729139,0.00011900927212729139
28,11f6d8c148040ac8ca49,main,5,400,binary,0.8,interaction,superiority_null,0.0,0.05,0.12,1.0,100000,100000,True,4999,100000,type1,adjusted,refined_CRT_lattice,original_CRT_lattice,-4e-05,1.999969999474989e-05,0,4,0.00011915172086805498,0.00011915172086805498
28,11f6d8c148040ac8ca49,main,5,400,binary,0.8,interaction,superiority_null,0.0,0.05,0.12,1.0,100000,100000,True,4999,100000,type1,adjusted,refined_CRT_noise,original_CRT_noise,0.0,0.0,0,0,7.999999999999876e-08,7.800000000000059e-07
28,11f6d8c148040ac8ca49,main,5,400,binary,0.8,interaction,superiority_null,0.0,0.05,0.12,1.0,100000,100000,True,4999,100000,type1,adjusted,original_R_normal,RT,-0.00015,0.00018894478558912394,171,186,-0.0002296060795572532,0.007658909425416881
28,11f6d8c148040ac8ca49,main,5,400,binary,0.8,interaction,superiority_null,0.0,0.05,0.12,1.0,100000,100000,True,4999,100000,type1,adjusted,original_R_lattice,RT,-0.00015,0.00018894478558912394,171,186,-0.0002296060795572532,0.007658909425416881
28,11f6d8c148040ac8ca49,main,5,400,binary,0.8,interaction,superiority_null,0.0,0.05,0.12,1.0,100000,100000,True,4999,100000,type1,adjusted,original_CRT_lattice,original_CRT_data,-0.00018,0.00019183337561654905,175,193,-0.00020934192337763197,0.007667675155453791
28,11f6d8c148040ac8ca49,main,5,400,binary,0.8,interaction,superiority_null,0.0,0.05,0.12,1.0,100000,100000,True,4999,100000,type1,adjusted,original_S_normal,original_CRT_data,-0.00018,0.00019183337561654905,175,193,-0.00020934192337763197,0.007667675155453791
28,11f6d8c148040ac8ca49,main,5,400,binary,0.8,interaction,superiority_null,0.0,0.05,0.12,1.0,100000,100000,True,4999,100000,type1,adjusted,refined_R_normal,RT,-0.00025,0.0001889437270652825,166,191,-0.00011059680742996186,0.007655805269429163
28,11f6d8c148040ac8ca49,main,5,400,binary,0.8,interaction,superiority_null,0.0,0.05,0.12,1.0,100000,100000,True,4999,100000,type1,adjusted,refined_R_lattice,RT,-0.00025,0.0001889437270652825,166,191,-0.00011059680742996186,0.007655805269429163
28,11f6d8c148040ac8ca49,main,5,400,binary,0.8,interaction,superiority_null,0.0,0.05,0.12,1.0,100000,100000,True,4999,100000,type1,adjusted,refined_CRT_lattice,refined_CRT_data,-0.00022,0.00019235354428463226,174,196,-9.0408202509577e-05,0.007664822027730331
28,11f6d8c148040ac8ca49,main,5,400,binary,0.8,interaction,superiority_null,0.0,0.05,0.12,1.0,100000,100000,True,4999,100000,type1,adjusted,refined_S_normal,refined_CRT_data,-0.00022,0.00019235354428463226,174,196,-9.0408202509577e-05,0.007664822027730331
29,2b4d9ba4a54abbf07a6b,main,5,400,binary,0.8,interaction,superiority_power,0.14,0.05,0.12,1.0,10000,10000,True,4999,100000,power,unadjusted,refined_S_normal,original_S_normal,0.0002,0.0002,3,1,-3.380305755611948e-05,7.93333216378559e-05
29,2b4d9ba4a54abbf07a6b,main,5,400,binary,0.8,interaction,superiority_power,0.14,0.05,0.12,1.0,10000,10000,True,4999,100000,power,unadjusted,refined_R_normal,original_R_normal,0.0001,0.00010000000000000002,1,0,-3.389635838653044e-05,7.950659441635584e-05
29,2b4d9ba4a54abbf07a6b,main,5,400,binary,0.8,interaction,superiority_power,0.14,0.05,0.12,1.0,10000,10000,True,4999,100000,power,unadjusted,refined_CRT_data,original_CRT_data,0.0,0.0,0,0,0.0,0.0
29,2b4d9ba4a54abbf07a6b,main,5,400,binary,0.8,interaction,superiority_power,0.14,0.05,0.12,1.0,10000,10000,True,4999,100000,power,unadjusted,refined_R_lattice,original_R_lattice,0.0002,0.0002,3,1,-3.59091747222083e-05,8.425221846999121e-05
29,2b4d9ba4a54abbf07a6b,main,5,400,binary,0.8,interaction,superiority_power,0.14,0.05,0.12,1.0,10000,10000,True,4999,100000,power,unadjusted,refined_CRT_lattice,original_CRT_lattice,0.0002,0.0002,3,1,-3.590718568348783e-05,8.424174083450227e-05
29,2b4d9ba4a54abbf07a6b,main,5,400,binary,0.8,interaction,superiority_power,0.14,0.05,0.12,1.0,10000,10000,True,4999,100000,power,unadjusted,refined_CRT_noise,original_CRT_noise,0.0,0.0,0,0,0.0,0.0
29,2b4d9ba4a54abbf07a6b,main,5,400,binary,0.8,interaction,superiority_power,0.14,0.05,0.12,1.0,10000,10000,True,4999,100000,power,unadjusted,original_R_normal,RT,0.009,0.0010733197107666251,103,13,-0.0028813075723546837,0.003403727202502945
29,2b4d9ba4a54abbf07a6b,main,5,400,binary,0.8,interaction,superiority_power,0.14,0.05,0.12,1.0,10000,10000,True,4999,100000,power,unadjusted,original_R_lattice,RT,-0.0016,0.0008716765351884836,30,46,0.00017094536033006075,0.0016901939461461538
29,2b4d9ba4a54abbf07a6b,main,5,400,binary,0.8,interaction,superiority_power,0.14,0.05,0.12,1.0,10000,10000,True,4999,100000,power,unadjusted,original_CRT_lattice,original_CRT_data,-0.0017,0.0008773756201296452,30,47,0.00017110047108102297,0.0016891007689007018
29,2b4d9ba4a54abbf07a6b,main,5,400,binary,0.8,interaction,superiority_power,0.14,0.05,0.12,1.0,10000,10000,True,4999,100000,power,unadjusted,original_S_normal,original_CRT_data,0.0092,0.0010637900003837653,103,11,-0.002988350736759696,0.003456713168636533
29,2b4d9ba4a54abbf07a6b,main,5,400,binary,0.8,interaction,superiority_power,0.14,0.05,0.12,1.0,10000,10000,True,4999,100000,power,unadjusted,refined_R_normal,RT,0.0091,0.0010778845872904722,104,13,-0.002915203930741214,0.0034284742209870047
29,2b4d9ba4a54abbf07a6b,main,5,400,binary,0.8,interaction,superiority_power,0.14,0.05,0.12,1.0,10000,10000,True,4999,100000,power,unadjusted,refined_R_lattice,RT,-0.0014,0.00087171095438729,31,45,0.00013503618560785244,0.0016846236855473208
29,2b4d9ba4a54abbf07a6b,main,5,400,binary,0.8,interaction,superiority_power,0.14,0.05,0.12,1.0,10000,10000,True,4999,100000,power,unadjusted,refined_CRT_lattice,refined_CRT_data,-0.0015,0.0008774120954252454,31,46,0.00013519328539753515,0.0016835645082964017
29,2b4d9ba4a54abbf07a6b,main,5,400,binary,0.8,interaction,superiority_power,0.14,0.05,0.12,1.0,10000,10000,True,4999,100000,power,unadjusted,refined_S_normal,refined_CRT_data,0.0094,0.0010729767601923125,105,11,-0.003022153794315816,0.0034818993302070155
29,2b4d9ba4a54abbf07a6b,main,5,400,binary,0.8,interaction,superiority_power,0.14,0.05,0.12,1.0,10000,10000,True,4999,100000,power,adjusted,refined_S_normal,original_S_normal,-0.0002,0.00014141428428549922,0,2,3.2684959172843054e-05,3.2684959172843054e-05
29,2b4d9ba4a54abbf07a6b,main,5,400,binary,0.8,interaction,superiority_power,0.14,0.05,0.12,1.0,10000,10000,True,4999,100000,power,adjusted,refined_R_normal,original_R_normal,-0.0002,0.00014141428428549922,0,2,3.2756807530785136e-05,3.2756807530785136e-05
29,2b4d9ba4a54abbf07a6b,main,5,400,binary,0.8,interaction,superiority_power,0.14,0.05,0.12,1.0,10000,10000,True,4999,100000,power,adjusted,refined_CRT_data,original_CRT_data,0.0,0.0,0,0,1.999999999999424e-08,3.0000000000000417e-07
29,2b4d9ba4a54abbf07a6b,main,5,400,binary,0.8,interaction,superiority_power,0.14,0.05,0.12,1.0,10000,10000,True,4999,100000,power,adjusted,refined_R_lattice,original_R_lattice,-0.0002,0.00014141428428549922,0,2,3.2756807530785136e-05,3.2756807530785136e-05
29,2b4d9ba4a54abbf07a6b,main,5,400,binary,0.8,interaction,superiority_power,0.14,0.05,0.12,1.0,10000,10000,True,4999,100000,power,adjusted,refined_CRT_lattice,original_CRT_lattice,-0.0002,0.00014141428428549922,0,2,3.2684959172843054e-05,3.2684959172843054e-05
29,2b4d9ba4a54abbf07a6b,main,5,400,binary,0.8,interaction,superiority_power,0.14,0.05,0.12,1.0,10000,10000,True,4999,100000,power,adjusted,refined_CRT_noise,original_CRT_noise,0.0,0.0,0,0,1.2000000000000219e-07,1.9999999999999893e-07
29,2b4d9ba4a54abbf07a6b,main,5,400,binary,0.8,interaction,superiority_power,0.14,0.05,0.12,1.0,10000,10000,True,4999,100000,power,adjusted,original_R_normal,RT,-0.0006,0.0008366803472057535,32,38,-9.889802323215382e-05,0.0017119252723371673
29,2b4d9ba4a54abbf07a6b,main,5,400,binary,0.8,interaction,superiority_power,0.14,0.05,0.12,1.0,10000,10000,True,4999,100000,power,adjusted,original_R_lattice,RT,-0.0006,0.0008366803472057535,32,38,-9.889802323215382e-05,0.0017119252723371673
29,2b4d9ba4a54abbf07a6b,main,5,400,binary,0.8,interaction,superiority_power,0.14,0.05,0.12,1.0,10000,10000,True,4999,100000,power,adjusted,original_CRT_lattice,original_CRT_data,-0.0007,0.0008306744259938425,31,38,-9.050371235071642e-05,0.0017092070634740857
29,2b4d9ba4a54abbf07a6b,main,5,400,binary,0.8,interaction,superiority_power,0.14,0.05,0.12,1.0,10000,10000,True,4999,100000,power,adjusted,original_S_normal,original_CRT_data,-0.0007,0.0008306744259938425,31,38,-9.050371235071642e-05,0.0017092070634740857
29,2b4d9ba4a54abbf07a6b,main,5,400,binary,0.8,interaction,superiority_power,0.14,0.05,0.12,1.0,10000,10000,True,4999,100000,power,adjusted,refined_R_normal,RT,-0.0008,0.0008366636125708228,31,39,-6.614121570136869e-05,0.0017122711229593485
29,2b4d9ba4a54abbf07a6b,main,5,400,binary,0.8,interaction,superiority_power,0.14,0.05,0.12,1.0,10000,10000,True,4999,100000,power,adjusted,refined_R_lattice,RT,-0.0008,0.0008366636125708228,31,39,-6.614121570136869e-05,0.0017122711229593485
29,2b4d9ba4a54abbf07a6b,main,5,400,binary,0.8,interaction,superiority_power,0.14,0.05,0.12,1.0,10000,10000,True,4999,100000,power,adjusted,refined_CRT_lattice,refined_CRT_data,-0.0009,0.0008426090427949963,31,40,-5.7838753177873345e-05,0.0017094303585654471
29,2b4d9ba4a54abbf07a6b,main,5,400,binary,0.8,interaction,superiority_power,0.14,0.05,0.12,1.0,10000,10000,True,4999,100000,power,adjusted,refined_S_normal,refined_CRT_data,-0.0009,0.0008426090427949963,31,40,-5.7838753177873345e-05,0.0017094303585654471
30,10cb68bb34db2ff283ce,main,5,400,binary,0.8,interaction,noninferiority_null,-0.1,0.025,0.12,1.0,100000,100000,True,4999,100000,type1,unadjusted,refined_S_normal,original_S_normal,3e-05,2.236059033120547e-05,4,1,1.054684034031632e-06,0.0001336896687869157
30,10cb68bb34db2ff283ce,main,5,400,binary,0.8,interaction,noninferiority_null,-0.1,0.025,0.12,1.0,100000,100000,True,4999,100000,type1,unadjusted,refined_R_normal,original_R_normal,2e-05,1.4142064912168937e-05,2,0,1.0523158468891334e-06,0.00013349503690930696
30,10cb68bb34db2ff283ce,main,5,400,binary,0.8,interaction,noninferiority_null,-0.1,0.025,0.12,1.0,100000,100000,True,4999,100000,type1,unadjusted,refined_CRT_data,original_CRT_data,0.0,0.0,0,0,3.799999999999543e-08,4.899999999999948e-07
30,10cb68bb34db2ff283ce,main,5,400,binary,0.8,interaction,noninferiority_null,-0.1,0.025,0.12,1.0,100000,100000,True,4999,100000,type1,unadjusted,refined_R_lattice,original_R_lattice,2e-05,1.4142064912168937e-05,2,0,1.0523158468891334e-06,0.00013349503690930696
30,10cb68bb34db2ff283ce,main,5,400,binary,0.8,interaction,noninferiority_null,-0.1,0.025,0.12,1.0,100000,100000,True,4999,100000,type1,unadjusted,refined_CRT_lattice,original_CRT_lattice,3e-05,2.236059033120547e-05,4,1,1.054684034031632e-06,0.0001336896687869157
30,10cb68bb34db2ff283ce,main,5,400,binary,0.8,interaction,noninferiority_null,-0.1,0.025,0.12,1.0,100000,100000,True,4999,100000,type1,unadjusted,refined_CRT_noise,original_CRT_noise,0.0,0.0,0,0,1.0999999999999986e-07,4.460000000000017e-07
30,10cb68bb34db2ff283ce,main,5,400,binary,0.8,interaction,noninferiority_null,-0.1,0.025,0.12,1.0,100000,100000,True,4999,100000,type1,unadjusted,original_R_normal,RT,-0.00012,0.00013341676806286382,83,95,-0.001472537065508384,0.005170965702781882
30,10cb68bb34db2ff283ce,main,5,400,binary,0.8,interaction,noninferiority_null,-0.1,0.025,0.12,1.0,100000,100000,True,4999,100000,type1,unadjusted,original_R_lattice,RT,-0.00012,0.00013341676806286382,83,95,-0.001472537065508384,0.005170965702781882
30,10cb68bb34db2ff283ce,main,5,400,binary,0.8,interaction,noninferiority_null,-0.1,0.025,0.12,1.0,100000,100000,True,4999,100000,type1,unadjusted,original_CRT_lattice,original_CRT_data,-0.00012,0.0001341642128153406,84,96,-0.0014449788954936315,0.005156900808904972
30,10cb68bb34db2ff283ce,main,5,400,binary,0.8,interaction,noninferiority_null,-0.1,0.025,0.12,1.0,100000,100000,True,4999,100000,type1,unadjusted,original_S_normal,original_CRT_data,-0.00012,0.0001341642128153406,84,96,-0.0014449788954936315,0.005156900808904972
30,10cb68bb34db2ff283ce,main,5,400,binary,0.8,interaction,noninferiority_null,-0.1,0.025,0.12,1.0,100000,100000,True,4999,100000,type1,unadjusted,refined_R_normal,RT,-0.0001,0.00013341693296122498,84,94,-0.0014714847496614949,0.005167031491957186
30,10cb68bb34db2ff283ce,main,5,400,binary,0.8,interaction,noninferiority_null,-0.1,0.025,0.12,1.0,100000,100000,True,4999,100000,type1,unadjusted,refined_R_lattice,RT,-0.0001,0.00013341693296122498,84,94,-0.0014714847496614949,0.005167031491957186
30,10cb68bb34db2ff283ce,main,5,400,binary,0.8,interaction,noninferiority_null,-0.1,0.025,0.12,1.0,100000,100000,True,4999,100000,type1,unadjusted,refined_CRT_lattice,refined_CRT_data,-9e-05,0.00013304170774971284,84,93,-0.0014439622114595996,0.005153848776990687
30,10cb68bb34db2ff283ce,main,5,400,binary,0.8,interaction,noninferiority_null,-0.1,0.025,0.12,1.0,100000,100000,True,4999,100000,type1,unadjusted,refined_S_normal,refined_CRT_data,-9e-05,0.00013304170774971284,84,93,-0.0014439622114595996,0.005153848776990687
30,10cb68bb34db2ff283ce,main,5,400,binary,0.8,interaction,noninferiority_null,-0.1,0.025,0.12,1.0,100000,100000,True,4999,100000,type1,adjusted,refined_S_normal,original_S_normal,-2e-05,1.4142064912168937e-05,0,2,4.6081223010016015e-08,5.945196135780426e-05
30,10cb68bb34db2ff283ce,main,5,400,binary,0.8,interaction,noninferiority_null,-0.1,0.025,0.12,1.0,100000,100000,True,4999,100000,type1,adjusted,refined_R_normal,original_R_normal,-3e-05,1.7320334868009895e-05,0,3,4.4230501040423645e-08,5.9385340283088885e-05
30,10cb68bb34db2ff283ce,main,5,400,binary,0.8,interaction,noninferiority_null,-0.1,0.025,0.12,1.0,100000,100000,True,4999,100000,type1,adjusted,refined_CRT_data,original_CRT_data,0.0,0.0,0,0,-6.0000000000037884e-09,3.659999999999998e-07
30,10cb68bb34db2ff283ce,main,5,400,binary,0.8,interaction,noninferiority_null,-0.1,0.025,0.12,1.0,100000,100000,True,4999,100000,type1,adjusted,refined_R_lattice,original_R_lattice,-3e-05,1.7320334868009895e-05,0,3,4.4230501040423645e-08,5.9385340283088885e-05
30,10cb68bb34db2ff283ce,main,5,400,binary,0.8,interaction,noninferiority_null,-0.1,0.025,0.12,1.0,100000,100000,True,4999,100000,type1,adjusted,refined_CRT_lattice,original_CRT_lattice,-2e-05,1.4142064912168937e-05,0,2,4.6081223010016015e-08,5.945196135780426e-05
30,10cb68bb34db2ff283ce,main,5,400,binary,0.8,interaction,noninferiority_null,-0.1,0.025,0.12,1.0,100000,100000,True,4999,100000,type1,adjusted,refined_CRT_noise,original_CRT_noise,0.0,0.0,0,0,-7.99999999999764e-09,3.5600000000000324e-07
30,10cb68bb34db2ff283ce,main,5,400,binary,0.8,interaction,noninferiority_null,-0.1,0.025,0.12,1.0,100000,100000,True,4999,100000,type1,adjusted,original_R_normal,RT,-9e-05,0.00014106777804013222,95,104,-8.594819903179321e-05,0.004939051412335027
30,10cb68bb34db2ff283ce,main,5,400,binary,0.8,interaction,noninferiority_null,-0.1,0.025,0.12,1.0,100000,100000,True,4999,100000,type1,adjusted,original_R_lattice,RT,-9e-05,0.00014106777804013222,95,104,-8.594819903179321e-05,0.004939051412335027
30,10cb68bb34db2ff283ce,main,5,400,binary,0.8,interaction,noninferiority_null,-0.1,0.025,0.12,1.0,100000,100000,True,4999,100000,type1,adjusted,original_CRT_lattice,original_CRT_data,-0.00011,0.0001403569592174182,93,104,-8.747868005384678e-05,0.004939114609125137
30,10cb68bb34db2ff283ce,main,5,400,binary,0.8,interaction,noninferiority_null,-0.1,0.025,0.12,1.0,100000,100000,True,4999,100000,type1,adjusted,original_S_normal,original_CRT_data,-0.00011,0.0001403569592174182,93,104,-8.747868005384678e-05,0.004939114609125137
30,10cb68bb34db2ff283ce,main,5,400,binary,0.8,interaction,noninferiority_null,-0.1,0.025,0.12,1.0,100000,100000,True,4999,100000,type1,adjusted,refined_R_normal,RT,-0.00012,0.00014071266467713557,93,105,-8.590396853075278e-05,0.004938427981270903
30,10cb68bb34db2ff283ce,main,5,400,binary,0.8,interaction,noninferiority_null,-0.1,0.025,0.12,1.0,100000,100000,True,4999,100000,type1,adjusted,refined_R_lattice,RT,-0.00012,0.00014071266467713557,93,105,-8.590396853075278e-05,0.004938427981270903
30,10cb68bb34db2ff283ce,main,5,400,binary,0.8,interaction,noninferiority_null,-0.1,0.025,0.12,1.0,100000,100000,True,4999,100000,type1,adjusted,refined_CRT_lattice,refined_CRT_data,-0.00013,0.00014106746612986285,93,106,-8.742659883083675e-05,0.004938490164563101
30,10cb68bb34db2ff283ce,main,5,400,binary,0.8,interaction,noninferiority_null,-0.1,0.025,0.12,1.0,100000,100000,True,4999,100000,type1,adjusted,refined_S_normal,refined_CRT_data,-0.00013,0.00014106746612986285,93,106,-8.742659883083675e-05,0.004938490164563101
31,6de8b5abe8a0d117fbb7,main,5,400,binary,0.8,interaction,noninferiority_power,0.05,0.025,0.12,1.0,10000,10000,True,4999,100000,power,unadjusted,refined_S_normal,original_S_normal,0.0004,0.00024492855897159074,5,1,-1.5516457257707503e-05,3.427060241567702e-05
31,6de8b5abe8a0d117fbb7,main,5,400,binary,0.8,interaction,noninferiority_power,0.05,0.025,0.12,1.0,10000,10000,True,4999,100000,power,unadjusted,refined_R_normal,original_R_normal,0.0004,0.0002828285685709985,6,2,-1.556525941342831e-05,3.436095968668279e-05
31,6de8b5abe8a0d117fbb7,main,5,400,binary,0.8,interaction,noninferiority_power,0.05,0.025,0.12,1.0,10000,10000,True,4999,100000,power,unadjusted,refined_CRT_data,original_CRT_data,0.0,0.0,0,0,-8.000000000000012e-08,8.000000000000012e-08
31,6de8b5abe8a0d117fbb7,main,5,400,binary,0.8,interaction,noninferiority_power,0.05,0.025,0.12,1.0,10000,10000,True,4999,100000,power,unadjusted,refined_R_lattice,original_R_lattice,0.0004,0.0002828285685709985,6,2,-1.556525941342831e-05,3.436095968668279e-05
31,6de8b5abe8a0d117fbb7,main,5,400,binary,0.8,interaction,noninferiority_power,0.05,0.025,0.12,1.0,10000,10000,True,4999,100000,power,unadjusted,refined_CRT_lattice,original_CRT_lattice,0.0004,0.00024492855897159074,5,1,-1.5516457257707503e-05,3.427060241567702e-05
31,6de8b5abe8a0d117fbb7,main,5,400,binary,0.8,interaction,noninferiority_power,0.05,0.025,0.12,1.0,10000,10000,True,4999,100000,power,unadjusted,refined_CRT_noise,original_CRT_noise,0.0,0.0,0,0,4.000000000000002e-08,7.999999999999995e-08
31,6de8b5abe8a0d117fbb7,main,5,400,binary,0.8,interaction,noninferiority_power,0.05,0.025,0.12,1.0,10000,10000,True,4999,100000,power,unadjusted,original_R_normal,RT,0.0003,0.0009644086314425228,48,45,-0.00029735618102287543,0.0009692513885399659
31,6de8b5abe8a0d117fbb7,main,5,400,binary,0.8,interaction,noninferiority_power,0.05,0.025,0.12,1.0,10000,10000,True,4999,100000,power,unadjusted,original_R_lattice,RT,0.0003,0.0009644086314425228,48,45,-0.00029735618102287543,0.0009692513885399659
31,6de8b5abe8a0d117fbb7,main,5,400,binary,0.8,interaction,noninferiority_power,0.05,0.025,0.12,1.0,10000,10000,True,4999,100000,power,unadjusted,original_CRT_lattice,original_CRT_data,0.0011,0.0009746660953371365,53,42,-0.0003195363890988116,0.0009665876836909568
31,6de8b5abe8a0d117fbb7,main,5,400,binary,0.8,interaction,noninferiority_power,0.05,0.025,0.12,1.0,10000,10000,True,4999,100000,power,unadjusted,original_S_normal,original_CRT_data,0.0011,0.0009746660953371365,53,42,-0.0003195363890988116,0.0009665876836909568
31,6de8b5abe8a0d117fbb7,main,5,400,binary,0.8,interaction,noninferiority_power,0.05,0.025,0.12,1.0,10000,10000,True,4999,100000,power,unadjusted,refined_R_normal,RT,0.0007,0.0009643878910482232,50,43,-0.00031292144043630377,0.0009720562978196268
31,6de8b5abe8a0d117fbb7,main,5,400,binary,0.8,interaction,noninferiority_power,0.05,0.025,0.12,1.0,10000,10000,True,4999,100000,power,unadjusted,refined_R_lattice,RT,0.0007,0.0009643878910482232,50,43,-0.00031292144043630377,0.0009720562978196268
31,6de8b5abe8a0d117fbb7,main,5,400,binary,0.8,interaction,noninferiority_power,0.05,0.025,0.12,1.0,10000,10000,True,4999,100000,power,unadjusted,refined_CRT_lattice,refined_CRT_data,0.0015,0.0009642966280137456,54,39,-0.00033497284635651905,0.0009695652402962082
31,6de8b5abe8a0d117fbb7,main,5,400,binary,0.8,interaction,noninferiority_power,0.05,0.025,0.12,1.0,10000,10000,True,4999,100000,power,unadjusted,refined_S_normal,refined_CRT_data,0.0015,0.0009642966280137456,54,39,-0.00033497284635651905,0.0009695652402962082
31,6de8b5abe8a0d117fbb7,main,5,400,binary,0.8,interaction,noninferiority_power,0.05,0.025,0.12,1.0,10000,10000,True,4999,100000,power,adjusted,refined_S_normal,original_S_normal,0.0,0.0,0,0,1.4589971128510026e-05,1.4669185191773549e-05
31,6de8b5abe8a0d117fbb7,main,5,400,binary,0.8,interaction,noninferiority_power,0.05,0.025,0.12,1.0,10000,10000,True,4999,100000,power,adjusted,refined_R_normal,original_R_normal,0.0,0.0,0,0,1.4626515382206693e-05,1.4706089582768464e-05
31,6de8b5abe8a0d117fbb7,main,5,400,binary,0.8,interaction,noninferiority_power,0.05,0.025,0.12,1.0,10000,10000,True,4999,100000,power,adjusted,refined_CRT_data,original_CRT_data,0.0,0.0,0,0,-4.336808689942018e-23,7.999999999999982e-08
31,6de8b5abe8a0d117fbb7,main,5,400,binary,0.8,interaction,noninferiority_power,0.05,0.025,0.12,1.0,10000,10000,True,4999,100000,power,adjusted,refined_R_lattice,original_R_lattice,0.0,0.0,0,0,1.4626515382206693e-05,1.4706089582768464e-05
31,6de8b5abe8a0d117fbb7,main,5,400,binary,0.8,interaction,noninferiority_power,0.05,0.025,0.12,1.0,10000,10000,True,4999,100000,power,adjusted,refined_CRT_lattice,original_CRT_lattice,0.0,0.0,0,0,1.4589971128510026e-05,1.4669185191773549e-05
31,6de8b5abe8a0d117fbb7,main,5,400,binary,0.8,interaction,noninferiority_power,0.05,0.025,0.12,1.0,10000,10000,True,4999,100000,power,adjusted,refined_CRT_noise,original_CRT_noise,0.0,0.0,0,0,9.999999999999931e-08,1.3999999999999906e-07
31,6de8b5abe8a0d117fbb7,main,5,400,binary,0.8,interaction,noninferiority_power,0.05,0.025,0.12,1.0,10000,10000,True,4999,100000,power,adjusted,original_R_normal,RT,0.0017,0.0009218437934910445,51,34,-0.0002015247646348196,0.0009513062388708624
31,6de8b5abe8a0d117fbb7,main,5,400,binary,0.8,interaction,noninferiority_power,0.05,0.025,0.12,1.0,10000,10000,True,4999,100000,power,adjusted,original_R_lattice,RT,0.0017,0.0009218437934910445,51,34,-0.0002015247646348196,0.0009513062388708624
31,6de8b5abe8a0d117fbb7,main,5,400,binary,0.8,interaction,noninferiority_power,0.05,0.025,0.12,1.0,10000,10000,True,4999,100000,power,adjusted,original_CRT_lattice,original_CRT_data,0.0014,0.0009054755593603064,48,34,-0.00020294141260375706,0.0009480557274094886
31,6de8b5abe8a0d117fbb7,main,5,400,binary,0.8,interaction,noninferiority_power,0.05,0.025,0.12,1.0,10000,10000,True,4999,100000,power,adjusted,original_S_normal,original_CRT_data,0.0014,0.0009054755593603064,48,34,-0.00020294141260375706,0.0009480557274094886
31,6de8b5abe8a0d117fbb7,main,5,400,binary,0.8,interaction,noninferiority_power,0.05,0.025,0.12,1.0,10000,10000,True,4999,100000,power,adjusted,refined_R_normal,RT,0.0017,0.0009218437934910445,51,34,-0.0001868982492526129,0.000950398829677766
31,6de8b5abe8a0d117fbb7,main,5,400,binary,0.8,interaction,noninferiority_power,0.05,0.025,0.12,1.0,10000,10000,True,4999,100000,power,adjusted,refined_R_lattice,RT,0.0017,0.0009218437934910445,51,34,-0.0001868982492526129,0.000950398829677766
31,6de8b5abe8a0d117fbb7,main,5,400,binary,0.8,interaction,noninferiority_power,0.05,0.025,0.12,1.0,10000,10000,True,4999,100000,power,adjusted,refined_CRT_lattice,refined_CRT_data,0.0014,0.0009054755593603064,48,34,-0.00018835144147524705,0.0009472278525084672
31,6de8b5abe8a0d117fbb7,main,5,400,binary,0.8,interaction,noninferiority_power,0.05,0.025,0.12,1.0,10000,10000,True,4999,100000,power,adjusted,refined_S_normal,refined_CRT_data,0.0014,0.0009054755593603064,48,34,-0.00018835144147524705,0.0009472278525084672
