index,id,group,F,n,outcome,pbc,direction,role,delta,alpha,actual_amplitude,feasibility_scale,n_trials,expected_trials,complete,reference_draws,calibration_replicates,evaluation,score,method,rejections,rate,mcse,ci_lower,ci_upper,difference_from_nominal,note
0,11346d1fe5a61b9b84ea,main,2,200,continuous,0.8,first_factor,superiority_null,0.0,0.05,0.5,1.0,100000,100000,True,4999,100000,type1,unadjusted,RT,4866,0.04866,0.0006803837476013077,0.04734372264580542,0.05001095210266105,-0.001340000000000001,null rejection probability
0,11346d1fe5a61b9b84ea,main,2,200,continuous,0.8,first_factor,superiority_null,0.0,0.05,0.5,1.0,100000,100000,True,4999,100000,type1,unadjusted,original_S_normal,4888,0.04888,0.0006818412249197023,0.04756085799722,0.05023379984947693,-0.001120000000000003,null rejection probability
0,11346d1fe5a61b9b84ea,main,2,200,continuous,0.8,first_factor,superiority_null,0.0,0.05,0.5,1.0,100000,100000,True,4999,100000,type1,unadjusted,refined_S_normal,4903,0.04903,0.0006828327694245495,0.0477089091187804,0.05038573720398274,-0.0009700000000000056,null rejection probability
0,11346d1fe5a61b9b84ea,main,2,200,continuous,0.8,first_factor,superiority_null,0.0,0.05,0.5,1.0,100000,100000,True,4999,100000,type1,unadjusted,original_R_normal,4805,0.04805,0.0006763223898408214,0.046741705056482535,0.04939301655598129,-0.0019500000000000003,null rejection probability
0,11346d1fe5a61b9b84ea,main,2,200,continuous,0.8,first_factor,superiority_null,0.0,0.05,0.5,1.0,100000,100000,True,4999,100000,type1,unadjusted,refined_R_normal,4816,0.04816,0.0006770569724919757,0.04685026128175497,0.04950445187982408,-0.0018400000000000014,null rejection probability
0,11346d1fe5a61b9b84ea,main,2,200,continuous,0.8,first_factor,superiority_null,0.0,0.05,0.5,1.0,100000,100000,True,4999,100000,type1,unadjusted,original_CRT_data,4945,0.04945,0.0006855997192239798,0.04812347062778198,0.05081114342796661,-0.0005500000000000019,null rejection probability
0,11346d1fe5a61b9b84ea,main,2,200,continuous,0.8,first_factor,superiority_null,0.0,0.05,0.5,1.0,100000,100000,True,4999,100000,type1,unadjusted,refined_CRT_data,4947,0.04947,0.0006857311360876069,0.04814321232339675,0.05083140019582733,-0.0005300000000000027,null rejection probability
0,11346d1fe5a61b9b84ea,main,2,200,continuous,0.8,first_factor,superiority_null,0.0,0.05,0.5,1.0,100000,100000,True,4999,100000,type1,unadjusted,original_R_lattice,4805,0.04805,0.0006763223898408214,0.046741705056482535,0.04939301655598129,-0.0019500000000000003,null rejection probability
0,11346d1fe5a61b9b84ea,main,2,200,continuous,0.8,first_factor,superiority_null,0.0,0.05,0.5,1.0,100000,100000,True,4999,100000,type1,unadjusted,refined_R_lattice,4816,0.04816,0.0006770569724919757,0.04685026128175497,0.04950445187982408,-0.0018400000000000014,null rejection probability
0,11346d1fe5a61b9b84ea,main,2,200,continuous,0.8,first_factor,superiority_null,0.0,0.05,0.5,1.0,100000,100000,True,4999,100000,type1,unadjusted,original_CRT_lattice,4888,0.04888,0.0006818412249197023,0.04756085799722,0.05023379984947693,-0.001120000000000003,null rejection probability
0,11346d1fe5a61b9b84ea,main,2,200,continuous,0.8,first_factor,superiority_null,0.0,0.05,0.5,1.0,100000,100000,True,4999,100000,type1,unadjusted,refined_CRT_lattice,4903,0.04903,0.0006828327694245495,0.0477089091187804,0.05038573720398274,-0.0009700000000000056,null rejection probability
0,11346d1fe5a61b9b84ea,main,2,200,continuous,0.8,first_factor,superiority_null,0.0,0.05,0.5,1.0,100000,100000,True,4999,100000,type1,unadjusted,original_CRT_noise,4913,0.04913,0.0006834928170800334,0.04780761179060553,0.050487026849535106,-0.0008700000000000027,null rejection probability
0,11346d1fe5a61b9b84ea,main,2,200,continuous,0.8,first_factor,superiority_null,0.0,0.05,0.5,1.0,100000,100000,True,4999,100000,type1,unadjusted,refined_CRT_noise,4913,0.04913,0.0006834928170800334,0.04780761179060553,0.050487026849535106,-0.0008700000000000027,null rejection probability
0,11346d1fe5a61b9b84ea,main,2,200,continuous,0.8,first_factor,superiority_null,0.0,0.05,0.5,1.0,100000,100000,True,4999,100000,type1,adjusted,RT,4886,0.04886,0.0006817088850821881,0.04754111811004349,0.050213541273177946,-0.0011400000000000021,null rejection probability
0,11346d1fe5a61b9b84ea,main,2,200,continuous,0.8,first_factor,superiority_null,0.0,0.05,0.5,1.0,100000,100000,True,4999,100000,type1,adjusted,original_S_normal,4948,0.04948,0.000685796832888575,0.048153083193993196,0.050841528556968635,-0.0005199999999999996,null rejection probability
0,11346d1fe5a61b9b84ea,main,2,200,continuous,0.8,first_factor,superiority_null,0.0,0.05,0.5,1.0,100000,100000,True,4999,100000,type1,adjusted,refined_S_normal,4948,0.04948,0.000685796832888575,0.048153083193993196,0.050841528556968635,-0.0005199999999999996,null rejection probability
0,11346d1fe5a61b9b84ea,main,2,200,continuous,0.8,first_factor,superiority_null,0.0,0.05,0.5,1.0,100000,100000,True,4999,100000,type1,adjusted,original_R_normal,4861,0.04861,0.0006800519678671624,0.0472943747503396,0.04996030383943812,-0.0013900000000000023,null rejection probability
0,11346d1fe5a61b9b84ea,main,2,200,continuous,0.8,first_factor,superiority_null,0.0,0.05,0.5,1.0,100000,100000,True,4999,100000,type1,adjusted,refined_R_normal,4861,0.04861,0.0006800519678671624,0.0472943747503396,0.04996030383943812,-0.0013900000000000023,null rejection probability
0,11346d1fe5a61b9b84ea,main,2,200,continuous,0.8,first_factor,superiority_null,0.0,0.05,0.5,1.0,100000,100000,True,4999,100000,type1,adjusted,original_CRT_data,4972,0.04972,0.0006873712359416852,0.04838998863436722,0.051084604678300574,-0.00028000000000000247,null rejection probability
0,11346d1fe5a61b9b84ea,main,2,200,continuous,0.8,first_factor,superiority_null,0.0,0.05,0.5,1.0,100000,100000,True,4999,100000,type1,adjusted,refined_CRT_data,4972,0.04972,0.0006873712359416852,0.04838998863436722,0.051084604678300574,-0.00028000000000000247,null rejection probability
0,11346d1fe5a61b9b84ea,main,2,200,continuous,0.8,first_factor,superiority_null,0.0,0.05,0.5,1.0,100000,100000,True,4999,100000,type1,adjusted,original_R_lattice,4861,0.04861,0.0006800519678671624,0.0472943747503396,0.04996030383943812,-0.0013900000000000023,null rejection probability
0,11346d1fe5a61b9b84ea,main,2,200,continuous,0.8,first_factor,superiority_null,0.0,0.05,0.5,1.0,100000,100000,True,4999,100000,type1,adjusted,refined_R_lattice,4861,0.04861,0.0006800519678671624,0.0472943747503396,0.04996030383943812,-0.0013900000000000023,null rejection probability
0,11346d1fe5a61b9b84ea,main,2,200,continuous,0.8,first_factor,superiority_null,0.0,0.05,0.5,1.0,100000,100000,True,4999,100000,type1,adjusted,original_CRT_lattice,4948,0.04948,0.000685796832888575,0.048153083193993196,0.050841528556968635,-0.0005199999999999996,null rejection probability
0,11346d1fe5a61b9b84ea,main,2,200,continuous,0.8,first_factor,superiority_null,0.0,0.05,0.5,1.0,100000,100000,True,4999,100000,type1,adjusted,refined_CRT_lattice,4948,0.04948,0.000685796832888575,0.048153083193993196,0.050841528556968635,-0.0005199999999999996,null rejection probability
0,11346d1fe5a61b9b84ea,main,2,200,continuous,0.8,first_factor,superiority_null,0.0,0.05,0.5,1.0,100000,100000,True,4999,100000,type1,adjusted,original_CRT_noise,4944,0.04944,0.0006855339991568616,0.04811359980277238,0.050801015021238446,-0.0005600000000000049,null rejection probability
0,11346d1fe5a61b9b84ea,main,2,200,continuous,0.8,first_factor,superiority_null,0.0,0.05,0.5,1.0,100000,100000,True,4999,100000,type1,adjusted,refined_CRT_noise,4944,0.04944,0.0006855339991568616,0.04811359980277238,0.050801015021238446,-0.0005600000000000049,null rejection probability
1,dda485d0da7818c42138,main,2,200,continuous,0.8,first_factor,superiority_power,0.43,0.05,0.5,1.0,10000,10000,True,4999,100000,power,unadjusted,RT,8103,0.8103,0.0039206365554588195,0.8024970904401808,0.8178646001709774,nan,power under fixed alternative
1,dda485d0da7818c42138,main,2,200,continuous,0.8,first_factor,superiority_power,0.43,0.05,0.5,1.0,10000,10000,True,4999,100000,power,unadjusted,original_S_normal,8112,0.8112,0.003913496646223169,0.8034107290571689,0.8187502703569219,nan,power under fixed alternative
1,dda485d0da7818c42138,main,2,200,continuous,0.8,first_factor,superiority_power,0.43,0.05,0.5,1.0,10000,10000,True,4999,100000,power,unadjusted,refined_S_normal,8116,0.8116,0.003910312519479741,0.8038168118785356,0.8191438803368587,nan,power under fixed alternative
1,dda485d0da7818c42138,main,2,200,continuous,0.8,first_factor,superiority_power,0.43,0.05,0.5,1.0,10000,10000,True,4999,100000,power,unadjusted,original_R_normal,8097,0.8097,0.003925377816210817,0.8018880346042135,0.8172741168049892,nan,power under fixed alternative
1,dda485d0da7818c42138,main,2,200,continuous,0.8,first_factor,superiority_power,0.43,0.05,0.5,1.0,10000,10000,True,4999,100000,power,unadjusted,refined_R_normal,8094,0.8094,0.0039277428632740205,0.8015835176190952,0.8169788641891301,nan,power under fixed alternative
1,dda485d0da7818c42138,main,2,200,continuous,0.8,first_factor,superiority_power,0.43,0.05,0.5,1.0,10000,10000,True,4999,100000,power,unadjusted,original_CRT_data,8131,0.8131,0.003898312327148762,0.8053397393915668,0.8206198008287157,nan,power under fixed alternative
1,dda485d0da7818c42138,main,2,200,continuous,0.8,first_factor,superiority_power,0.43,0.05,0.5,1.0,10000,10000,True,4999,100000,power,unadjusted,refined_CRT_data,8131,0.8131,0.003898312327148762,0.8053397393915668,0.8206198008287157,nan,power under fixed alternative
1,dda485d0da7818c42138,main,2,200,continuous,0.8,first_factor,superiority_power,0.43,0.05,0.5,1.0,10000,10000,True,4999,100000,power,unadjusted,original_R_lattice,8097,0.8097,0.003925377816210817,0.8018880346042135,0.8172741168049892,nan,power under fixed alternative
1,dda485d0da7818c42138,main,2,200,continuous,0.8,first_factor,superiority_power,0.43,0.05,0.5,1.0,10000,10000,True,4999,100000,power,unadjusted,refined_R_lattice,8094,0.8094,0.0039277428632740205,0.8015835176190952,0.8169788641891301,nan,power under fixed alternative
1,dda485d0da7818c42138,main,2,200,continuous,0.8,first_factor,superiority_power,0.43,0.05,0.5,1.0,10000,10000,True,4999,100000,power,unadjusted,original_CRT_lattice,8112,0.8112,0.003913496646223169,0.8034107290571689,0.8187502703569219,nan,power under fixed alternative
1,dda485d0da7818c42138,main,2,200,continuous,0.8,first_factor,superiority_power,0.43,0.05,0.5,1.0,10000,10000,True,4999,100000,power,unadjusted,refined_CRT_lattice,8116,0.8116,0.003910312519479741,0.8038168118785356,0.8191438803368587,nan,power under fixed alternative
1,dda485d0da7818c42138,main,2,200,continuous,0.8,first_factor,superiority_power,0.43,0.05,0.5,1.0,10000,10000,True,4999,100000,power,unadjusted,original_CRT_noise,8126,0.8126,0.0039023228979673122,0.8048320763139051,0.8201278479047479,nan,power under fixed alternative
1,dda485d0da7818c42138,main,2,200,continuous,0.8,first_factor,superiority_power,0.43,0.05,0.5,1.0,10000,10000,True,4999,100000,power,unadjusted,refined_CRT_noise,8126,0.8126,0.0039023228979673122,0.8048320763139051,0.8201278479047479,nan,power under fixed alternative
1,dda485d0da7818c42138,main,2,200,continuous,0.8,first_factor,superiority_power,0.43,0.05,0.5,1.0,10000,10000,True,4999,100000,power,adjusted,RT,8194,0.8194,0.0038468641774827457,0.811738085741125,0.8268166160996867,nan,power under fixed alternative
1,dda485d0da7818c42138,main,2,200,continuous,0.8,first_factor,superiority_power,0.43,0.05,0.5,1.0,10000,10000,True,4999,100000,power,adjusted,original_S_normal,8181,0.8181,0.0038576208989479508,0.8104175170641101,0.8255381831724655,nan,power under fixed alternative
1,dda485d0da7818c42138,main,2,200,continuous,0.8,first_factor,superiority_power,0.43,0.05,0.5,1.0,10000,10000,True,4999,100000,power,adjusted,refined_S_normal,8181,0.8181,0.0038576208989479508,0.8104175170641101,0.8255381831724655,nan,power under fixed alternative
1,dda485d0da7818c42138,main,2,200,continuous,0.8,first_factor,superiority_power,0.43,0.05,0.5,1.0,10000,10000,True,4999,100000,power,adjusted,original_R_normal,8152,0.8152,0.0038813523416458854,0.8074721506511325,0.8226857767759929,nan,power under fixed alternative
1,dda485d0da7818c42138,main,2,200,continuous,0.8,first_factor,superiority_power,0.43,0.05,0.5,1.0,10000,10000,True,4999,100000,power,adjusted,refined_R_normal,8152,0.8152,0.0038813523416458854,0.8074721506511325,0.8226857767759929,nan,power under fixed alternative
1,dda485d0da7818c42138,main,2,200,continuous,0.8,first_factor,superiority_power,0.43,0.05,0.5,1.0,10000,10000,True,4999,100000,power,adjusted,original_CRT_data,8222,0.8222,0.0038234429510586396,0.814582882705109,0.829569668744827,nan,power under fixed alternative
1,dda485d0da7818c42138,main,2,200,continuous,0.8,first_factor,superiority_power,0.43,0.05,0.5,1.0,10000,10000,True,4999,100000,power,adjusted,refined_CRT_data,8222,0.8222,0.0038234429510586396,0.814582882705109,0.829569668744827,nan,power under fixed alternative
1,dda485d0da7818c42138,main,2,200,continuous,0.8,first_factor,superiority_power,0.43,0.05,0.5,1.0,10000,10000,True,4999,100000,power,adjusted,original_R_lattice,8152,0.8152,0.0038813523416458854,0.8074721506511325,0.8226857767759929,nan,power under fixed alternative
1,dda485d0da7818c42138,main,2,200,continuous,0.8,first_factor,superiority_power,0.43,0.05,0.5,1.0,10000,10000,True,4999,100000,power,adjusted,refined_R_lattice,8152,0.8152,0.0038813523416458854,0.8074721506511325,0.8226857767759929,nan,power under fixed alternative
1,dda485d0da7818c42138,main,2,200,continuous,0.8,first_factor,superiority_power,0.43,0.05,0.5,1.0,10000,10000,True,4999,100000,power,adjusted,original_CRT_lattice,8181,0.8181,0.0038576208989479508,0.8104175170641101,0.8255381831724655,nan,power under fixed alternative
1,dda485d0da7818c42138,main,2,200,continuous,0.8,first_factor,superiority_power,0.43,0.05,0.5,1.0,10000,10000,True,4999,100000,power,adjusted,refined_CRT_lattice,8181,0.8181,0.0038576208989479508,0.8104175170641101,0.8255381831724655,nan,power under fixed alternative
1,dda485d0da7818c42138,main,2,200,continuous,0.8,first_factor,superiority_power,0.43,0.05,0.5,1.0,10000,10000,True,4999,100000,power,adjusted,original_CRT_noise,8219,0.8219,0.0038259690275798106,0.8142780504105684,0.8292747314383899,nan,power under fixed alternative
1,dda485d0da7818c42138,main,2,200,continuous,0.8,first_factor,superiority_power,0.43,0.05,0.5,1.0,10000,10000,True,4999,100000,power,adjusted,refined_CRT_noise,8219,0.8219,0.0038259690275798106,0.8142780504105684,0.8292747314383899,nan,power under fixed alternative
2,df8c15feef85cacf23f3,main,2,200,continuous,0.8,first_factor,noninferiority_null,-0.2,0.025,0.5,1.0,100000,100000,True,4999,100000,type1,unadjusted,RT,2533,0.02533,0.0004968741399992557,0.02437422615523619,0.026322240949063394,0.00032999999999999696,null rejection probability
2,df8c15feef85cacf23f3,main,2,200,continuous,0.8,first_factor,noninferiority_null,-0.2,0.025,0.5,1.0,100000,100000,True,4999,100000,type1,unadjusted,original_S_normal,2505,0.02505,0.0004941912332285955,0.02409949408160489,0.026036994534037745,4.999999999999796e-05,null rejection probability
2,df8c15feef85cacf23f3,main,2,200,continuous,0.8,first_factor,noninferiority_null,-0.2,0.025,0.5,1.0,100000,100000,True,4999,100000,type1,unadjusted,refined_S_normal,2509,0.02509,0.0004945754937317457,0.024138739585177336,0.02607774595741629,8.99999999999998e-05,null rejection probability
2,df8c15feef85cacf23f3,main,2,200,continuous,0.8,first_factor,noninferiority_null,-0.2,0.025,0.5,1.0,100000,100000,True,4999,100000,type1,unadjusted,original_R_normal,2471,0.02471,0.0004909115592446362,0.02376593366616648,0.02569058107039271,-0.00029000000000000206,null rejection probability
2,df8c15feef85cacf23f3,main,2,200,continuous,0.8,first_factor,noninferiority_null,-0.2,0.025,0.5,1.0,100000,100000,True,4999,100000,type1,unadjusted,refined_R_normal,2480,0.0248,0.0004917820655534319,0.023854224452749387,0.025782283369449537,-0.00020000000000000226,null rejection probability
2,df8c15feef85cacf23f3,main,2,200,continuous,0.8,first_factor,noninferiority_null,-0.2,0.025,0.5,1.0,100000,100000,True,4999,100000,type1,unadjusted,original_CRT_data,2574,0.02574,0.0005007739250400324,0.024776568735807785,0.02673986686973948,0.0007399999999999976,null rejection probability
2,df8c15feef85cacf23f3,main,2,200,continuous,0.8,first_factor,noninferiority_null,-0.2,0.025,0.5,1.0,100000,100000,True,4999,100000,type1,unadjusted,refined_CRT_data,2574,0.02574,0.0005007739250400324,0.024776568735807785,0.02673986686973948,0.0007399999999999976,null rejection probability
2,df8c15feef85cacf23f3,main,2,200,continuous,0.8,first_factor,noninferiority_null,-0.2,0.025,0.5,1.0,100000,100000,True,4999,100000,type1,unadjusted,original_R_lattice,2471,0.02471,0.0004909115592446362,0.02376593366616648,0.02569058107039271,-0.00029000000000000206,null rejection probability
2,df8c15feef85cacf23f3,main,2,200,continuous,0.8,first_factor,noninferiority_null,-0.2,0.025,0.5,1.0,100000,100000,True,4999,100000,type1,unadjusted,refined_R_lattice,2480,0.0248,0.0004917820655534319,0.023854224452749387,0.025782283369449537,-0.00020000000000000226,null rejection probability
2,df8c15feef85cacf23f3,main,2,200,continuous,0.8,first_factor,noninferiority_null,-0.2,0.025,0.5,1.0,100000,100000,True,4999,100000,type1,unadjusted,original_CRT_lattice,2505,0.02505,0.0004941912332285955,0.02409949408160489,0.026036994534037745,4.999999999999796e-05,null rejection probability
2,df8c15feef85cacf23f3,main,2,200,continuous,0.8,first_factor,noninferiority_null,-0.2,0.025,0.5,1.0,100000,100000,True,4999,100000,type1,unadjusted,refined_CRT_lattice,2509,0.02509,0.0004945754937317457,0.024138739585177336,0.02607774595741629,8.99999999999998e-05,null rejection probability
2,df8c15feef85cacf23f3,main,2,200,continuous,0.8,first_factor,noninferiority_null,-0.2,0.025,0.5,1.0,100000,100000,True,4999,100000,type1,unadjusted,original_CRT_noise,2560,0.0256,0.0004994460931872428,0.02463917601679403,0.026597270344424766,0.0005999999999999998,null rejection probability
2,df8c15feef85cacf23f3,main,2,200,continuous,0.8,first_factor,noninferiority_null,-0.2,0.025,0.5,1.0,100000,100000,True,4999,100000,type1,unadjusted,refined_CRT_noise,2561,0.02561,0.0004995410683817698,0.024648989527667534,0.02660745606528901,0.0006099999999999994,null rejection probability
2,df8c15feef85cacf23f3,main,2,200,continuous,0.8,first_factor,noninferiority_null,-0.2,0.025,0.5,1.0,100000,100000,True,4999,100000,type1,adjusted,RT,2521,0.02521,0.0004957262944407932,0.024256479975909215,0.026199996347537394,0.00020999999999999838,null rejection probability
2,df8c15feef85cacf23f3,main,2,200,continuous,0.8,first_factor,noninferiority_null,-0.2,0.025,0.5,1.0,100000,100000,True,4999,100000,type1,adjusted,original_S_normal,2524,0.02524,0.0004960135320734707,0.024285915979631124,0.026230558039028726,0.00023999999999999716,null rejection probability
2,df8c15feef85cacf23f3,main,2,200,continuous,0.8,first_factor,noninferiority_null,-0.2,0.025,0.5,1.0,100000,100000,True,4999,100000,type1,adjusted,refined_S_normal,2524,0.02524,0.0004960135320734707,0.024285915979631124,0.026230558039028726,0.00023999999999999716,null rejection probability
2,df8c15feef85cacf23f3,main,2,200,continuous,0.8,first_factor,noninferiority_null,-0.2,0.025,0.5,1.0,100000,100000,True,4999,100000,type1,adjusted,original_R_normal,2489,0.02489,0.0004926508692776254,0.023942518574350126,0.025873982333488532,-0.00011000000000000246,null rejection probability
2,df8c15feef85cacf23f3,main,2,200,continuous,0.8,first_factor,noninferiority_null,-0.2,0.025,0.5,1.0,100000,100000,True,4999,100000,type1,adjusted,refined_R_normal,2488,0.02488,0.0004925544193284636,0.02393270795225105,0.02586379372384986,-0.00012000000000000205,null rejection probability
2,df8c15feef85cacf23f3,main,2,200,continuous,0.8,first_factor,noninferiority_null,-0.2,0.025,0.5,1.0,100000,100000,True,4999,100000,type1,adjusted,original_CRT_data,2569,0.02569,0.0005003001489106314,0.024727499027028546,0.026688940419829985,0.0006899999999999996,null rejection probability
2,df8c15feef85cacf23f3,main,2,200,continuous,0.8,first_factor,noninferiority_null,-0.2,0.025,0.5,1.0,100000,100000,True,4999,100000,type1,adjusted,refined_CRT_data,2569,0.02569,0.0005003001489106314,0.024727499027028546,0.026688940419829985,0.0006899999999999996,null rejection probability
2,df8c15feef85cacf23f3,main,2,200,continuous,0.8,first_factor,noninferiority_null,-0.2,0.025,0.5,1.0,100000,100000,True,4999,100000,type1,adjusted,original_R_lattice,2489,0.02489,0.0004926508692776254,0.023942518574350126,0.025873982333488532,-0.00011000000000000246,null rejection probability
2,df8c15feef85cacf23f3,main,2,200,continuous,0.8,first_factor,noninferiority_null,-0.2,0.025,0.5,1.0,100000,100000,True,4999,100000,type1,adjusted,refined_R_lattice,2488,0.02488,0.0004925544193284636,0.02393270795225105,0.02586379372384986,-0.00012000000000000205,null rejection probability
2,df8c15feef85cacf23f3,main,2,200,continuous,0.8,first_factor,noninferiority_null,-0.2,0.025,0.5,1.0,100000,100000,True,4999,100000,type1,adjusted,original_CRT_lattice,2524,0.02524,0.0004960135320734707,0.024285915979631124,0.026230558039028726,0.00023999999999999716,null rejection probability
2,df8c15feef85cacf23f3,main,2,200,continuous,0.8,first_factor,noninferiority_null,-0.2,0.025,0.5,1.0,100000,100000,True,4999,100000,type1,adjusted,refined_CRT_lattice,2524,0.02524,0.0004960135320734707,0.024285915979631124,0.026230558039028726,0.00023999999999999716,null rejection probability
2,df8c15feef85cacf23f3,main,2,200,continuous,0.8,first_factor,noninferiority_null,-0.2,0.025,0.5,1.0,100000,100000,True,4999,100000,type1,adjusted,original_CRT_noise,2552,0.02552,0.0004986855682692252,0.024560669346749966,0.026515783160566842,0.0005199999999999996,null rejection probability
2,df8c15feef85cacf23f3,main,2,200,continuous,0.8,first_factor,noninferiority_null,-0.2,0.025,0.5,1.0,100000,100000,True,4999,100000,type1,adjusted,refined_CRT_noise,2552,0.02552,0.0004986855682692252,0.024560669346749966,0.026515783160566842,0.0005199999999999996,null rejection probability
3,7b5f35f69b7938a0c8d3,main,2,200,continuous,0.8,first_factor,noninferiority_power,0.23,0.025,0.5,1.0,10000,10000,True,4999,100000,power,unadjusted,RT,8193,0.8193,0.0038476942446093606,0.8116364983913462,0.8267182802491397,nan,power under fixed alternative
3,7b5f35f69b7938a0c8d3,main,2,200,continuous,0.8,first_factor,noninferiority_power,0.23,0.025,0.5,1.0,10000,10000,True,4999,100000,power,unadjusted,original_S_normal,8217,0.8217,0.003827650846145714,0.8140748332520896,0.8290781021962169,nan,power under fixed alternative
3,7b5f35f69b7938a0c8d3,main,2,200,continuous,0.8,first_factor,noninferiority_power,0.23,0.025,0.5,1.0,10000,10000,True,4999,100000,power,unadjusted,refined_S_normal,8221,0.8221,0.0038242854234484115,0.81448127106525,0.8294713571843602,nan,power under fixed alternative
3,7b5f35f69b7938a0c8d3,main,2,200,continuous,0.8,first_factor,noninferiority_power,0.23,0.025,0.5,1.0,10000,10000,True,4999,100000,power,unadjusted,original_R_normal,8186,0.8186,0.0038534924419284904,0.8109254109733182,0.8260299052648867,nan,power under fixed alternative
3,7b5f35f69b7938a0c8d3,main,2,200,continuous,0.8,first_factor,noninferiority_power,0.23,0.025,0.5,1.0,10000,10000,True,4999,100000,power,unadjusted,refined_R_normal,8187,0.8187,0.0038526654409642164,0.8110269923193644,0.8261282471191663,nan,power under fixed alternative
3,7b5f35f69b7938a0c8d3,main,2,200,continuous,0.8,first_factor,noninferiority_power,0.23,0.025,0.5,1.0,10000,10000,True,4999,100000,power,unadjusted,original_CRT_data,8228,0.8228,0.0038183787135379855,0.8151925709560016,0.8301595196958894,nan,power under fixed alternative
3,7b5f35f69b7938a0c8d3,main,2,200,continuous,0.8,first_factor,noninferiority_power,0.23,0.025,0.5,1.0,10000,10000,True,4999,100000,power,unadjusted,refined_CRT_data,8228,0.8228,0.0038183787135379855,0.8151925709560016,0.8301595196958894,nan,power under fixed alternative
3,7b5f35f69b7938a0c8d3,main,2,200,continuous,0.8,first_factor,noninferiority_power,0.23,0.025,0.5,1.0,10000,10000,True,4999,100000,power,unadjusted,original_R_lattice,8186,0.8186,0.0038534924419284904,0.8109254109733182,0.8260299052648867,nan,power under fixed alternative
3,7b5f35f69b7938a0c8d3,main,2,200,continuous,0.8,first_factor,noninferiority_power,0.23,0.025,0.5,1.0,10000,10000,True,4999,100000,power,unadjusted,refined_R_lattice,8187,0.8187,0.0038526654409642164,0.8110269923193644,0.8261282471191663,nan,power under fixed alternative
3,7b5f35f69b7938a0c8d3,main,2,200,continuous,0.8,first_factor,noninferiority_power,0.23,0.025,0.5,1.0,10000,10000,True,4999,100000,power,unadjusted,original_CRT_lattice,8217,0.8217,0.003827650846145714,0.8140748332520896,0.8290781021962169,nan,power under fixed alternative
3,7b5f35f69b7938a0c8d3,main,2,200,continuous,0.8,first_factor,noninferiority_power,0.23,0.025,0.5,1.0,10000,10000,True,4999,100000,power,unadjusted,refined_CRT_lattice,8221,0.8221,0.0038242854234484115,0.81448127106525,0.8294713571843602,nan,power under fixed alternative
3,7b5f35f69b7938a0c8d3,main,2,200,continuous,0.8,first_factor,noninferiority_power,0.23,0.025,0.5,1.0,10000,10000,True,4999,100000,power,unadjusted,original_CRT_noise,8223,0.8223,0.003822600031392246,0.8146844952207509,0.8296679794295109,nan,power under fixed alternative
3,7b5f35f69b7938a0c8d3,main,2,200,continuous,0.8,first_factor,noninferiority_power,0.23,0.025,0.5,1.0,10000,10000,True,4999,100000,power,unadjusted,refined_CRT_noise,8223,0.8223,0.003822600031392246,0.8146844952207509,0.8296679794295109,nan,power under fixed alternative
3,7b5f35f69b7938a0c8d3,main,2,200,continuous,0.8,first_factor,noninferiority_power,0.23,0.025,0.5,1.0,10000,10000,True,4999,100000,power,adjusted,RT,8249,0.8249,0.0038005261477853302,0.8173267299413018,0.8322237479174324,nan,power under fixed alternative
3,7b5f35f69b7938a0c8d3,main,2,200,continuous,0.8,first_factor,noninferiority_power,0.23,0.025,0.5,1.0,10000,10000,True,4999,100000,power,adjusted,original_S_normal,8271,0.8271,0.0037816079913179797,0.819562937434604,0.8343858508312992,nan,power under fixed alternative
3,7b5f35f69b7938a0c8d3,main,2,200,continuous,0.8,first_factor,noninferiority_power,0.23,0.025,0.5,1.0,10000,10000,True,4999,100000,power,adjusted,refined_S_normal,8270,0.827,0.0037824727361872685,0.8194612821849343,0.8342875828806431,nan,power under fixed alternative
3,7b5f35f69b7938a0c8d3,main,2,200,continuous,0.8,first_factor,noninferiority_power,0.23,0.025,0.5,1.0,10000,10000,True,4999,100000,power,adjusted,original_R_normal,8242,0.8242,0.0038064991790357707,0.8166153001918401,0.8315357152646132,nan,power under fixed alternative
3,7b5f35f69b7938a0c8d3,main,2,200,continuous,0.8,first_factor,noninferiority_power,0.23,0.025,0.5,1.0,10000,10000,True,4999,100000,power,adjusted,refined_R_normal,8242,0.8242,0.0038064991790357707,0.8166153001918401,0.8315357152646132,nan,power under fixed alternative
3,7b5f35f69b7938a0c8d3,main,2,200,continuous,0.8,first_factor,noninferiority_power,0.23,0.025,0.5,1.0,10000,10000,True,4999,100000,power,adjusted,original_CRT_data,8275,0.8275,0.0037781443858063445,0.8199695674910137,0.8347789135761932,nan,power under fixed alternative
3,7b5f35f69b7938a0c8d3,main,2,200,continuous,0.8,first_factor,noninferiority_power,0.23,0.025,0.5,1.0,10000,10000,True,4999,100000,power,adjusted,refined_CRT_data,8275,0.8275,0.0037781443858063445,0.8199695674910137,0.8347789135761932,nan,power under fixed alternative
3,7b5f35f69b7938a0c8d3,main,2,200,continuous,0.8,first_factor,noninferiority_power,0.23,0.025,0.5,1.0,10000,10000,True,4999,100000,power,adjusted,original_R_lattice,8242,0.8242,0.0038064991790357707,0.8166153001918401,0.8315357152646132,nan,power under fixed alternative
3,7b5f35f69b7938a0c8d3,main,2,200,continuous,0.8,first_factor,noninferiority_power,0.23,0.025,0.5,1.0,10000,10000,True,4999,100000,power,adjusted,refined_R_lattice,8242,0.8242,0.0038064991790357707,0.8166153001918401,0.8315357152646132,nan,power under fixed alternative
3,7b5f35f69b7938a0c8d3,main,2,200,continuous,0.8,first_factor,noninferiority_power,0.23,0.025,0.5,1.0,10000,10000,True,4999,100000,power,adjusted,original_CRT_lattice,8271,0.8271,0.0037816079913179797,0.819562937434604,0.8343858508312992,nan,power under fixed alternative
3,7b5f35f69b7938a0c8d3,main,2,200,continuous,0.8,first_factor,noninferiority_power,0.23,0.025,0.5,1.0,10000,10000,True,4999,100000,power,adjusted,refined_CRT_lattice,8270,0.827,0.0037824727361872685,0.8194612821849343,0.8342875828806431,nan,power under fixed alternative
3,7b5f35f69b7938a0c8d3,main,2,200,continuous,0.8,first_factor,noninferiority_power,0.23,0.025,0.5,1.0,10000,10000,True,4999,100000,power,adjusted,original_CRT_noise,8272,0.8272,0.0037807427841629214,0.8196645935894252,0.834484117876804,nan,power under fixed alternative
3,7b5f35f69b7938a0c8d3,main,2,200,continuous,0.8,first_factor,noninferiority_power,0.23,0.025,0.5,1.0,10000,10000,True,4999,100000,power,adjusted,refined_CRT_noise,8272,0.8272,0.0037807427841629214,0.8196645935894252,0.834484117876804,nan,power under fixed alternative
4,9583aab7040d6cdbfedd,main,2,200,continuous,0.8,interaction,superiority_null,0.0,0.05,0.5,1.0,100000,100000,True,4999,100000,type1,unadjusted,RT,5049,0.05049,0.000692392662439457,0.04915011861202358,0.05186441554445084,0.0004899999999999974,null rejection probability
4,9583aab7040d6cdbfedd,main,2,200,continuous,0.8,interaction,superiority_null,0.0,0.05,0.5,1.0,100000,100000,True,4999,100000,type1,unadjusted,original_S_normal,5018,0.05018,0.0006903764741067008,0.04884408162792617,0.05155047634467805,0.0001799999999999996,null rejection probability
4,9583aab7040d6cdbfedd,main,2,200,continuous,0.8,interaction,superiority_null,0.0,0.05,0.5,1.0,100000,100000,True,4999,100000,type1,unadjusted,refined_S_normal,5032,0.05032,0.0006912879110761304,0.04898229011477905,0.05169225710215363,0.0003199999999999939,null rejection probability
4,9583aab7040d6cdbfedd,main,2,200,continuous,0.8,interaction,superiority_null,0.0,0.05,0.5,1.0,100000,100000,True,4999,100000,type1,unadjusted,original_R_normal,4969,0.04969,0.0006871746786662035,0.048360374977986634,0.05105422063946791,-0.0003100000000000047,null rejection probability
4,9583aab7040d6cdbfedd,main,2,200,continuous,0.8,interaction,superiority_null,0.0,0.05,0.5,1.0,100000,100000,True,4999,100000,type1,unadjusted,refined_R_normal,4971,0.04971,0.0006873057245505817,0.048380117400485145,0.05107447668044489,-0.00029000000000000553,null rejection probability
4,9583aab7040d6cdbfedd,main,2,200,continuous,0.8,interaction,superiority_null,0.0,0.05,0.5,1.0,100000,100000,True,4999,100000,type1,unadjusted,original_CRT_data,5107,0.05107,0.0006961454955682757,0.049722741929811506,0.05245174766745231,0.0010699999999999946,null rejection probability
4,9583aab7040d6cdbfedd,main,2,200,continuous,0.8,interaction,superiority_null,0.0,0.05,0.5,1.0,100000,100000,True,4999,100000,type1,unadjusted,refined_CRT_data,5109,0.05109,0.0006962744566620264,0.04974248843719458,0.05247199962354474,0.0010900000000000007,null rejection probability
4,9583aab7040d6cdbfedd,main,2,200,continuous,0.8,interaction,superiority_null,0.0,0.05,0.5,1.0,100000,100000,True,4999,100000,type1,unadjusted,original_R_lattice,4969,0.04969,0.0006871746786662035,0.048360374977986634,0.05105422063946791,-0.0003100000000000047,null rejection probability
4,9583aab7040d6cdbfedd,main,2,200,continuous,0.8,interaction,superiority_null,0.0,0.05,0.5,1.0,100000,100000,True,4999,100000,type1,unadjusted,refined_R_lattice,4971,0.04971,0.0006873057245505817,0.048380117400485145,0.05107447668044489,-0.00029000000000000553,null rejection probability
4,9583aab7040d6cdbfedd,main,2,200,continuous,0.8,interaction,superiority_null,0.0,0.05,0.5,1.0,100000,100000,True,4999,100000,type1,unadjusted,original_CRT_lattice,5018,0.05018,0.0006903764741067008,0.04884408162792617,0.05155047634467805,0.0001799999999999996,null rejection probability
4,9583aab7040d6cdbfedd,main,2,200,continuous,0.8,interaction,superiority_null,0.0,0.05,0.5,1.0,100000,100000,True,4999,100000,type1,unadjusted,refined_CRT_lattice,5032,0.05032,0.0006912879110761304,0.04898229011477905,0.05169225710215363,0.0003199999999999939,null rejection probability
4,9583aab7040d6cdbfedd,main,2,200,continuous,0.8,interaction,superiority_null,0.0,0.05,0.5,1.0,100000,100000,True,4999,100000,type1,unadjusted,original_CRT_noise,5088,0.05088,0.0006949188844750156,0.04953515301093283,0.05225935118331377,0.0008799999999999988,null rejection probability
4,9583aab7040d6cdbfedd,main,2,200,continuous,0.8,interaction,superiority_null,0.0,0.05,0.5,1.0,100000,100000,True,4999,100000,type1,unadjusted,refined_CRT_noise,5087,0.05087,0.0006948542516240367,0.049525280055662986,0.052249224906845866,0.0008699999999999958,null rejection probability
4,9583aab7040d6cdbfedd,main,2,200,continuous,0.8,interaction,superiority_null,0.0,0.05,0.5,1.0,100000,100000,True,4999,100000,type1,adjusted,RT,5019,0.05019,0.0006904416260626238,0.04885395356607444,0.05156060363826752,0.00018999999999999573,null rejection probability
4,9583aab7040d6cdbfedd,main,2,200,continuous,0.8,interaction,superiority_null,0.0,0.05,0.5,1.0,100000,100000,True,4999,100000,type1,adjusted,original_S_normal,5005,0.05005,0.000689528806504848,0.048715747788226176,0.051418820171787304,4.999999999999449e-05,null rejection probability
4,9583aab7040d6cdbfedd,main,2,200,continuous,0.8,interaction,superiority_null,0.0,0.05,0.5,1.0,100000,100000,True,4999,100000,type1,adjusted,refined_S_normal,5005,0.05005,0.000689528806504848,0.048715747788226176,0.051418820171787304,4.999999999999449e-05,null rejection probability
4,9583aab7040d6cdbfedd,main,2,200,continuous,0.8,interaction,superiority_null,0.0,0.05,0.5,1.0,100000,100000,True,4999,100000,type1,adjusted,original_R_normal,4953,0.04953,0.0006861252006740461,0.048202437774691444,0.05089217013495912,-0.00047000000000000514,null rejection probability
4,9583aab7040d6cdbfedd,main,2,200,continuous,0.8,interaction,superiority_null,0.0,0.05,0.5,1.0,100000,100000,True,4999,100000,type1,adjusted,refined_R_normal,4953,0.04953,0.0006861252006740461,0.048202437774691444,0.05089217013495912,-0.00047000000000000514,null rejection probability
4,9583aab7040d6cdbfedd,main,2,200,continuous,0.8,interaction,superiority_null,0.0,0.05,0.5,1.0,100000,100000,True,4999,100000,type1,adjusted,original_CRT_data,5082,0.05082,0.0006945309755511268,0.04947591549840768,0.052198593305412426,0.0008199999999999943,null rejection probability
4,9583aab7040d6cdbfedd,main,2,200,continuous,0.8,interaction,superiority_null,0.0,0.05,0.5,1.0,100000,100000,True,4999,100000,type1,adjusted,refined_CRT_data,5082,0.05082,0.0006945309755511268,0.04947591549840768,0.052198593305412426,0.0008199999999999943,null rejection probability
4,9583aab7040d6cdbfedd,main,2,200,continuous,0.8,interaction,superiority_null,0.0,0.05,0.5,1.0,100000,100000,True,4999,100000,type1,adjusted,original_R_lattice,4953,0.04953,0.0006861252006740461,0.048202437774691444,0.05089217013495912,-0.00047000000000000514,null rejection probability
4,9583aab7040d6cdbfedd,main,2,200,continuous,0.8,interaction,superiority_null,0.0,0.05,0.5,1.0,100000,100000,True,4999,100000,type1,adjusted,refined_R_lattice,4953,0.04953,0.0006861252006740461,0.048202437774691444,0.05089217013495912,-0.00047000000000000514,null rejection probability
4,9583aab7040d6cdbfedd,main,2,200,continuous,0.8,interaction,superiority_null,0.0,0.05,0.5,1.0,100000,100000,True,4999,100000,type1,adjusted,original_CRT_lattice,5005,0.05005,0.000689528806504848,0.048715747788226176,0.051418820171787304,4.999999999999449e-05,null rejection probability
4,9583aab7040d6cdbfedd,main,2,200,continuous,0.8,interaction,superiority_null,0.0,0.05,0.5,1.0,100000,100000,True,4999,100000,type1,adjusted,refined_CRT_lattice,5005,0.05005,0.000689528806504848,0.048715747788226176,0.051418820171787304,4.999999999999449e-05,null rejection probability
4,9583aab7040d6cdbfedd,main,2,200,continuous,0.8,interaction,superiority_null,0.0,0.05,0.5,1.0,100000,100000,True,4999,100000,type1,adjusted,original_CRT_noise,5065,0.05065,0.0006934304399144877,0.04930807874096918,0.0520264431233092,0.0006499999999999978,null rejection probability
4,9583aab7040d6cdbfedd,main,2,200,continuous,0.8,interaction,superiority_null,0.0,0.05,0.5,1.0,100000,100000,True,4999,100000,type1,adjusted,refined_CRT_noise,5065,0.05065,0.0006934304399144877,0.04930807874096918,0.0520264431233092,0.0006499999999999978,null rejection probability
5,49367c13536fa567ad5e,main,2,200,continuous,0.8,interaction,superiority_power,0.43,0.05,0.5,1.0,10000,10000,True,4999,100000,power,unadjusted,RT,7906,0.7906,0.004068803755405267,0.7825144516879279,0.7984623684590348,nan,power under fixed alternative
5,49367c13536fa567ad5e,main,2,200,continuous,0.8,interaction,superiority_power,0.43,0.05,0.5,1.0,10000,10000,True,4999,100000,power,unadjusted,original_S_normal,7903,0.7903,0.00407094473064914,0.782210373479898,0.7981666770660871,nan,power under fixed alternative
5,49367c13536fa567ad5e,main,2,200,continuous,0.8,interaction,superiority_power,0.43,0.05,0.5,1.0,10000,10000,True,4999,100000,power,unadjusted,refined_S_normal,7910,0.791,0.004065943924846971,0.782919899475513,0.7988566134727532,nan,power under fixed alternative
5,49367c13536fa567ad5e,main,2,200,continuous,0.8,interaction,superiority_power,0.43,0.05,0.5,1.0,10000,10000,True,4999,100000,power,unadjusted,original_R_normal,7879,0.7879,0.004087952910687695,0.7797779820671454,0.7958009116710191,nan,power under fixed alternative
5,49367c13536fa567ad5e,main,2,200,continuous,0.8,interaction,superiority_power,0.43,0.05,0.5,1.0,10000,10000,True,4999,100000,power,unadjusted,refined_R_normal,7885,0.7885,0.004083720729922653,0.7803860410207829,0.7963923919193366,nan,power under fixed alternative
5,49367c13536fa567ad5e,main,2,200,continuous,0.8,interaction,superiority_power,0.43,0.05,0.5,1.0,10000,10000,True,4999,100000,power,unadjusted,original_CRT_data,7935,0.7935,0.00404793465856355,0.7854542131490992,0.8013203798073135,nan,power under fixed alternative
5,49367c13536fa567ad5e,main,2,200,continuous,0.8,interaction,superiority_power,0.43,0.05,0.5,1.0,10000,10000,True,4999,100000,power,unadjusted,refined_CRT_data,7935,0.7935,0.00404793465856355,0.7854542131490992,0.8013203798073135,nan,power under fixed alternative
5,49367c13536fa567ad5e,main,2,200,continuous,0.8,interaction,superiority_power,0.43,0.05,0.5,1.0,10000,10000,True,4999,100000,power,unadjusted,original_R_lattice,7879,0.7879,0.004087952910687695,0.7797779820671454,0.7958009116710191,nan,power under fixed alternative
5,49367c13536fa567ad5e,main,2,200,continuous,0.8,interaction,superiority_power,0.43,0.05,0.5,1.0,10000,10000,True,4999,100000,power,unadjusted,refined_R_lattice,7885,0.7885,0.004083720729922653,0.7803860410207829,0.7963923919193366,nan,power under fixed alternative
5,49367c13536fa567ad5e,main,2,200,continuous,0.8,interaction,superiority_power,0.43,0.05,0.5,1.0,10000,10000,True,4999,100000,power,unadjusted,original_CRT_lattice,7903,0.7903,0.00407094473064914,0.782210373479898,0.7981666770660871,nan,power under fixed alternative
5,49367c13536fa567ad5e,main,2,200,continuous,0.8,interaction,superiority_power,0.43,0.05,0.5,1.0,10000,10000,True,4999,100000,power,unadjusted,refined_CRT_lattice,7910,0.791,0.004065943924846971,0.782919899475513,0.7988566134727532,nan,power under fixed alternative
5,49367c13536fa567ad5e,main,2,200,continuous,0.8,interaction,superiority_power,0.43,0.05,0.5,1.0,10000,10000,True,4999,100000,power,unadjusted,original_CRT_noise,7930,0.793,0.004051555256935292,0.7849473137067929,0.8008276632479906,nan,power under fixed alternative
5,49367c13536fa567ad5e,main,2,200,continuous,0.8,interaction,superiority_power,0.43,0.05,0.5,1.0,10000,10000,True,4999,100000,power,unadjusted,refined_CRT_noise,7931,0.7931,0.004050831889871511,0.7850486921214591,0.8009262080336502,nan,power under fixed alternative
5,49367c13536fa567ad5e,main,2,200,continuous,0.8,interaction,superiority_power,0.43,0.05,0.5,1.0,10000,10000,True,4999,100000,power,adjusted,RT,7911,0.7911,0.0040652280378842215,0.7830212632422638,0.7989551729063283,nan,power under fixed alternative
5,49367c13536fa567ad5e,main,2,200,continuous,0.8,interaction,superiority_power,0.43,0.05,0.5,1.0,10000,10000,True,4999,100000,power,adjusted,original_S_normal,7933,0.7933,0.004049384027231796,0.7852514511606941,0.8011232953950671,nan,power under fixed alternative
5,49367c13536fa567ad5e,main,2,200,continuous,0.8,interaction,superiority_power,0.43,0.05,0.5,1.0,10000,10000,True,4999,100000,power,adjusted,refined_S_normal,7933,0.7933,0.004049384027231796,0.7852514511606941,0.8011232953950671,nan,power under fixed alternative
5,49367c13536fa567ad5e,main,2,200,continuous,0.8,interaction,superiority_power,0.43,0.05,0.5,1.0,10000,10000,True,4999,100000,power,adjusted,original_R_normal,7902,0.7902,0.004071657647690925,0.782109015529023,0.7980681118166363,nan,power under fixed alternative
5,49367c13536fa567ad5e,main,2,200,continuous,0.8,interaction,superiority_power,0.43,0.05,0.5,1.0,10000,10000,True,4999,100000,power,adjusted,refined_R_normal,7902,0.7902,0.004071657647690925,0.782109015529023,0.7980681118166363,nan,power under fixed alternative
5,49367c13536fa567ad5e,main,2,200,continuous,0.8,interaction,superiority_power,0.43,0.05,0.5,1.0,10000,10000,True,4999,100000,power,adjusted,original_CRT_data,7944,0.7944,0.004041393818968896,0.7863666786780101,0.8022072230813355,nan,power under fixed alternative
5,49367c13536fa567ad5e,main,2,200,continuous,0.8,interaction,superiority_power,0.43,0.05,0.5,1.0,10000,10000,True,4999,100000,power,adjusted,refined_CRT_data,7944,0.7944,0.004041393818968896,0.7863666786780101,0.8022072230813355,nan,power under fixed alternative
5,49367c13536fa567ad5e,main,2,200,continuous,0.8,interaction,superiority_power,0.43,0.05,0.5,1.0,10000,10000,True,4999,100000,power,adjusted,original_R_lattice,7902,0.7902,0.004071657647690925,0.782109015529023,0.7980681118166363,nan,power under fixed alternative
5,49367c13536fa567ad5e,main,2,200,continuous,0.8,interaction,superiority_power,0.43,0.05,0.5,1.0,10000,10000,True,4999,100000,power,adjusted,refined_R_lattice,7902,0.7902,0.004071657647690925,0.782109015529023,0.7980681118166363,nan,power under fixed alternative
5,49367c13536fa567ad5e,main,2,200,continuous,0.8,interaction,superiority_power,0.43,0.05,0.5,1.0,10000,10000,True,4999,100000,power,adjusted,original_CRT_lattice,7933,0.7933,0.004049384027231796,0.7852514511606941,0.8011232953950671,nan,power under fixed alternative
5,49367c13536fa567ad5e,main,2,200,continuous,0.8,interaction,superiority_power,0.43,0.05,0.5,1.0,10000,10000,True,4999,100000,power,adjusted,refined_CRT_lattice,7933,0.7933,0.004049384027231796,0.7852514511606941,0.8011232953950671,nan,power under fixed alternative
5,49367c13536fa567ad5e,main,2,200,continuous,0.8,interaction,superiority_power,0.43,0.05,0.5,1.0,10000,10000,True,4999,100000,power,adjusted,original_CRT_noise,7939,0.7939,0.0040450313966643075,0.7858597459860975,0.8017145397716189,nan,power under fixed alternative
5,49367c13536fa567ad5e,main,2,200,continuous,0.8,interaction,superiority_power,0.43,0.05,0.5,1.0,10000,10000,True,4999,100000,power,adjusted,refined_CRT_noise,7939,0.7939,0.0040450313966643075,0.7858597459860975,0.8017145397716189,nan,power under fixed alternative
6,048aff38bf02e7e4552f,main,2,200,continuous,0.8,interaction,noninferiority_null,-0.2,0.025,0.5,1.0,100000,100000,True,4999,100000,type1,unadjusted,RT,2567,0.02567,0.0005001104987900174,0.024707871417105357,0.026668569566277674,0.000669999999999997,null rejection probability
6,048aff38bf02e7e4552f,main,2,200,continuous,0.8,interaction,noninferiority_null,-0.2,0.025,0.5,1.0,100000,100000,True,4999,100000,type1,unadjusted,original_S_normal,2551,0.02551,0.0004985904120618446,0.024550856190450037,0.026505597085129024,0.00051,null rejection probability
6,048aff38bf02e7e4552f,main,2,200,continuous,0.8,interaction,noninferiority_null,-0.2,0.025,0.5,1.0,100000,100000,True,4999,100000,type1,unadjusted,refined_S_normal,2566,0.02566,0.0005000156437552729,0.024698057670858763,0.02665838408078652,0.0006599999999999974,null rejection probability
6,048aff38bf02e7e4552f,main,2,200,continuous,0.8,interaction,noninferiority_null,-0.2,0.025,0.5,1.0,100000,100000,True,4999,100000,type1,unadjusted,original_R_normal,2516,0.02516,0.0004952471544592659,0.024207420773983326,0.026149059390774537,0.00015999999999999695,null rejection probability
6,048aff38bf02e7e4552f,main,2,200,continuous,0.8,interaction,noninferiority_null,-0.2,0.025,0.5,1.0,100000,100000,True,4999,100000,type1,unadjusted,refined_R_normal,2536,0.02536,0.0004971606420464114,0.024403663599836947,0.026352801199675886,0.0003599999999999992,null rejection probability
6,048aff38bf02e7e4552f,main,2,200,continuous,0.8,interaction,noninferiority_null,-0.2,0.025,0.5,1.0,100000,100000,True,4999,100000,type1,unadjusted,original_CRT_data,2594,0.02594,0.0005026640667483603,0.02497285729227783,0.02694356294802441,0.0009399999999999999,null rejection probability
6,048aff38bf02e7e4552f,main,2,200,continuous,0.8,interaction,noninferiority_null,-0.2,0.025,0.5,1.0,100000,100000,True,4999,100000,type1,unadjusted,refined_CRT_data,2594,0.02594,0.0005026640667483603,0.02497285729227783,0.02694356294802441,0.0009399999999999999,null rejection probability
6,048aff38bf02e7e4552f,main,2,200,continuous,0.8,interaction,noninferiority_null,-0.2,0.025,0.5,1.0,100000,100000,True,4999,100000,type1,unadjusted,original_R_lattice,2516,0.02516,0.0004952471544592659,0.024207420773983326,0.026149059390774537,0.00015999999999999695,null rejection probability
6,048aff38bf02e7e4552f,main,2,200,continuous,0.8,interaction,noninferiority_null,-0.2,0.025,0.5,1.0,100000,100000,True,4999,100000,type1,unadjusted,refined_R_lattice,2536,0.02536,0.0004971606420464114,0.024403663599836947,0.026352801199675886,0.0003599999999999992,null rejection probability
6,048aff38bf02e7e4552f,main,2,200,continuous,0.8,interaction,noninferiority_null,-0.2,0.025,0.5,1.0,100000,100000,True,4999,100000,type1,unadjusted,original_CRT_lattice,2551,0.02551,0.0004985904120618446,0.024550856190450037,0.026505597085129024,0.00051,null rejection probability
6,048aff38bf02e7e4552f,main,2,200,continuous,0.8,interaction,noninferiority_null,-0.2,0.025,0.5,1.0,100000,100000,True,4999,100000,type1,unadjusted,refined_CRT_lattice,2566,0.02566,0.0005000156437552729,0.024698057670858763,0.02665838408078652,0.0006599999999999974,null rejection probability
6,048aff38bf02e7e4552f,main,2,200,continuous,0.8,interaction,noninferiority_null,-0.2,0.025,0.5,1.0,100000,100000,True,4999,100000,type1,unadjusted,original_CRT_noise,2584,0.02584,0.000501719985649366,0.02487471107526795,0.026841716847656804,0.000839999999999997,null rejection probability
6,048aff38bf02e7e4552f,main,2,200,continuous,0.8,interaction,noninferiority_null,-0.2,0.025,0.5,1.0,100000,100000,True,4999,100000,type1,unadjusted,refined_CRT_noise,2584,0.02584,0.000501719985649366,0.02487471107526795,0.026841716847656804,0.000839999999999997,null rejection probability
6,048aff38bf02e7e4552f,main,2,200,continuous,0.8,interaction,noninferiority_null,-0.2,0.025,0.5,1.0,100000,100000,True,4999,100000,type1,adjusted,RT,2543,0.02543,0.0004978284353067832,0.024472352364306452,0.02642410705737062,0.0004299999999999998,null rejection probability
6,048aff38bf02e7e4552f,main,2,200,continuous,0.8,interaction,noninferiority_null,-0.2,0.025,0.5,1.0,100000,100000,True,4999,100000,type1,adjusted,original_S_normal,2563,0.02563,0.000499730958616734,0.024668616667246377,0.02662782738918566,0.0006299999999999986,null rejection probability
6,048aff38bf02e7e4552f,main,2,200,continuous,0.8,interaction,noninferiority_null,-0.2,0.025,0.5,1.0,100000,100000,True,4999,100000,type1,adjusted,refined_S_normal,2563,0.02563,0.000499730958616734,0.024668616667246377,0.02662782738918566,0.0006299999999999986,null rejection probability
6,048aff38bf02e7e4552f,main,2,200,continuous,0.8,interaction,noninferiority_null,-0.2,0.025,0.5,1.0,100000,100000,True,4999,100000,type1,adjusted,original_R_normal,2537,0.02537,0.0004972561020238968,0.02441347616110418,0.0263629878701464,0.0003699999999999988,null rejection probability
6,048aff38bf02e7e4552f,main,2,200,continuous,0.8,interaction,noninferiority_null,-0.2,0.025,0.5,1.0,100000,100000,True,4999,100000,type1,adjusted,refined_R_normal,2536,0.02536,0.0004971606420464114,0.024403663599836947,0.026352801199675886,0.0003599999999999992,null rejection probability
6,048aff38bf02e7e4552f,main,2,200,continuous,0.8,interaction,noninferiority_null,-0.2,0.025,0.5,1.0,100000,100000,True,4999,100000,type1,adjusted,original_CRT_data,2583,0.02583,0.0005016254688510143,0.024864896666470696,0.026831532024716304,0.0008299999999999974,null rejection probability
6,048aff38bf02e7e4552f,main,2,200,continuous,0.8,interaction,noninferiority_null,-0.2,0.025,0.5,1.0,100000,100000,True,4999,100000,type1,adjusted,refined_CRT_data,2583,0.02583,0.0005016254688510143,0.024864896666470696,0.026831532024716304,0.0008299999999999974,null rejection probability
6,048aff38bf02e7e4552f,main,2,200,continuous,0.8,interaction,noninferiority_null,-0.2,0.025,0.5,1.0,100000,100000,True,4999,100000,type1,adjusted,original_R_lattice,2537,0.02537,0.0004972561020238968,0.02441347616110418,0.0263629878701464,0.0003699999999999988,null rejection probability
6,048aff38bf02e7e4552f,main,2,200,continuous,0.8,interaction,noninferiority_null,-0.2,0.025,0.5,1.0,100000,100000,True,4999,100000,type1,adjusted,refined_R_lattice,2536,0.02536,0.0004971606420464114,0.024403663599836947,0.026352801199675886,0.0003599999999999992,null rejection probability
6,048aff38bf02e7e4552f,main,2,200,continuous,0.8,interaction,noninferiority_null,-0.2,0.025,0.5,1.0,100000,100000,True,4999,100000,type1,adjusted,original_CRT_lattice,2563,0.02563,0.000499730958616734,0.024668616667246377,0.02662782738918566,0.0006299999999999986,null rejection probability
6,048aff38bf02e7e4552f,main,2,200,continuous,0.8,interaction,noninferiority_null,-0.2,0.025,0.5,1.0,100000,100000,True,4999,100000,type1,adjusted,refined_CRT_lattice,2563,0.02563,0.000499730958616734,0.024668616667246377,0.02662782738918566,0.0006299999999999986,null rejection probability
6,048aff38bf02e7e4552f,main,2,200,continuous,0.8,interaction,noninferiority_null,-0.2,0.025,0.5,1.0,100000,100000,True,4999,100000,type1,adjusted,original_CRT_noise,2572,0.02572,0.0005005844743896878,0.024756940735154824,0.026719496406916947,0.0007199999999999984,null rejection probability
6,048aff38bf02e7e4552f,main,2,200,continuous,0.8,interaction,noninferiority_null,-0.2,0.025,0.5,1.0,100000,100000,True,4999,100000,type1,adjusted,refined_CRT_noise,2572,0.02572,0.0005005844743896878,0.024756940735154824,0.026719496406916947,0.0007199999999999984,null rejection probability
7,3ece823d1c4f56547455,main,2,200,continuous,0.8,interaction,noninferiority_power,0.23,0.025,0.5,1.0,10000,10000,True,4999,100000,power,unadjusted,RT,7900,0.79,0.00407308237088326,0.7819063018026896,0.7978709791423181,nan,power under fixed alternative
7,3ece823d1c4f56547455,main,2,200,continuous,0.8,interaction,noninferiority_power,0.23,0.025,0.5,1.0,10000,10000,True,4999,100000,power,unadjusted,original_S_normal,7920,0.792,0.0040587682860690625,0.7839335699812963,0.7998421749702286,nan,power under fixed alternative
7,3ece823d1c4f56547455,main,2,200,continuous,0.8,interaction,noninferiority_power,0.23,0.025,0.5,1.0,10000,10000,True,4999,100000,power,unadjusted,refined_S_normal,7922,0.7922,0.00405732867783718,0.7841363128563588,0.8000392784958179,nan,power under fixed alternative
7,3ece823d1c4f56547455,main,2,200,continuous,0.8,interaction,noninferiority_power,0.23,0.025,0.5,1.0,10000,10000,True,4999,100000,power,unadjusted,original_R_normal,7896,0.7896,0.0040759273791371705,0.781500883041053,0.797476705102651,nan,power under fixed alternative
7,3ece823d1c4f56547455,main,2,200,continuous,0.8,interaction,noninferiority_power,0.23,0.025,0.5,1.0,10000,10000,True,4999,100000,power,unadjusted,refined_R_normal,7895,0.7895,0.004076637707719439,0.7813995301590649,0.7973781347843133,nan,power under fixed alternative
7,3ece823d1c4f56547455,main,2,200,continuous,0.8,interaction,noninferiority_power,0.23,0.025,0.5,1.0,10000,10000,True,4999,100000,power,unadjusted,original_CRT_data,7926,0.7926,0.004054444968179985,0.7845418074052783,0.8004334767482015,nan,power under fixed alternative
7,3ece823d1c4f56547455,main,2,200,continuous,0.8,interaction,noninferiority_power,0.23,0.025,0.5,1.0,10000,10000,True,4999,100000,power,unadjusted,refined_CRT_data,7927,0.7927,0.004053723103518542,0.784643182877871,0.8005320244759349,nan,power under fixed alternative
7,3ece823d1c4f56547455,main,2,200,continuous,0.8,interaction,noninferiority_power,0.23,0.025,0.5,1.0,10000,10000,True,4999,100000,power,unadjusted,original_R_lattice,7896,0.7896,0.0040759273791371705,0.781500883041053,0.797476705102651,nan,power under fixed alternative
7,3ece823d1c4f56547455,main,2,200,continuous,0.8,interaction,noninferiority_power,0.23,0.025,0.5,1.0,10000,10000,True,4999,100000,power,unadjusted,refined_R_lattice,7895,0.7895,0.004076637707719439,0.7813995301590649,0.7973781347843133,nan,power under fixed alternative
7,3ece823d1c4f56547455,main,2,200,continuous,0.8,interaction,noninferiority_power,0.23,0.025,0.5,1.0,10000,10000,True,4999,100000,power,unadjusted,original_CRT_lattice,7920,0.792,0.0040587682860690625,0.7839335699812963,0.7998421749702286,nan,power under fixed alternative
7,3ece823d1c4f56547455,main,2,200,continuous,0.8,interaction,noninferiority_power,0.23,0.025,0.5,1.0,10000,10000,True,4999,100000,power,unadjusted,refined_CRT_lattice,7922,0.7922,0.00405732867783718,0.7841363128563588,0.8000392784958179,nan,power under fixed alternative
7,3ece823d1c4f56547455,main,2,200,continuous,0.8,interaction,noninferiority_power,0.23,0.025,0.5,1.0,10000,10000,True,4999,100000,power,unadjusted,original_CRT_noise,7921,0.7921,0.004058048669003367,0.7840349410525361,0.7999407270993145,nan,power under fixed alternative
7,3ece823d1c4f56547455,main,2,200,continuous,0.8,interaction,noninferiority_power,0.23,0.025,0.5,1.0,10000,10000,True,4999,100000,power,unadjusted,refined_CRT_noise,7921,0.7921,0.004058048669003367,0.7840349410525361,0.7999407270993145,nan,power under fixed alternative
7,3ece823d1c4f56547455,main,2,200,continuous,0.8,interaction,noninferiority_power,0.23,0.025,0.5,1.0,10000,10000,True,4999,100000,power,adjusted,RT,7910,0.791,0.004065943924846971,0.782919899475513,0.7988566134727532,nan,power under fixed alternative
7,3ece823d1c4f56547455,main,2,200,continuous,0.8,interaction,noninferiority_power,0.23,0.025,0.5,1.0,10000,10000,True,4999,100000,power,adjusted,original_S_normal,7931,0.7931,0.004050831889871511,0.7850486921214591,0.8009262080336502,nan,power under fixed alternative
7,3ece823d1c4f56547455,main,2,200,continuous,0.8,interaction,noninferiority_power,0.23,0.025,0.5,1.0,10000,10000,True,4999,100000,power,adjusted,refined_S_normal,7931,0.7931,0.004050831889871511,0.7850486921214591,0.8009262080336502,nan,power under fixed alternative
7,3ece823d1c4f56547455,main,2,200,continuous,0.8,interaction,noninferiority_power,0.23,0.025,0.5,1.0,10000,10000,True,4999,100000,power,adjusted,original_R_normal,7908,0.7908,0.004067374583192456,0.7827171741266044,0.79865949242101,nan,power under fixed alternative
7,3ece823d1c4f56547455,main,2,200,continuous,0.8,interaction,noninferiority_power,0.23,0.025,0.5,1.0,10000,10000,True,4999,100000,power,adjusted,refined_R_normal,7908,0.7908,0.004067374583192456,0.7827171741266044,0.79865949242101,nan,power under fixed alternative
7,3ece823d1c4f56547455,main,2,200,continuous,0.8,interaction,noninferiority_power,0.23,0.025,0.5,1.0,10000,10000,True,4999,100000,power,adjusted,original_CRT_data,7935,0.7935,0.00404793465856355,0.7854542131490992,0.8013203798073135,nan,power under fixed alternative
7,3ece823d1c4f56547455,main,2,200,continuous,0.8,interaction,noninferiority_power,0.23,0.025,0.5,1.0,10000,10000,True,4999,100000,power,adjusted,refined_CRT_data,7935,0.7935,0.00404793465856355,0.7854542131490992,0.8013203798073135,nan,power under fixed alternative
7,3ece823d1c4f56547455,main,2,200,continuous,0.8,interaction,noninferiority_power,0.23,0.025,0.5,1.0,10000,10000,True,4999,100000,power,adjusted,original_R_lattice,7908,0.7908,0.004067374583192456,0.7827171741266044,0.79865949242101,nan,power under fixed alternative
7,3ece823d1c4f56547455,main,2,200,continuous,0.8,interaction,noninferiority_power,0.23,0.025,0.5,1.0,10000,10000,True,4999,100000,power,adjusted,refined_R_lattice,7908,0.7908,0.004067374583192456,0.7827171741266044,0.79865949242101,nan,power under fixed alternative
7,3ece823d1c4f56547455,main,2,200,continuous,0.8,interaction,noninferiority_power,0.23,0.025,0.5,1.0,10000,10000,True,4999,100000,power,adjusted,original_CRT_lattice,7931,0.7931,0.004050831889871511,0.7850486921214591,0.8009262080336502,nan,power under fixed alternative
7,3ece823d1c4f56547455,main,2,200,continuous,0.8,interaction,noninferiority_power,0.23,0.025,0.5,1.0,10000,10000,True,4999,100000,power,adjusted,refined_CRT_lattice,7931,0.7931,0.004050831889871511,0.7850486921214591,0.8009262080336502,nan,power under fixed alternative
7,3ece823d1c4f56547455,main,2,200,continuous,0.8,interaction,noninferiority_power,0.23,0.025,0.5,1.0,10000,10000,True,4999,100000,power,adjusted,original_CRT_noise,7930,0.793,0.004051555256935292,0.7849473137067929,0.8008276632479906,nan,power under fixed alternative
7,3ece823d1c4f56547455,main,2,200,continuous,0.8,interaction,noninferiority_power,0.23,0.025,0.5,1.0,10000,10000,True,4999,100000,power,adjusted,refined_CRT_noise,7930,0.793,0.004051555256935292,0.7849473137067929,0.8008276632479906,nan,power under fixed alternative
8,91f3e97730882aa0b880,main,2,200,binary,0.8,first_factor,superiority_null,0.0,0.05,0.12,1.0,100000,100000,True,4999,100000,type1,unadjusted,RT,4276,0.04276,0.0006397779489791751,0.041523523351396786,0.044031604671798154,-0.007240000000000003,null rejection probability
8,91f3e97730882aa0b880,main,2,200,binary,0.8,first_factor,superiority_null,0.0,0.05,0.12,1.0,100000,100000,True,4999,100000,type1,unadjusted,original_S_normal,4935,0.04935,0.0006849421690916686,0.04802476306240726,0.05070985867596384,-0.0006500000000000047,null rejection probability
8,91f3e97730882aa0b880,main,2,200,binary,0.8,first_factor,superiority_null,0.0,0.05,0.12,1.0,100000,100000,True,4999,100000,type1,unadjusted,refined_S_normal,4933,0.04933,0.0006848105657771352,0.04800502173211747,0.05068960154277813,-0.0006700000000000039,null rejection probability
8,91f3e97730882aa0b880,main,2,200,binary,0.8,first_factor,superiority_null,0.0,0.05,0.12,1.0,100000,100000,True,4999,100000,type1,unadjusted,original_R_normal,4893,0.04893,0.0006821719365379963,0.04761020798550453,0.05028444601988115,-0.0010700000000000015,null rejection probability
8,91f3e97730882aa0b880,main,2,200,binary,0.8,first_factor,superiority_null,0.0,0.05,0.12,1.0,100000,100000,True,4999,100000,type1,unadjusted,refined_R_normal,4893,0.04893,0.0006821719365379963,0.04761020798550453,0.05028444601988115,-0.0010700000000000015,null rejection probability
8,91f3e97730882aa0b880,main,2,200,binary,0.8,first_factor,superiority_null,0.0,0.05,0.12,1.0,100000,100000,True,4999,100000,type1,unadjusted,original_CRT_data,4276,0.04276,0.0006397779489791751,0.041523523351396786,0.044031604671798154,-0.007240000000000003,null rejection probability
8,91f3e97730882aa0b880,main,2,200,binary,0.8,first_factor,superiority_null,0.0,0.05,0.12,1.0,100000,100000,True,4999,100000,type1,unadjusted,refined_CRT_data,4276,0.04276,0.0006397779489791751,0.041523523351396786,0.044031604671798154,-0.007240000000000003,null rejection probability
8,91f3e97730882aa0b880,main,2,200,binary,0.8,first_factor,superiority_null,0.0,0.05,0.12,1.0,100000,100000,True,4999,100000,type1,unadjusted,original_R_lattice,4116,0.04116,0.0006282185479592273,0.03994623724560098,0.04240901369955423,-0.00884,null rejection probability
8,91f3e97730882aa0b880,main,2,200,binary,0.8,first_factor,superiority_null,0.0,0.05,0.12,1.0,100000,100000,True,4999,100000,type1,unadjusted,refined_R_lattice,4120,0.0412,0.0006285106204353272,0.039985663349134726,0.042449584522971484,-0.008800000000000002,null rejection probability
8,91f3e97730882aa0b880,main,2,200,binary,0.8,first_factor,superiority_null,0.0,0.05,0.12,1.0,100000,100000,True,4999,100000,type1,unadjusted,original_CRT_lattice,4118,0.04118,0.0006283646043500541,0.03996595025788355,0.04242929915074717,-0.008820000000000001,null rejection probability
8,91f3e97730882aa0b880,main,2,200,binary,0.8,first_factor,superiority_null,0.0,0.05,0.12,1.0,100000,100000,True,4999,100000,type1,unadjusted,refined_CRT_lattice,4122,0.04122,0.0006286565962431317,0.04000537651929951,0.042469869816282195,-0.008780000000000003,null rejection probability
8,91f3e97730882aa0b880,main,2,200,binary,0.8,first_factor,superiority_null,0.0,0.05,0.12,1.0,100000,100000,True,4999,100000,type1,unadjusted,original_CRT_noise,4276,0.04276,0.0006397779489791751,0.041523523351396786,0.044031604671798154,-0.007240000000000003,null rejection probability
8,91f3e97730882aa0b880,main,2,200,binary,0.8,first_factor,superiority_null,0.0,0.05,0.12,1.0,100000,100000,True,4999,100000,type1,unadjusted,refined_CRT_noise,4276,0.04276,0.0006397779489791751,0.041523523351396786,0.044031604671798154,-0.007240000000000003,null rejection probability
8,91f3e97730882aa0b880,main,2,200,binary,0.8,first_factor,superiority_null,0.0,0.05,0.12,1.0,100000,100000,True,4999,100000,type1,adjusted,RT,4905,0.04905,0.0006829648417012402,0.04772864953020429,0.050405995256034376,-0.0009499999999999995,null rejection probability
8,91f3e97730882aa0b880,main,2,200,binary,0.8,first_factor,superiority_null,0.0,0.05,0.12,1.0,100000,100000,True,4999,100000,type1,adjusted,original_S_normal,5055,0.05055,0.0006927820544731222,0.049209353218577036,0.051925176328323865,0.0005499999999999949,null rejection probability
8,91f3e97730882aa0b880,main,2,200,binary,0.8,first_factor,superiority_null,0.0,0.05,0.12,1.0,100000,100000,True,4999,100000,type1,adjusted,refined_S_normal,5054,0.05054,0.0006927171746102446,0.049199480747296784,0.05191504956786637,0.0005399999999999988,null rejection probability
8,91f3e97730882aa0b880,main,2,200,binary,0.8,first_factor,superiority_null,0.0,0.05,0.12,1.0,100000,100000,True,4999,100000,type1,adjusted,original_R_normal,4983,0.04983,0.0006880913536733331,0.04849857320158678,0.051196011660196244,-0.00017000000000000348,null rejection probability
8,91f3e97730882aa0b880,main,2,200,binary,0.8,first_factor,superiority_null,0.0,0.05,0.12,1.0,100000,100000,True,4999,100000,type1,adjusted,refined_R_normal,4983,0.04983,0.0006880913536733331,0.04849857320158678,0.051196011660196244,-0.00017000000000000348,null rejection probability
8,91f3e97730882aa0b880,main,2,200,binary,0.8,first_factor,superiority_null,0.0,0.05,0.12,1.0,100000,100000,True,4999,100000,type1,adjusted,original_CRT_data,4960,0.0496,0.000686584590564047,0.04827153482448138,0.05096306770733343,-0.0004000000000000045,null rejection probability
8,91f3e97730882aa0b880,main,2,200,binary,0.8,first_factor,superiority_null,0.0,0.05,0.12,1.0,100000,100000,True,4999,100000,type1,adjusted,refined_CRT_data,4960,0.0496,0.000686584590564047,0.04827153482448138,0.05096306770733343,-0.0004000000000000045,null rejection probability
8,91f3e97730882aa0b880,main,2,200,binary,0.8,first_factor,superiority_null,0.0,0.05,0.12,1.0,100000,100000,True,4999,100000,type1,adjusted,original_R_lattice,4983,0.04983,0.0006880913536733331,0.04849857320158678,0.051196011660196244,-0.00017000000000000348,null rejection probability
8,91f3e97730882aa0b880,main,2,200,binary,0.8,first_factor,superiority_null,0.0,0.05,0.12,1.0,100000,100000,True,4999,100000,type1,adjusted,refined_R_lattice,4983,0.04983,0.0006880913536733331,0.04849857320158678,0.051196011660196244,-0.00017000000000000348,null rejection probability
8,91f3e97730882aa0b880,main,2,200,binary,0.8,first_factor,superiority_null,0.0,0.05,0.12,1.0,100000,100000,True,4999,100000,type1,adjusted,original_CRT_lattice,5055,0.05055,0.0006927820544731222,0.049209353218577036,0.051925176328323865,0.0005499999999999949,null rejection probability
8,91f3e97730882aa0b880,main,2,200,binary,0.8,first_factor,superiority_null,0.0,0.05,0.12,1.0,100000,100000,True,4999,100000,type1,adjusted,refined_CRT_lattice,5054,0.05054,0.0006927171746102446,0.049199480747296784,0.05191504956786637,0.0005399999999999988,null rejection probability
8,91f3e97730882aa0b880,main,2,200,binary,0.8,first_factor,superiority_null,0.0,0.05,0.12,1.0,100000,100000,True,4999,100000,type1,adjusted,original_CRT_noise,4934,0.04934,0.0006848763713255116,0.048014892389638276,0.050699730116995086,-0.0006600000000000009,null rejection probability
8,91f3e97730882aa0b880,main,2,200,binary,0.8,first_factor,superiority_null,0.0,0.05,0.12,1.0,100000,100000,True,4999,100000,type1,adjusted,refined_CRT_noise,4934,0.04934,0.0006848763713255116,0.048014892389638276,0.050699730116995086,-0.0006600000000000009,null rejection probability
9,1cb5bf2dd71d58078d29,main,2,200,binary,0.8,first_factor,superiority_power,0.2,0.05,0.12,1.0,10000,10000,True,4999,100000,power,unadjusted,RT,8810,0.881,0.003237885112229895,0.8745070904519495,0.8872003027895948,nan,power under fixed alternative
9,1cb5bf2dd71d58078d29,main,2,200,binary,0.8,first_factor,superiority_power,0.2,0.05,0.12,1.0,10000,10000,True,4999,100000,power,unadjusted,original_S_normal,8988,0.8988,0.003015933686273622,0.8927348913674198,0.9045588315321287,nan,power under fixed alternative
9,1cb5bf2dd71d58078d29,main,2,200,binary,0.8,first_factor,superiority_power,0.2,0.05,0.12,1.0,10000,10000,True,4999,100000,power,unadjusted,refined_S_normal,8990,0.899,0.003013287241535396,0.8929399967749085,0.9047535725252915,nan,power under fixed alternative
9,1cb5bf2dd71d58078d29,main,2,200,binary,0.8,first_factor,superiority_power,0.2,0.05,0.12,1.0,10000,10000,True,4999,100000,power,unadjusted,original_R_normal,8975,0.8975,0.0030330471476717933,0.8914018792639231,0.9032928420313888,nan,power under fixed alternative
9,1cb5bf2dd71d58078d29,main,2,200,binary,0.8,first_factor,superiority_power,0.2,0.05,0.12,1.0,10000,10000,True,4999,100000,power,unadjusted,refined_R_normal,8974,0.8974,0.003034357263078954,0.89129935220894,0.9031954458860462,nan,power under fixed alternative
9,1cb5bf2dd71d58078d29,main,2,200,binary,0.8,first_factor,superiority_power,0.2,0.05,0.12,1.0,10000,10000,True,4999,100000,power,unadjusted,original_CRT_data,8810,0.881,0.003237885112229895,0.8745070904519495,0.8872003027895948,nan,power under fixed alternative
9,1cb5bf2dd71d58078d29,main,2,200,binary,0.8,first_factor,superiority_power,0.2,0.05,0.12,1.0,10000,10000,True,4999,100000,power,unadjusted,refined_CRT_data,8810,0.881,0.003237885112229895,0.8745070904519495,0.8872003027895948,nan,power under fixed alternative
9,1cb5bf2dd71d58078d29,main,2,200,binary,0.8,first_factor,superiority_power,0.2,0.05,0.12,1.0,10000,10000,True,4999,100000,power,unadjusted,original_R_lattice,8779,0.8779,0.003274012675601608,0.8713375313540458,0.8841722426773969,nan,power under fixed alternative
9,1cb5bf2dd71d58078d29,main,2,200,binary,0.8,first_factor,superiority_power,0.2,0.05,0.12,1.0,10000,10000,True,4999,100000,power,unadjusted,refined_R_lattice,8779,0.8779,0.003274012675601608,0.8713375313540458,0.8841722426773969,nan,power under fixed alternative
9,1cb5bf2dd71d58078d29,main,2,200,binary,0.8,first_factor,superiority_power,0.2,0.05,0.12,1.0,10000,10000,True,4999,100000,power,unadjusted,original_CRT_lattice,8779,0.8779,0.003274012675601608,0.8713375313540458,0.8841722426773969,nan,power under fixed alternative
9,1cb5bf2dd71d58078d29,main,2,200,binary,0.8,first_factor,superiority_power,0.2,0.05,0.12,1.0,10000,10000,True,4999,100000,power,unadjusted,refined_CRT_lattice,8779,0.8779,0.003274012675601608,0.8713375313540458,0.8841722426773969,nan,power under fixed alternative
9,1cb5bf2dd71d58078d29,main,2,200,binary,0.8,first_factor,superiority_power,0.2,0.05,0.12,1.0,10000,10000,True,4999,100000,power,unadjusted,original_CRT_noise,8810,0.881,0.003237885112229895,0.8745070904519495,0.8872003027895948,nan,power under fixed alternative
9,1cb5bf2dd71d58078d29,main,2,200,binary,0.8,first_factor,superiority_power,0.2,0.05,0.12,1.0,10000,10000,True,4999,100000,power,unadjusted,refined_CRT_noise,8810,0.881,0.003237885112229895,0.8745070904519495,0.8872003027895948,nan,power under fixed alternative
9,1cb5bf2dd71d58078d29,main,2,200,binary,0.8,first_factor,superiority_power,0.2,0.05,0.12,1.0,10000,10000,True,4999,100000,power,adjusted,RT,8954,0.8954,0.0030603731798589536,0.8892491758618841,0.9012471582265846,nan,power under fixed alternative
9,1cb5bf2dd71d58078d29,main,2,200,binary,0.8,first_factor,superiority_power,0.2,0.05,0.12,1.0,10000,10000,True,4999,100000,power,adjusted,original_S_normal,9012,0.9012,0.002983932975118577,0.895196632501863,0.9068952472055061,nan,power under fixed alternative
9,1cb5bf2dd71d58078d29,main,2,200,binary,0.8,first_factor,superiority_power,0.2,0.05,0.12,1.0,10000,10000,True,4999,100000,power,adjusted,refined_S_normal,9012,0.9012,0.002983932975118577,0.895196632501863,0.9068952472055061,nan,power under fixed alternative
9,1cb5bf2dd71d58078d29,main,2,200,binary,0.8,first_factor,superiority_power,0.2,0.05,0.12,1.0,10000,10000,True,4999,100000,power,adjusted,original_R_normal,9001,0.9001,0.002998666203497815,0.8940682048697784,0.9058245196340061,nan,power under fixed alternative
9,1cb5bf2dd71d58078d29,main,2,200,binary,0.8,first_factor,superiority_power,0.2,0.05,0.12,1.0,10000,10000,True,4999,100000,power,adjusted,refined_R_normal,9001,0.9001,0.002998666203497815,0.8940682048697784,0.9058245196340061,nan,power under fixed alternative
9,1cb5bf2dd71d58078d29,main,2,200,binary,0.8,first_factor,superiority_power,0.2,0.05,0.12,1.0,10000,10000,True,4999,100000,power,adjusted,original_CRT_data,8971,0.8971,0.003038282244953553,0.8909917815414985,0.9029032469525102,nan,power under fixed alternative
9,1cb5bf2dd71d58078d29,main,2,200,binary,0.8,first_factor,superiority_power,0.2,0.05,0.12,1.0,10000,10000,True,4999,100000,power,adjusted,refined_CRT_data,8971,0.8971,0.003038282244953553,0.8909917815414985,0.9029032469525102,nan,power under fixed alternative
9,1cb5bf2dd71d58078d29,main,2,200,binary,0.8,first_factor,superiority_power,0.2,0.05,0.12,1.0,10000,10000,True,4999,100000,power,adjusted,original_R_lattice,9001,0.9001,0.002998666203497815,0.8940682048697784,0.9058245196340061,nan,power under fixed alternative
9,1cb5bf2dd71d58078d29,main,2,200,binary,0.8,first_factor,superiority_power,0.2,0.05,0.12,1.0,10000,10000,True,4999,100000,power,adjusted,refined_R_lattice,9001,0.9001,0.002998666203497815,0.8940682048697784,0.9058245196340061,nan,power under fixed alternative
9,1cb5bf2dd71d58078d29,main,2,200,binary,0.8,first_factor,superiority_power,0.2,0.05,0.12,1.0,10000,10000,True,4999,100000,power,adjusted,original_CRT_lattice,9012,0.9012,0.002983932975118577,0.895196632501863,0.9068952472055061,nan,power under fixed alternative
9,1cb5bf2dd71d58078d29,main,2,200,binary,0.8,first_factor,superiority_power,0.2,0.05,0.12,1.0,10000,10000,True,4999,100000,power,adjusted,refined_CRT_lattice,9012,0.9012,0.002983932975118577,0.895196632501863,0.9068952472055061,nan,power under fixed alternative
9,1cb5bf2dd71d58078d29,main,2,200,binary,0.8,first_factor,superiority_power,0.2,0.05,0.12,1.0,10000,10000,True,4999,100000,power,adjusted,original_CRT_noise,8966,0.8966,0.003044806069358113,0.8904791986190337,0.9024162138733456,nan,power under fixed alternative
9,1cb5bf2dd71d58078d29,main,2,200,binary,0.8,first_factor,superiority_power,0.2,0.05,0.12,1.0,10000,10000,True,4999,100000,power,adjusted,refined_CRT_noise,8966,0.8966,0.003044806069358113,0.8904791986190337,0.9024162138733456,nan,power under fixed alternative
10,e099f752c2d738f34e7b,main,2,200,binary,0.8,first_factor,noninferiority_null,-0.1,0.025,0.12,1.0,100000,100000,True,4999,100000,type1,unadjusted,RT,2361,0.02361,0.0004801308977768458,0.022687100513979912,0.02456949873142696,-0.0013900000000000023,null rejection probability
10,e099f752c2d738f34e7b,main,2,200,binary,0.8,first_factor,noninferiority_null,-0.1,0.025,0.12,1.0,100000,100000,True,4999,100000,type1,unadjusted,original_S_normal,2473,0.02473,0.0004911051526913559,0.023785553551843957,0.025710959648190725,-0.0002700000000000029,null rejection probability
10,e099f752c2d738f34e7b,main,2,200,binary,0.8,first_factor,noninferiority_null,-0.1,0.025,0.12,1.0,100000,100000,True,4999,100000,type1,unadjusted,refined_S_normal,2474,0.02474,0.0004912019177486994,0.023795363556709893,0.025721148875062542,-0.0002599999999999998,null rejection probability
10,e099f752c2d738f34e7b,main,2,200,binary,0.8,first_factor,noninferiority_null,-0.1,0.025,0.12,1.0,100000,100000,True,4999,100000,type1,unadjusted,original_R_normal,2459,0.02459,0.0004897482200069746,0.02364821783592453,0.025568306119781684,-0.00041000000000000064,null rejection probability
10,e099f752c2d738f34e7b,main,2,200,binary,0.8,first_factor,noninferiority_null,-0.1,0.025,0.12,1.0,100000,100000,True,4999,100000,type1,unadjusted,refined_R_normal,2457,0.02457,0.0004895540327686006,0.02362859911336033,0.02554792637887039,-0.0004299999999999998,null rejection probability
10,e099f752c2d738f34e7b,main,2,200,binary,0.8,first_factor,noninferiority_null,-0.1,0.025,0.12,1.0,100000,100000,True,4999,100000,type1,unadjusted,original_CRT_data,2372,0.02372,0.0004812209637993757,0.022794960324326787,0.02468163047019532,-0.0012799999999999999,null rejection probability
10,e099f752c2d738f34e7b,main,2,200,binary,0.8,first_factor,noninferiority_null,-0.1,0.025,0.12,1.0,100000,100000,True,4999,100000,type1,unadjusted,refined_CRT_data,2372,0.02372,0.0004812209637993757,0.022794960324326787,0.02468163047019532,-0.0012799999999999999,null rejection probability
10,e099f752c2d738f34e7b,main,2,200,binary,0.8,first_factor,noninferiority_null,-0.1,0.025,0.12,1.0,100000,100000,True,4999,100000,type1,unadjusted,original_R_lattice,2459,0.02459,0.0004897482200069746,0.02364821783592453,0.025568306119781684,-0.00041000000000000064,null rejection probability
10,e099f752c2d738f34e7b,main,2,200,binary,0.8,first_factor,noninferiority_null,-0.1,0.025,0.12,1.0,100000,100000,True,4999,100000,type1,unadjusted,refined_R_lattice,2457,0.02457,0.0004895540327686006,0.02362859911336033,0.02554792637887039,-0.0004299999999999998,null rejection probability
10,e099f752c2d738f34e7b,main,2,200,binary,0.8,first_factor,noninferiority_null,-0.1,0.025,0.12,1.0,100000,100000,True,4999,100000,type1,unadjusted,original_CRT_lattice,2473,0.02473,0.0004911051526913559,0.023785553551843957,0.025710959648190725,-0.0002700000000000029,null rejection probability
10,e099f752c2d738f34e7b,main,2,200,binary,0.8,first_factor,noninferiority_null,-0.1,0.025,0.12,1.0,100000,100000,True,4999,100000,type1,unadjusted,refined_CRT_lattice,2474,0.02474,0.0004912019177486994,0.023795363556709893,0.025721148875062542,-0.0002599999999999998,null rejection probability
10,e099f752c2d738f34e7b,main,2,200,binary,0.8,first_factor,noninferiority_null,-0.1,0.025,0.12,1.0,100000,100000,True,4999,100000,type1,unadjusted,original_CRT_noise,2368,0.02368,0.00048082489120260816,0.022755737958012133,0.02464085590955898,-0.0013200000000000017,null rejection probability
10,e099f752c2d738f34e7b,main,2,200,binary,0.8,first_factor,noninferiority_null,-0.1,0.025,0.12,1.0,100000,100000,True,4999,100000,type1,unadjusted,refined_CRT_noise,2368,0.02368,0.00048082489120260816,0.022755737958012133,0.02464085590955898,-0.0013200000000000017,null rejection probability
10,e099f752c2d738f34e7b,main,2,200,binary,0.8,first_factor,noninferiority_null,-0.1,0.025,0.12,1.0,100000,100000,True,4999,100000,type1,adjusted,RT,2391,0.02391,0.0004830974218519491,0.022981276136295373,0.02487530006124395,-0.0010900000000000007,null rejection probability
10,e099f752c2d738f34e7b,main,2,200,binary,0.8,first_factor,noninferiority_null,-0.1,0.025,0.12,1.0,100000,100000,True,4999,100000,type1,adjusted,original_S_normal,2456,0.02456,0.0004894569071940859,0.023618789814671897,0.025537736445821062,-0.0004400000000000029,null rejection probability
10,e099f752c2d738f34e7b,main,2,200,binary,0.8,first_factor,noninferiority_null,-0.1,0.025,0.12,1.0,100000,100000,True,4999,100000,type1,adjusted,refined_S_normal,2456,0.02456,0.0004894569071940859,0.023618789814671897,0.025537736445821062,-0.0004400000000000029,null rejection probability
10,e099f752c2d738f34e7b,main,2,200,binary,0.8,first_factor,noninferiority_null,-0.1,0.025,0.12,1.0,100000,100000,True,4999,100000,type1,adjusted,original_R_normal,2420,0.0242,0.0004859460875446987,0.02326568307042609,0.02517087084750793,-0.0008000000000000021,null rejection probability
10,e099f752c2d738f34e7b,main,2,200,binary,0.8,first_factor,noninferiority_null,-0.1,0.025,0.12,1.0,100000,100000,True,4999,100000,type1,adjusted,refined_R_normal,2420,0.0242,0.0004859460875446987,0.02326568307042609,0.02517087084750793,-0.0008000000000000021,null rejection probability
10,e099f752c2d738f34e7b,main,2,200,binary,0.8,first_factor,noninferiority_null,-0.1,0.025,0.12,1.0,100000,100000,True,4999,100000,type1,adjusted,original_CRT_data,2425,0.02425,0.0004864353759750621,0.023314722393647427,0.02522182768297534,-0.0007500000000000007,null rejection probability
10,e099f752c2d738f34e7b,main,2,200,binary,0.8,first_factor,noninferiority_null,-0.1,0.025,0.12,1.0,100000,100000,True,4999,100000,type1,adjusted,refined_CRT_data,2425,0.02425,0.0004864353759750621,0.023314722393647427,0.02522182768297534,-0.0007500000000000007,null rejection probability
10,e099f752c2d738f34e7b,main,2,200,binary,0.8,first_factor,noninferiority_null,-0.1,0.025,0.12,1.0,100000,100000,True,4999,100000,type1,adjusted,original_R_lattice,2420,0.0242,0.0004859460875446987,0.02326568307042609,0.02517087084750793,-0.0008000000000000021,null rejection probability
10,e099f752c2d738f34e7b,main,2,200,binary,0.8,first_factor,noninferiority_null,-0.1,0.025,0.12,1.0,100000,100000,True,4999,100000,type1,adjusted,refined_R_lattice,2420,0.0242,0.0004859460875446987,0.02326568307042609,0.02517087084750793,-0.0008000000000000021,null rejection probability
10,e099f752c2d738f34e7b,main,2,200,binary,0.8,first_factor,noninferiority_null,-0.1,0.025,0.12,1.0,100000,100000,True,4999,100000,type1,adjusted,original_CRT_lattice,2456,0.02456,0.0004894569071940859,0.023618789814671897,0.025537736445821062,-0.0004400000000000029,null rejection probability
10,e099f752c2d738f34e7b,main,2,200,binary,0.8,first_factor,noninferiority_null,-0.1,0.025,0.12,1.0,100000,100000,True,4999,100000,type1,adjusted,refined_CRT_lattice,2456,0.02456,0.0004894569071940859,0.023618789814671897,0.025537736445821062,-0.0004400000000000029,null rejection probability
10,e099f752c2d738f34e7b,main,2,200,binary,0.8,first_factor,noninferiority_null,-0.1,0.025,0.12,1.0,100000,100000,True,4999,100000,type1,adjusted,original_CRT_noise,2411,0.02411,0.0004850639947470849,0.023177414979236817,0.02507914585305747,-0.0008900000000000019,null rejection probability
10,e099f752c2d738f34e7b,main,2,200,binary,0.8,first_factor,noninferiority_null,-0.1,0.025,0.12,1.0,100000,100000,True,4999,100000,type1,adjusted,refined_CRT_noise,2411,0.02411,0.0004850639947470849,0.023177414979236817,0.02507914585305747,-0.0008900000000000019,null rejection probability
11,4faeb6271a411ab0cc0f,main,2,200,binary,0.8,first_factor,noninferiority_power,0.1,0.025,0.12,1.0,10000,10000,True,4999,100000,power,unadjusted,RT,8585,0.8585,0.0034853658344569795,0.8515310695501331,0.8651936036180917,nan,power under fixed alternative
11,4faeb6271a411ab0cc0f,main,2,200,binary,0.8,first_factor,noninferiority_power,0.1,0.025,0.12,1.0,10000,10000,True,4999,100000,power,unadjusted,original_S_normal,8608,0.8608,0.0034615510974128345,0.8538768258982529,0.8674460808774668,nan,power under fixed alternative
11,4faeb6271a411ab0cc0f,main,2,200,binary,0.8,first_factor,noninferiority_power,0.1,0.025,0.12,1.0,10000,10000,True,4999,100000,power,unadjusted,refined_S_normal,8611,0.8611,0.0034584214607245316,0.8541828398605574,0.8677398365161398,nan,power under fixed alternative
11,4faeb6271a411ab0cc0f,main,2,200,binary,0.8,first_factor,noninferiority_power,0.1,0.025,0.12,1.0,10000,10000,True,4999,100000,power,unadjusted,original_R_normal,8596,0.8596,0.0034740155440066756,0.8526528759562769,0.8662709524155324,nan,power under fixed alternative
11,4faeb6271a411ab0cc0f,main,2,200,binary,0.8,first_factor,noninferiority_power,0.1,0.025,0.12,1.0,10000,10000,True,4999,100000,power,unadjusted,refined_R_normal,8597,0.8597,0.003472980132393504,0.8527548653397593,0.8663688862323758,nan,power under fixed alternative
11,4faeb6271a411ab0cc0f,main,2,200,binary,0.8,first_factor,noninferiority_power,0.1,0.025,0.12,1.0,10000,10000,True,4999,100000,power,unadjusted,original_CRT_data,8595,0.8595,0.0034750503593473287,0.8525508877400736,0.86617301743141,nan,power under fixed alternative
11,4faeb6271a411ab0cc0f,main,2,200,binary,0.8,first_factor,noninferiority_power,0.1,0.025,0.12,1.0,10000,10000,True,4999,100000,power,unadjusted,refined_CRT_data,8595,0.8595,0.0034750503593473287,0.8525508877400736,0.86617301743141,nan,power under fixed alternative
11,4faeb6271a411ab0cc0f,main,2,200,binary,0.8,first_factor,noninferiority_power,0.1,0.025,0.12,1.0,10000,10000,True,4999,100000,power,unadjusted,original_R_lattice,8596,0.8596,0.0034740155440066756,0.8526528759562769,0.8662709524155324,nan,power under fixed alternative
11,4faeb6271a411ab0cc0f,main,2,200,binary,0.8,first_factor,noninferiority_power,0.1,0.025,0.12,1.0,10000,10000,True,4999,100000,power,unadjusted,refined_R_lattice,8597,0.8597,0.003472980132393504,0.8527548653397593,0.8663688862323758,nan,power under fixed alternative
11,4faeb6271a411ab0cc0f,main,2,200,binary,0.8,first_factor,noninferiority_power,0.1,0.025,0.12,1.0,10000,10000,True,4999,100000,power,unadjusted,original_CRT_lattice,8608,0.8608,0.0034615510974128345,0.8538768258982529,0.8674460808774668,nan,power under fixed alternative
11,4faeb6271a411ab0cc0f,main,2,200,binary,0.8,first_factor,noninferiority_power,0.1,0.025,0.12,1.0,10000,10000,True,4999,100000,power,unadjusted,refined_CRT_lattice,8611,0.8611,0.0034584214607245316,0.8541828398605574,0.8677398365161398,nan,power under fixed alternative
11,4faeb6271a411ab0cc0f,main,2,200,binary,0.8,first_factor,noninferiority_power,0.1,0.025,0.12,1.0,10000,10000,True,4999,100000,power,unadjusted,original_CRT_noise,8593,0.8593,0.003477118203340232,0.8523469148053394,0.8659771439654923,nan,power under fixed alternative
11,4faeb6271a411ab0cc0f,main,2,200,binary,0.8,first_factor,noninferiority_power,0.1,0.025,0.12,1.0,10000,10000,True,4999,100000,power,unadjusted,refined_CRT_noise,8593,0.8593,0.003477118203340232,0.8523469148053394,0.8659771439654923,nan,power under fixed alternative
11,4faeb6271a411ab0cc0f,main,2,200,binary,0.8,first_factor,noninferiority_power,0.1,0.025,0.12,1.0,10000,10000,True,4999,100000,power,adjusted,RT,8590,0.859,0.003480215510568275,0.8520409641318498,0.8656833250380043,nan,power under fixed alternative
11,4faeb6271a411ab0cc0f,main,2,200,binary,0.8,first_factor,noninferiority_power,0.1,0.025,0.12,1.0,10000,10000,True,4999,100000,power,adjusted,original_S_normal,8609,0.8609,0.0034605084886472973,0.8539788293710087,0.867544000605037,nan,power under fixed alternative
11,4faeb6271a411ab0cc0f,main,2,200,binary,0.8,first_factor,noninferiority_power,0.1,0.025,0.12,1.0,10000,10000,True,4999,100000,power,adjusted,refined_S_normal,8609,0.8609,0.0034605084886472973,0.8539788293710087,0.867544000605037,nan,power under fixed alternative
11,4faeb6271a411ab0cc0f,main,2,200,binary,0.8,first_factor,noninferiority_power,0.1,0.025,0.12,1.0,10000,10000,True,4999,100000,power,adjusted,original_R_normal,8593,0.8593,0.003477118203340232,0.8523469148053394,0.8659771439654923,nan,power under fixed alternative
11,4faeb6271a411ab0cc0f,main,2,200,binary,0.8,first_factor,noninferiority_power,0.1,0.025,0.12,1.0,10000,10000,True,4999,100000,power,adjusted,refined_R_normal,8593,0.8593,0.003477118203340232,0.8523469148053394,0.8659771439654923,nan,power under fixed alternative
11,4faeb6271a411ab0cc0f,main,2,200,binary,0.8,first_factor,noninferiority_power,0.1,0.025,0.12,1.0,10000,10000,True,4999,100000,power,adjusted,original_CRT_data,8603,0.8603,0.0034667551110512556,0.8533668262120805,0.8669564645620099,nan,power under fixed alternative
11,4faeb6271a411ab0cc0f,main,2,200,binary,0.8,first_factor,noninferiority_power,0.1,0.025,0.12,1.0,10000,10000,True,4999,100000,power,adjusted,refined_CRT_data,8603,0.8603,0.0034667551110512556,0.8533668262120805,0.8669564645620099,nan,power under fixed alternative
11,4faeb6271a411ab0cc0f,main,2,200,binary,0.8,first_factor,noninferiority_power,0.1,0.025,0.12,1.0,10000,10000,True,4999,100000,power,adjusted,original_R_lattice,8593,0.8593,0.003477118203340232,0.8523469148053394,0.8659771439654923,nan,power under fixed alternative
11,4faeb6271a411ab0cc0f,main,2,200,binary,0.8,first_factor,noninferiority_power,0.1,0.025,0.12,1.0,10000,10000,True,4999,100000,power,adjusted,refined_R_lattice,8593,0.8593,0.003477118203340232,0.8523469148053394,0.8659771439654923,nan,power under fixed alternative
11,4faeb6271a411ab0cc0f,main,2,200,binary,0.8,first_factor,noninferiority_power,0.1,0.025,0.12,1.0,10000,10000,True,4999,100000,power,adjusted,original_CRT_lattice,8609,0.8609,0.0034605084886472973,0.8539788293710087,0.867544000605037,nan,power under fixed alternative
11,4faeb6271a411ab0cc0f,main,2,200,binary,0.8,first_factor,noninferiority_power,0.1,0.025,0.12,1.0,10000,10000,True,4999,100000,power,adjusted,refined_CRT_lattice,8609,0.8609,0.0034605084886472973,0.8539788293710087,0.867544000605037,nan,power under fixed alternative
11,4faeb6271a411ab0cc0f,main,2,200,binary,0.8,first_factor,noninferiority_power,0.1,0.025,0.12,1.0,10000,10000,True,4999,100000,power,adjusted,original_CRT_noise,8596,0.8596,0.0034740155440066756,0.8526528759562769,0.8662709524155324,nan,power under fixed alternative
11,4faeb6271a411ab0cc0f,main,2,200,binary,0.8,first_factor,noninferiority_power,0.1,0.025,0.12,1.0,10000,10000,True,4999,100000,power,adjusted,refined_CRT_noise,8596,0.8596,0.0034740155440066756,0.8526528759562769,0.8662709524155324,nan,power under fixed alternative
12,f28640855cc46a5880e0,main,2,200,binary,0.8,interaction,superiority_null,0.0,0.05,0.12,1.0,100000,100000,True,4999,100000,type1,unadjusted,RT,4189,0.04189,0.0006335237004248538,0.04066581294992722,0.04314938191208361,-0.008110000000000006,null rejection probability
12,f28640855cc46a5880e0,main,2,200,binary,0.8,interaction,superiority_null,0.0,0.05,0.12,1.0,100000,100000,True,4999,100000,type1,unadjusted,original_S_normal,4998,0.04998,0.0006890718366034125,0.04864664599678967,0.05134792734105957,-2.0000000000006124e-05,null rejection probability
12,f28640855cc46a5880e0,main,2,200,binary,0.8,interaction,superiority_null,0.0,0.05,0.12,1.0,100000,100000,True,4999,100000,type1,unadjusted,refined_S_normal,4999,0.04999,0.0006891371409233433,0.04865651763640037,0.051358054933186625,-1.0000000000003062e-05,null rejection probability
12,f28640855cc46a5880e0,main,2,200,binary,0.8,interaction,superiority_null,0.0,0.05,0.12,1.0,100000,100000,True,4999,100000,type1,unadjusted,original_R_normal,4966,0.04966,0.0006869780520511555,0.04833076145746767,0.05102383646477363,-0.00034,null rejection probability
12,f28640855cc46a5880e0,main,2,200,binary,0.8,interaction,superiority_null,0.0,0.05,0.12,1.0,100000,100000,True,4999,100000,type1,unadjusted,refined_R_normal,4967,0.04967,0.0006870436019642422,0.04834063261587106,0.05103396453810799,-0.0003300000000000039,null rejection probability
12,f28640855cc46a5880e0,main,2,200,binary,0.8,interaction,superiority_null,0.0,0.05,0.12,1.0,100000,100000,True,4999,100000,type1,unadjusted,original_CRT_data,4191,0.04191,0.0006336683036100196,0.04068552880941014,0.0431696645160762,-0.00809,null rejection probability
12,f28640855cc46a5880e0,main,2,200,binary,0.8,interaction,superiority_null,0.0,0.05,0.12,1.0,100000,100000,True,4999,100000,type1,unadjusted,refined_CRT_data,4191,0.04191,0.0006336683036100196,0.04068552880941014,0.0431696645160762,-0.00809,null rejection probability
12,f28640855cc46a5880e0,main,2,200,binary,0.8,interaction,superiority_null,0.0,0.05,0.12,1.0,100000,100000,True,4999,100000,type1,unadjusted,original_R_lattice,4016,0.04016,0.0006208637080712642,0.03896068855198661,0.04139463921939377,-0.009840000000000002,null rejection probability
12,f28640855cc46a5880e0,main,2,200,binary,0.8,interaction,superiority_null,0.0,0.05,0.12,1.0,100000,100000,True,4999,100000,type1,unadjusted,refined_R_lattice,4015,0.04015,0.0006207896382833721,0.03895083408657532,0.0413844944530673,-0.009850000000000005,null rejection probability
12,f28640855cc46a5880e0,main,2,200,binary,0.8,interaction,superiority_null,0.0,0.05,0.12,1.0,100000,100000,True,4999,100000,type1,unadjusted,original_CRT_lattice,4017,0.04017,0.0006209377674131281,0.03897054303786408,0.041404783965254044,-0.009830000000000005,null rejection probability
12,f28640855cc46a5880e0,main,2,200,binary,0.8,interaction,superiority_null,0.0,0.05,0.12,1.0,100000,100000,True,4999,100000,type1,unadjusted,refined_CRT_lattice,4016,0.04016,0.0006208637080712642,0.03896068855198661,0.04139463921939377,-0.009840000000000002,null rejection probability
12,f28640855cc46a5880e0,main,2,200,binary,0.8,interaction,superiority_null,0.0,0.05,0.12,1.0,100000,100000,True,4999,100000,type1,unadjusted,original_CRT_noise,4189,0.04189,0.0006335237004248538,0.04066581294992722,0.04314938191208361,-0.008110000000000006,null rejection probability
12,f28640855cc46a5880e0,main,2,200,binary,0.8,interaction,superiority_null,0.0,0.05,0.12,1.0,100000,100000,True,4999,100000,type1,unadjusted,refined_CRT_noise,4189,0.04189,0.0006335237004248538,0.04066581294992722,0.04314938191208361,-0.008110000000000006,null rejection probability
12,f28640855cc46a5880e0,main,2,200,binary,0.8,interaction,superiority_null,0.0,0.05,0.12,1.0,100000,100000,True,4999,100000,type1,adjusted,RT,4808,0.04808,0.000676522827404959,0.0467713111099933,0.04942340819768376,-0.001920000000000005,null rejection probability
12,f28640855cc46a5880e0,main,2,200,binary,0.8,interaction,superiority_null,0.0,0.05,0.12,1.0,100000,100000,True,4999,100000,type1,adjusted,original_S_normal,5017,0.05017,0.000690311314553079,0.048834209704664615,0.05154034903620185,0.00016999999999999654,null rejection probability
12,f28640855cc46a5880e0,main,2,200,binary,0.8,interaction,superiority_null,0.0,0.05,0.12,1.0,100000,100000,True,4999,100000,type1,adjusted,refined_S_normal,5016,0.05016,0.000690246147399607,0.04882433779629399,0.05153022171283473,0.00016000000000000042,null rejection probability
12,f28640855cc46a5880e0,main,2,200,binary,0.8,interaction,superiority_null,0.0,0.05,0.12,1.0,100000,100000,True,4999,100000,type1,adjusted,original_R_normal,4968,0.04968,0.0006871091441685229,0.04835050378937883,0.05104409259633798,-0.00032000000000000084,null rejection probability
12,f28640855cc46a5880e0,main,2,200,binary,0.8,interaction,superiority_null,0.0,0.05,0.12,1.0,100000,100000,True,4999,100000,type1,adjusted,refined_R_normal,4967,0.04967,0.0006870436019642422,0.04834063261587106,0.05103396453810799,-0.0003300000000000039,null rejection probability
12,f28640855cc46a5880e0,main,2,200,binary,0.8,interaction,superiority_null,0.0,0.05,0.12,1.0,100000,100000,True,4999,100000,type1,adjusted,original_CRT_data,4890,0.0489,0.0006819735332107838,0.04758059794620723,0.05025405836396519,-0.0011000000000000038,null rejection probability
12,f28640855cc46a5880e0,main,2,200,binary,0.8,interaction,superiority_null,0.0,0.05,0.12,1.0,100000,100000,True,4999,100000,type1,adjusted,refined_CRT_data,4890,0.0489,0.0006819735332107838,0.04758059794620723,0.05025405836396519,-0.0011000000000000038,null rejection probability
12,f28640855cc46a5880e0,main,2,200,binary,0.8,interaction,superiority_null,0.0,0.05,0.12,1.0,100000,100000,True,4999,100000,type1,adjusted,original_R_lattice,4968,0.04968,0.0006871091441685229,0.04835050378937883,0.05104409259633798,-0.00032000000000000084,null rejection probability
12,f28640855cc46a5880e0,main,2,200,binary,0.8,interaction,superiority_null,0.0,0.05,0.12,1.0,100000,100000,True,4999,100000,type1,adjusted,refined_R_lattice,4967,0.04967,0.0006870436019642422,0.04834063261587106,0.05103396453810799,-0.0003300000000000039,null rejection probability
12,f28640855cc46a5880e0,main,2,200,binary,0.8,interaction,superiority_null,0.0,0.05,0.12,1.0,100000,100000,True,4999,100000,type1,adjusted,original_CRT_lattice,5017,0.05017,0.000690311314553079,0.048834209704664615,0.05154034903620185,0.00016999999999999654,null rejection probability
12,f28640855cc46a5880e0,main,2,200,binary,0.8,interaction,superiority_null,0.0,0.05,0.12,1.0,100000,100000,True,4999,100000,type1,adjusted,refined_CRT_lattice,5016,0.05016,0.000690246147399607,0.04882433779629399,0.05153022171283473,0.00016000000000000042,null rejection probability
12,f28640855cc46a5880e0,main,2,200,binary,0.8,interaction,superiority_null,0.0,0.05,0.12,1.0,100000,100000,True,4999,100000,type1,adjusted,original_CRT_noise,4861,0.04861,0.0006800519678671624,0.0472943747503396,0.04996030383943812,-0.0013900000000000023,null rejection probability
12,f28640855cc46a5880e0,main,2,200,binary,0.8,interaction,superiority_null,0.0,0.05,0.12,1.0,100000,100000,True,4999,100000,type1,adjusted,refined_CRT_noise,4861,0.04861,0.0006800519678671624,0.0472943747503396,0.04996030383943812,-0.0013900000000000023,null rejection probability
13,41d5838dd7c9ddb14917,main,2,200,binary,0.8,interaction,superiority_power,0.2,0.05,0.12,1.0,10000,10000,True,4999,100000,power,unadjusted,RT,8589,0.8589,0.003481246759423986,0.8519389828975105,0.8655853830720178,nan,power under fixed alternative
13,41d5838dd7c9ddb14917,main,2,200,binary,0.8,interaction,superiority_power,0.2,0.05,0.12,1.0,10000,10000,True,4999,100000,power,unadjusted,original_S_normal,8748,0.8748,0.003309455544345625,0.8681693124311033,0.8811428423902375,nan,power under fixed alternative
13,41d5838dd7c9ddb14917,main,2,200,binary,0.8,interaction,superiority_power,0.2,0.05,0.12,1.0,10000,10000,True,4999,100000,power,unadjusted,refined_S_normal,8750,0.875,0.003307189138830738,0.8683736740520526,0.8813383271699399,nan,power under fixed alternative
13,41d5838dd7c9ddb14917,main,2,200,binary,0.8,interaction,superiority_power,0.2,0.05,0.12,1.0,10000,10000,True,4999,100000,power,unadjusted,original_R_normal,8728,0.8728,0.003331968787368813,0.8661259914211681,0.8791876993936554,nan,power under fixed alternative
13,41d5838dd7c9ddb14917,main,2,200,binary,0.8,interaction,superiority_power,0.2,0.05,0.12,1.0,10000,10000,True,4999,100000,power,unadjusted,refined_R_normal,8731,0.8731,0.0033286091690073803,0.8664324555761751,0.879481004839626,nan,power under fixed alternative
13,41d5838dd7c9ddb14917,main,2,200,binary,0.8,interaction,superiority_power,0.2,0.05,0.12,1.0,10000,10000,True,4999,100000,power,unadjusted,original_CRT_data,8589,0.8589,0.003481246759423986,0.8519389828975105,0.8655853830720178,nan,power under fixed alternative
13,41d5838dd7c9ddb14917,main,2,200,binary,0.8,interaction,superiority_power,0.2,0.05,0.12,1.0,10000,10000,True,4999,100000,power,unadjusted,refined_CRT_data,8589,0.8589,0.003481246759423986,0.8519389828975105,0.8655853830720178,nan,power under fixed alternative
13,41d5838dd7c9ddb14917,main,2,200,binary,0.8,interaction,superiority_power,0.2,0.05,0.12,1.0,10000,10000,True,4999,100000,power,unadjusted,original_R_lattice,8559,0.8559,0.003511911018234944,0.8488800807106506,0.8626465892491019,nan,power under fixed alternative
13,41d5838dd7c9ddb14917,main,2,200,binary,0.8,interaction,superiority_power,0.2,0.05,0.12,1.0,10000,10000,True,4999,100000,power,unadjusted,refined_R_lattice,8560,0.856,0.0035108973211986708,0.8489820275845624,0.8627445655755158,nan,power under fixed alternative
13,41d5838dd7c9ddb14917,main,2,200,binary,0.8,interaction,superiority_power,0.2,0.05,0.12,1.0,10000,10000,True,4999,100000,power,unadjusted,original_CRT_lattice,8559,0.8559,0.003511911018234944,0.8488800807106506,0.8626465892491019,nan,power under fixed alternative
13,41d5838dd7c9ddb14917,main,2,200,binary,0.8,interaction,superiority_power,0.2,0.05,0.12,1.0,10000,10000,True,4999,100000,power,unadjusted,refined_CRT_lattice,8560,0.856,0.0035108973211986708,0.8489820275845624,0.8627445655755158,nan,power under fixed alternative
13,41d5838dd7c9ddb14917,main,2,200,binary,0.8,interaction,superiority_power,0.2,0.05,0.12,1.0,10000,10000,True,4999,100000,power,unadjusted,original_CRT_noise,8589,0.8589,0.003481246759423986,0.8519389828975105,0.8655853830720178,nan,power under fixed alternative
13,41d5838dd7c9ddb14917,main,2,200,binary,0.8,interaction,superiority_power,0.2,0.05,0.12,1.0,10000,10000,True,4999,100000,power,unadjusted,refined_CRT_noise,8589,0.8589,0.003481246759423986,0.8519389828975105,0.8655853830720178,nan,power under fixed alternative
13,41d5838dd7c9ddb14917,main,2,200,binary,0.8,interaction,superiority_power,0.2,0.05,0.12,1.0,10000,10000,True,4999,100000,power,adjusted,RT,8714,0.8714,0.003347566877599311,0.8646959822109465,0.8778187837993149,nan,power under fixed alternative
13,41d5838dd7c9ddb14917,main,2,200,binary,0.8,interaction,superiority_power,0.2,0.05,0.12,1.0,10000,10000,True,4999,100000,power,adjusted,original_S_normal,8737,0.8737,0.003321871611004856,0.8670454197485681,0.8800675798691883,nan,power under fixed alternative
13,41d5838dd7c9ddb14917,main,2,200,binary,0.8,interaction,superiority_power,0.2,0.05,0.12,1.0,10000,10000,True,4999,100000,power,adjusted,refined_S_normal,8737,0.8737,0.003321871611004856,0.8670454197485681,0.8800675798691883,nan,power under fixed alternative
13,41d5838dd7c9ddb14917,main,2,200,binary,0.8,interaction,superiority_power,0.2,0.05,0.12,1.0,10000,10000,True,4999,100000,power,adjusted,original_R_normal,8720,0.872,0.003340898082851376,0.8653088117842375,0.8784054934279791,nan,power under fixed alternative
13,41d5838dd7c9ddb14917,main,2,200,binary,0.8,interaction,superiority_power,0.2,0.05,0.12,1.0,10000,10000,True,4999,100000,power,adjusted,refined_R_normal,8720,0.872,0.003340898082851376,0.8653088117842375,0.8784054934279791,nan,power under fixed alternative
13,41d5838dd7c9ddb14917,main,2,200,binary,0.8,interaction,superiority_power,0.2,0.05,0.12,1.0,10000,10000,True,4999,100000,power,adjusted,original_CRT_data,8733,0.8733,0.003326366035180134,0.866636771645077,0.8796765351713757,nan,power under fixed alternative
13,41d5838dd7c9ddb14917,main,2,200,binary,0.8,interaction,superiority_power,0.2,0.05,0.12,1.0,10000,10000,True,4999,100000,power,adjusted,refined_CRT_data,8733,0.8733,0.003326366035180134,0.866636771645077,0.8796765351713757,nan,power under fixed alternative
13,41d5838dd7c9ddb14917,main,2,200,binary,0.8,interaction,superiority_power,0.2,0.05,0.12,1.0,10000,10000,True,4999,100000,power,adjusted,original_R_lattice,8720,0.872,0.003340898082851376,0.8653088117842375,0.8784054934279791,nan,power under fixed alternative
13,41d5838dd7c9ddb14917,main,2,200,binary,0.8,interaction,superiority_power,0.2,0.05,0.12,1.0,10000,10000,True,4999,100000,power,adjusted,refined_R_lattice,8720,0.872,0.003340898082851376,0.8653088117842375,0.8784054934279791,nan,power under fixed alternative
13,41d5838dd7c9ddb14917,main,2,200,binary,0.8,interaction,superiority_power,0.2,0.05,0.12,1.0,10000,10000,True,4999,100000,power,adjusted,original_CRT_lattice,8737,0.8737,0.003321871611004856,0.8670454197485681,0.8800675798691883,nan,power under fixed alternative
13,41d5838dd7c9ddb14917,main,2,200,binary,0.8,interaction,superiority_power,0.2,0.05,0.12,1.0,10000,10000,True,4999,100000,power,adjusted,refined_CRT_lattice,8737,0.8737,0.003321871611004856,0.8670454197485681,0.8800675798691883,nan,power under fixed alternative
13,41d5838dd7c9ddb14917,main,2,200,binary,0.8,interaction,superiority_power,0.2,0.05,0.12,1.0,10000,10000,True,4999,100000,power,adjusted,original_CRT_noise,8730,0.873,0.0033297297187609687,0.8663302995327313,0.879383237682744,nan,power under fixed alternative
13,41d5838dd7c9ddb14917,main,2,200,binary,0.8,interaction,superiority_power,0.2,0.05,0.12,1.0,10000,10000,True,4999,100000,power,adjusted,refined_CRT_noise,8730,0.873,0.0033297297187609687,0.8663302995327313,0.879383237682744,nan,power under fixed alternative
14,2e99017baf88ab41b624,main,2,200,binary,0.8,interaction,noninferiority_null,-0.1,0.025,0.12,1.0,100000,100000,True,4999,100000,type1,unadjusted,RT,2313,0.02313,0.00047534201476410646,0.022216502655859133,0.024080133466135824,-0.0018700000000000001,null rejection probability
14,2e99017baf88ab41b624,main,2,200,binary,0.8,interaction,noninferiority_null,-0.1,0.025,0.12,1.0,100000,100000,True,4999,100000,type1,unadjusted,original_S_normal,2490,0.0249,0.0004927472983183165,0.023952329237404747,0.02588417090217166,-0.00010000000000000286,null rejection probability
14,2e99017baf88ab41b624,main,2,200,binary,0.8,interaction,noninferiority_null,-0.1,0.025,0.12,1.0,100000,100000,True,4999,100000,type1,unadjusted,refined_S_normal,2497,0.02497,0.0004934217171953419,0.024021005023526623,0.025955489738214023,-3.0000000000002247e-05,null rejection probability
14,2e99017baf88ab41b624,main,2,200,binary,0.8,interaction,noninferiority_null,-0.1,0.025,0.12,1.0,100000,100000,True,4999,100000,type1,unadjusted,original_R_normal,2419,0.02419,0.000485848164553495,0.023255875333699532,0.025160679352496742,-0.0008100000000000017,null rejection probability
14,2e99017baf88ab41b624,main,2,200,binary,0.8,interaction,noninferiority_null,-0.1,0.025,0.12,1.0,100000,100000,True,4999,100000,type1,unadjusted,refined_R_normal,2419,0.02419,0.000485848164553495,0.023255875333699532,0.025160679352496742,-0.0008100000000000017,null rejection probability
14,2e99017baf88ab41b624,main,2,200,binary,0.8,interaction,noninferiority_null,-0.1,0.025,0.12,1.0,100000,100000,True,4999,100000,type1,unadjusted,original_CRT_data,2333,0.02333,0.0004773438079623533,0.022412572511381672,0.02428404824536825,-0.0016700000000000013,null rejection probability
14,2e99017baf88ab41b624,main,2,200,binary,0.8,interaction,noninferiority_null,-0.1,0.025,0.12,1.0,100000,100000,True,4999,100000,type1,unadjusted,refined_CRT_data,2333,0.02333,0.0004773438079623533,0.022412572511381672,0.02428404824536825,-0.0016700000000000013,null rejection probability
14,2e99017baf88ab41b624,main,2,200,binary,0.8,interaction,noninferiority_null,-0.1,0.025,0.12,1.0,100000,100000,True,4999,100000,type1,unadjusted,original_R_lattice,2419,0.02419,0.000485848164553495,0.023255875333699532,0.025160679352496742,-0.0008100000000000017,null rejection probability
14,2e99017baf88ab41b624,main,2,200,binary,0.8,interaction,noninferiority_null,-0.1,0.025,0.12,1.0,100000,100000,True,4999,100000,type1,unadjusted,refined_R_lattice,2419,0.02419,0.000485848164553495,0.023255875333699532,0.025160679352496742,-0.0008100000000000017,null rejection probability
14,2e99017baf88ab41b624,main,2,200,binary,0.8,interaction,noninferiority_null,-0.1,0.025,0.12,1.0,100000,100000,True,4999,100000,type1,unadjusted,original_CRT_lattice,2490,0.0249,0.0004927472983183165,0.023952329237404747,0.02588417090217166,-0.00010000000000000286,null rejection probability
14,2e99017baf88ab41b624,main,2,200,binary,0.8,interaction,noninferiority_null,-0.1,0.025,0.12,1.0,100000,100000,True,4999,100000,type1,unadjusted,refined_CRT_lattice,2497,0.02497,0.0004934217171953419,0.024021005023526623,0.025955489738214023,-3.0000000000002247e-05,null rejection probability
14,2e99017baf88ab41b624,main,2,200,binary,0.8,interaction,noninferiority_null,-0.1,0.025,0.12,1.0,100000,100000,True,4999,100000,type1,unadjusted,original_CRT_noise,2324,0.02324,0.00047644414572959123,0.02232433883423656,0.024192288836873625,-0.0017600000000000011,null rejection probability
14,2e99017baf88ab41b624,main,2,200,binary,0.8,interaction,noninferiority_null,-0.1,0.025,0.12,1.0,100000,100000,True,4999,100000,type1,unadjusted,refined_CRT_noise,2324,0.02324,0.00047644414572959123,0.02232433883423656,0.024192288836873625,-0.0017600000000000011,null rejection probability
14,2e99017baf88ab41b624,main,2,200,binary,0.8,interaction,noninferiority_null,-0.1,0.025,0.12,1.0,100000,100000,True,4999,100000,type1,adjusted,RT,2360,0.0236,0.0004800316656221754,0.022677295341582773,0.024559304672086352,-0.001400000000000002,null rejection probability
14,2e99017baf88ab41b624,main,2,200,binary,0.8,interaction,noninferiority_null,-0.1,0.025,0.12,1.0,100000,100000,True,4999,100000,type1,adjusted,original_S_normal,2429,0.02429,0.00048682641567606,0.023353954618188826,0.02526259238538493,-0.0007100000000000023,null rejection probability
14,2e99017baf88ab41b624,main,2,200,binary,0.8,interaction,noninferiority_null,-0.1,0.025,0.12,1.0,100000,100000,True,4999,100000,type1,adjusted,refined_S_normal,2428,0.02428,0.0004867286882853732,0.02334414649832567,0.02525240127351034,-0.0007200000000000019,null rejection probability
14,2e99017baf88ab41b624,main,2,200,binary,0.8,interaction,noninferiority_null,-0.1,0.025,0.12,1.0,100000,100000,True,4999,100000,type1,adjusted,original_R_normal,2361,0.02361,0.0004801308977768458,0.022687100513979912,0.02456949873142696,-0.0013900000000000023,null rejection probability
14,2e99017baf88ab41b624,main,2,200,binary,0.8,interaction,noninferiority_null,-0.1,0.025,0.12,1.0,100000,100000,True,4999,100000,type1,adjusted,refined_R_normal,2361,0.02361,0.0004801308977768458,0.022687100513979912,0.02456949873142696,-0.0013900000000000023,null rejection probability
14,2e99017baf88ab41b624,main,2,200,binary,0.8,interaction,noninferiority_null,-0.1,0.025,0.12,1.0,100000,100000,True,4999,100000,type1,adjusted,original_CRT_data,2394,0.02394,0.00048339297057363174,0.023010695860371914,0.024905878032380657,-0.001060000000000002,null rejection probability
14,2e99017baf88ab41b624,main,2,200,binary,0.8,interaction,noninferiority_null,-0.1,0.025,0.12,1.0,100000,100000,True,4999,100000,type1,adjusted,refined_CRT_data,2394,0.02394,0.00048339297057363174,0.023010695860371914,0.024905878032380657,-0.001060000000000002,null rejection probability
14,2e99017baf88ab41b624,main,2,200,binary,0.8,interaction,noninferiority_null,-0.1,0.025,0.12,1.0,100000,100000,True,4999,100000,type1,adjusted,original_R_lattice,2361,0.02361,0.0004801308977768458,0.022687100513979912,0.02456949873142696,-0.0013900000000000023,null rejection probability
14,2e99017baf88ab41b624,main,2,200,binary,0.8,interaction,noninferiority_null,-0.1,0.025,0.12,1.0,100000,100000,True,4999,100000,type1,adjusted,refined_R_lattice,2361,0.02361,0.0004801308977768458,0.022687100513979912,0.02456949873142696,-0.0013900000000000023,null rejection probability
14,2e99017baf88ab41b624,main,2,200,binary,0.8,interaction,noninferiority_null,-0.1,0.025,0.12,1.0,100000,100000,True,4999,100000,type1,adjusted,original_CRT_lattice,2429,0.02429,0.00048682641567606,0.023353954618188826,0.02526259238538493,-0.0007100000000000023,null rejection probability
14,2e99017baf88ab41b624,main,2,200,binary,0.8,interaction,noninferiority_null,-0.1,0.025,0.12,1.0,100000,100000,True,4999,100000,type1,adjusted,refined_CRT_lattice,2428,0.02428,0.0004867286882853732,0.02334414649832567,0.02525240127351034,-0.0007200000000000019,null rejection probability
14,2e99017baf88ab41b624,main,2,200,binary,0.8,interaction,noninferiority_null,-0.1,0.025,0.12,1.0,100000,100000,True,4999,100000,type1,adjusted,original_CRT_noise,2385,0.02385,0.00048250572535463247,0.022922437861541814,0.02481414294557102,-0.0011500000000000017,null rejection probability
14,2e99017baf88ab41b624,main,2,200,binary,0.8,interaction,noninferiority_null,-0.1,0.025,0.12,1.0,100000,100000,True,4999,100000,type1,adjusted,refined_CRT_noise,2385,0.02385,0.00048250572535463247,0.022922437861541814,0.02481414294557102,-0.0011500000000000017,null rejection probability
15,18b7c3e3845c96debf74,main,2,200,binary,0.8,interaction,noninferiority_power,0.1,0.025,0.12,1.0,10000,10000,True,4999,100000,power,unadjusted,RT,8430,0.843,0.003638007696528418,0.8357380770429808,0.849998500074735,nan,power under fixed alternative
15,18b7c3e3845c96debf74,main,2,200,binary,0.8,interaction,noninferiority_power,0.1,0.025,0.12,1.0,10000,10000,True,4999,100000,power,unadjusted,original_S_normal,8468,0.8468,0.0036018017713361186,0.8396075269288111,0.8537261318012875,nan,power under fixed alternative
15,18b7c3e3845c96debf74,main,2,200,binary,0.8,interaction,noninferiority_power,0.1,0.025,0.12,1.0,10000,10000,True,4999,100000,power,unadjusted,refined_S_normal,8469,0.8469,0.0036008386523142077,0.8397093747844673,0.8538242071459572,nan,power under fixed alternative
15,18b7c3e3845c96debf74,main,2,200,binary,0.8,interaction,noninferiority_power,0.1,0.025,0.12,1.0,10000,10000,True,4999,100000,power,unadjusted,original_R_normal,8454,0.8454,0.0036152294532989186,0.8381817665554714,0.8523529673700652,nan,power under fixed alternative
15,18b7c3e3845c96debf74,main,2,200,binary,0.8,interaction,noninferiority_power,0.1,0.025,0.12,1.0,10000,10000,True,4999,100000,power,unadjusted,refined_R_normal,8454,0.8454,0.0036152294532989186,0.8381817665554714,0.8523529673700652,nan,power under fixed alternative
15,18b7c3e3845c96debf74,main,2,200,binary,0.8,interaction,noninferiority_power,0.1,0.025,0.12,1.0,10000,10000,True,4999,100000,power,unadjusted,original_CRT_data,8438,0.8438,0.003630448457146858,0.8365525746104459,0.850783388109877,nan,power under fixed alternative
15,18b7c3e3845c96debf74,main,2,200,binary,0.8,interaction,noninferiority_power,0.1,0.025,0.12,1.0,10000,10000,True,4999,100000,power,unadjusted,refined_CRT_data,8438,0.8438,0.003630448457146858,0.8365525746104459,0.850783388109877,nan,power under fixed alternative
15,18b7c3e3845c96debf74,main,2,200,binary,0.8,interaction,noninferiority_power,0.1,0.025,0.12,1.0,10000,10000,True,4999,100000,power,unadjusted,original_R_lattice,8454,0.8454,0.0036152294532989186,0.8381817665554714,0.8523529673700652,nan,power under fixed alternative
15,18b7c3e3845c96debf74,main,2,200,binary,0.8,interaction,noninferiority_power,0.1,0.025,0.12,1.0,10000,10000,True,4999,100000,power,unadjusted,refined_R_lattice,8454,0.8454,0.0036152294532989186,0.8381817665554714,0.8523529673700652,nan,power under fixed alternative
15,18b7c3e3845c96debf74,main,2,200,binary,0.8,interaction,noninferiority_power,0.1,0.025,0.12,1.0,10000,10000,True,4999,100000,power,unadjusted,original_CRT_lattice,8468,0.8468,0.0036018017713361186,0.8396075269288111,0.8537261318012875,nan,power under fixed alternative
15,18b7c3e3845c96debf74,main,2,200,binary,0.8,interaction,noninferiority_power,0.1,0.025,0.12,1.0,10000,10000,True,4999,100000,power,unadjusted,refined_CRT_lattice,8469,0.8469,0.0036008386523142077,0.8397093747844673,0.8538242071459572,nan,power under fixed alternative
15,18b7c3e3845c96debf74,main,2,200,binary,0.8,interaction,noninferiority_power,0.1,0.025,0.12,1.0,10000,10000,True,4999,100000,power,unadjusted,original_CRT_noise,8437,0.8437,0.003631395186426286,0.8364507588427376,0.8506852806772592,nan,power under fixed alternative
15,18b7c3e3845c96debf74,main,2,200,binary,0.8,interaction,noninferiority_power,0.1,0.025,0.12,1.0,10000,10000,True,4999,100000,power,unadjusted,refined_CRT_noise,8437,0.8437,0.003631395186426286,0.8364507588427376,0.8506852806772592,nan,power under fixed alternative
15,18b7c3e3845c96debf74,main,2,200,binary,0.8,interaction,noninferiority_power,0.1,0.025,0.12,1.0,10000,10000,True,4999,100000,power,adjusted,RT,8449,0.8449,0.0036199998618784506,0.8376726157433282,0.8518625021805791,nan,power under fixed alternative
15,18b7c3e3845c96debf74,main,2,200,binary,0.8,interaction,noninferiority_power,0.1,0.025,0.12,1.0,10000,10000,True,4999,100000,power,adjusted,original_S_normal,8466,0.8466,0.003603726404709436,0.8394038343591067,0.8535299779703404,nan,power under fixed alternative
15,18b7c3e3845c96debf74,main,2,200,binary,0.8,interaction,noninferiority_power,0.1,0.025,0.12,1.0,10000,10000,True,4999,100000,power,adjusted,refined_S_normal,8466,0.8466,0.003603726404709436,0.8394038343591067,0.8535299779703404,nan,power under fixed alternative
15,18b7c3e3845c96debf74,main,2,200,binary,0.8,interaction,noninferiority_power,0.1,0.025,0.12,1.0,10000,10000,True,4999,100000,power,adjusted,original_R_normal,8453,0.8453,0.0036161845915273732,0.838079934324594,0.8522548764006167,nan,power under fixed alternative
15,18b7c3e3845c96debf74,main,2,200,binary,0.8,interaction,noninferiority_power,0.1,0.025,0.12,1.0,10000,10000,True,4999,100000,power,adjusted,refined_R_normal,8453,0.8453,0.0036161845915273732,0.838079934324594,0.8522548764006167,nan,power under fixed alternative
15,18b7c3e3845c96debf74,main,2,200,binary,0.8,interaction,noninferiority_power,0.1,0.025,0.12,1.0,10000,10000,True,4999,100000,power,adjusted,original_CRT_data,8464,0.8464,0.0036056489013768377,0.8392001459726277,0.8533338199561675,nan,power under fixed alternative
15,18b7c3e3845c96debf74,main,2,200,binary,0.8,interaction,noninferiority_power,0.1,0.025,0.12,1.0,10000,10000,True,4999,100000,power,adjusted,refined_CRT_data,8464,0.8464,0.0036056489013768377,0.8392001459726277,0.8533338199561675,nan,power under fixed alternative
15,18b7c3e3845c96debf74,main,2,200,binary,0.8,interaction,noninferiority_power,0.1,0.025,0.12,1.0,10000,10000,True,4999,100000,power,adjusted,original_R_lattice,8453,0.8453,0.0036161845915273732,0.838079934324594,0.8522548764006167,nan,power under fixed alternative
15,18b7c3e3845c96debf74,main,2,200,binary,0.8,interaction,noninferiority_power,0.1,0.025,0.12,1.0,10000,10000,True,4999,100000,power,adjusted,refined_R_lattice,8453,0.8453,0.0036161845915273732,0.838079934324594,0.8522548764006167,nan,power under fixed alternative
15,18b7c3e3845c96debf74,main,2,200,binary,0.8,interaction,noninferiority_power,0.1,0.025,0.12,1.0,10000,10000,True,4999,100000,power,adjusted,original_CRT_lattice,8466,0.8466,0.003603726404709436,0.8394038343591067,0.8535299779703404,nan,power under fixed alternative
15,18b7c3e3845c96debf74,main,2,200,binary,0.8,interaction,noninferiority_power,0.1,0.025,0.12,1.0,10000,10000,True,4999,100000,power,adjusted,refined_CRT_lattice,8466,0.8466,0.003603726404709436,0.8394038343591067,0.8535299779703404,nan,power under fixed alternative
15,18b7c3e3845c96debf74,main,2,200,binary,0.8,interaction,noninferiority_power,0.1,0.025,0.12,1.0,10000,10000,True,4999,100000,power,adjusted,original_CRT_noise,8459,0.8459,0.003610445817347215,0.8386909432642392,0.8528434066629266,nan,power under fixed alternative
15,18b7c3e3845c96debf74,main,2,200,binary,0.8,interaction,noninferiority_power,0.1,0.025,0.12,1.0,10000,10000,True,4999,100000,power,adjusted,refined_CRT_noise,8459,0.8459,0.003610445817347215,0.8386909432642392,0.8528434066629266,nan,power under fixed alternative
16,41e8421f977f76d12275,main,5,400,continuous,0.8,first_factor,superiority_null,0.0,0.05,0.5,1.0,100000,100000,True,4999,100000,type1,unadjusted,RT,4973,0.04973,0.0006874367396350009,0.04839985988333207,0.05109473266107347,-0.0002699999999999994,null rejection probability
16,41e8421f977f76d12275,main,5,400,continuous,0.8,first_factor,superiority_null,0.0,0.05,0.5,1.0,100000,100000,True,4999,100000,type1,unadjusted,original_S_normal,4860,0.0486,0.0006799855880825711,0.04728450521795305,0.04995017414008693,-0.0014000000000000054,null rejection probability
16,41e8421f977f76d12275,main,5,400,continuous,0.8,first_factor,superiority_null,0.0,0.05,0.5,1.0,100000,100000,True,4999,100000,type1,unadjusted,refined_S_normal,4988,0.04988,0.000688418372793754,0.04854793042481361,0.05124665059565816,-0.00012000000000000205,null rejection probability
16,41e8421f977f76d12275,main,5,400,continuous,0.8,first_factor,superiority_null,0.0,0.05,0.5,1.0,100000,100000,True,4999,100000,type1,unadjusted,original_R_normal,4832,0.04832,0.0006781237173259758,0.04700816465313806,0.049666536216244964,-0.001680000000000001,null rejection probability
16,41e8421f977f76d12275,main,5,400,continuous,0.8,first_factor,superiority_null,0.0,0.05,0.5,1.0,100000,100000,True,4999,100000,type1,unadjusted,refined_R_normal,4952,0.04952,0.0006860595426054505,0.04819256682820419,0.05088204184970864,-0.00048000000000000126,null rejection probability
16,41e8421f977f76d12275,main,5,400,continuous,0.8,first_factor,superiority_null,0.0,0.05,0.5,1.0,100000,100000,True,4999,100000,type1,unadjusted,original_CRT_data,5010,0.0501,0.0006898549847612903,0.0487651066590161,0.051469457459686126,9.999999999999593e-05,null rejection probability
16,41e8421f977f76d12275,main,5,400,continuous,0.8,first_factor,superiority_null,0.0,0.05,0.5,1.0,100000,100000,True,4999,100000,type1,unadjusted,refined_CRT_data,5012,0.05012,0.0006899854027441451,0.04878485031180518,0.051489712270372544,0.00011999999999999511,null rejection probability
16,41e8421f977f76d12275,main,5,400,continuous,0.8,first_factor,superiority_null,0.0,0.05,0.5,1.0,100000,100000,True,4999,100000,type1,unadjusted,original_R_lattice,4832,0.04832,0.0006781237173259758,0.04700816465313806,0.049666536216244964,-0.001680000000000001,null rejection probability
16,41e8421f977f76d12275,main,5,400,continuous,0.8,first_factor,superiority_null,0.0,0.05,0.5,1.0,100000,100000,True,4999,100000,type1,unadjusted,refined_R_lattice,4952,0.04952,0.0006860595426054505,0.04819256682820419,0.05088204184970864,-0.00048000000000000126,null rejection probability
16,41e8421f977f76d12275,main,5,400,continuous,0.8,first_factor,superiority_null,0.0,0.05,0.5,1.0,100000,100000,True,4999,100000,type1,unadjusted,original_CRT_lattice,4860,0.0486,0.0006799855880825711,0.04728450521795305,0.04995017414008693,-0.0014000000000000054,null rejection probability
16,41e8421f977f76d12275,main,5,400,continuous,0.8,first_factor,superiority_null,0.0,0.05,0.5,1.0,100000,100000,True,4999,100000,type1,unadjusted,refined_CRT_lattice,4988,0.04988,0.000688418372793754,0.04854793042481361,0.05124665059565816,-0.00012000000000000205,null rejection probability
16,41e8421f977f76d12275,main,5,400,continuous,0.8,first_factor,superiority_null,0.0,0.05,0.5,1.0,100000,100000,True,4999,100000,type1,unadjusted,original_CRT_noise,5000,0.05,0.0006892024376045111,0.04866638929097824,0.051368182510346506,0.0,null rejection probability
16,41e8421f977f76d12275,main,5,400,continuous,0.8,first_factor,superiority_null,0.0,0.05,0.5,1.0,100000,100000,True,4999,100000,type1,unadjusted,refined_CRT_noise,5002,0.05002,0.0006893330080592399,0.048686132645018435,0.051388437619781804,1.9999999999999185e-05,null rejection probability
16,41e8421f977f76d12275,main,5,400,continuous,0.8,first_factor,superiority_null,0.0,0.05,0.5,1.0,100000,100000,True,4999,100000,type1,adjusted,RT,5011,0.05011,0.000689920197559109,0.04877497847795251,0.051479584872487466,0.00010999999999999899,null rejection probability
16,41e8421f977f76d12275,main,5,400,continuous,0.8,first_factor,superiority_null,0.0,0.05,0.5,1.0,100000,100000,True,4999,100000,type1,adjusted,original_S_normal,5009,0.05009,0.0006897897643485296,0.0487552348550002,0.05145933003196428,8.99999999999998e-05,null rejection probability
16,41e8421f977f76d12275,main,5,400,continuous,0.8,first_factor,superiority_null,0.0,0.05,0.5,1.0,100000,100000,True,4999,100000,type1,adjusted,refined_S_normal,5001,0.05001,0.0006892677266490866,0.048676260960519004,0.05137831007254349,9.999999999996123e-06,null rejection probability
16,41e8421f977f76d12275,main,5,400,continuous,0.8,first_factor,superiority_null,0.0,0.05,0.5,1.0,100000,100000,True,4999,100000,type1,adjusted,original_R_normal,4989,0.04989,0.0006884837536209551,0.048557801914518334,0.05125677833769117,-0.00011000000000000593,null rejection probability
16,41e8421f977f76d12275,main,5,400,continuous,0.8,first_factor,superiority_null,0.0,0.05,0.5,1.0,100000,100000,True,4999,100000,type1,adjusted,refined_R_normal,4985,0.04985,0.0006882221843271256,0.04851831604580102,0.051216267279457495,-0.0001500000000000043,null rejection probability
16,41e8421f977f76d12275,main,5,400,continuous,0.8,first_factor,superiority_null,0.0,0.05,0.5,1.0,100000,100000,True,4999,100000,type1,adjusted,original_CRT_data,5033,0.05033,0.000691352956889605,0.04899216226089993,0.05170238418777051,0.00032999999999999696,null rejection probability
16,41e8421f977f76d12275,main,5,400,continuous,0.8,first_factor,superiority_null,0.0,0.05,0.5,1.0,100000,100000,True,4999,100000,type1,adjusted,refined_CRT_data,5033,0.05033,0.000691352956889605,0.04899216226089993,0.05170238418777051,0.00032999999999999696,null rejection probability
16,41e8421f977f76d12275,main,5,400,continuous,0.8,first_factor,superiority_null,0.0,0.05,0.5,1.0,100000,100000,True,4999,100000,type1,adjusted,original_R_lattice,4989,0.04989,0.0006884837536209551,0.048557801914518334,0.05125677833769117,-0.00011000000000000593,null rejection probability
16,41e8421f977f76d12275,main,5,400,continuous,0.8,first_factor,superiority_null,0.0,0.05,0.5,1.0,100000,100000,True,4999,100000,type1,adjusted,refined_R_lattice,4985,0.04985,0.0006882221843271256,0.04851831604580102,0.051216267279457495,-0.0001500000000000043,null rejection probability
16,41e8421f977f76d12275,main,5,400,continuous,0.8,first_factor,superiority_null,0.0,0.05,0.5,1.0,100000,100000,True,4999,100000,type1,adjusted,original_CRT_lattice,5009,0.05009,0.0006897897643485296,0.0487552348550002,0.05145933003196428,8.99999999999998e-05,null rejection probability
16,41e8421f977f76d12275,main,5,400,continuous,0.8,first_factor,superiority_null,0.0,0.05,0.5,1.0,100000,100000,True,4999,100000,type1,adjusted,refined_CRT_lattice,5001,0.05001,0.0006892677266490866,0.048676260960519004,0.05137831007254349,9.999999999996123e-06,null rejection probability
16,41e8421f977f76d12275,main,5,400,continuous,0.8,first_factor,superiority_null,0.0,0.05,0.5,1.0,100000,100000,True,4999,100000,type1,adjusted,original_CRT_noise,5024,0.05024,0.000690767271951994,0.04890331347996916,0.05161123988306155,0.00023999999999999716,null rejection probability
16,41e8421f977f76d12275,main,5,400,continuous,0.8,first_factor,superiority_null,0.0,0.05,0.5,1.0,100000,100000,True,4999,100000,type1,adjusted,refined_CRT_noise,5024,0.05024,0.000690767271951994,0.04890331347996916,0.05161123988306155,0.00023999999999999716,null rejection probability
17,d672af341ef2a71c6cca,main,5,400,continuous,0.8,first_factor,superiority_power,0.3,0.05,0.5,1.0,10000,10000,True,4999,100000,power,unadjusted,RT,8076,0.8076,0.00394185540069648,0.7997565679438073,0.8152071962585524,nan,power under fixed alternative
17,d672af341ef2a71c6cca,main,5,400,continuous,0.8,first_factor,superiority_power,0.3,0.05,0.5,1.0,10000,10000,True,4999,100000,power,unadjusted,original_S_normal,8051,0.8051,0.003961237054254643,0.7972195668559101,0.812746117338303,nan,power under fixed alternative
17,d672af341ef2a71c6cca,main,5,400,continuous,0.8,first_factor,superiority_power,0.3,0.05,0.5,1.0,10000,10000,True,4999,100000,power,unadjusted,refined_S_normal,8082,0.8082,0.003937165985832956,0.8003655222583441,0.8157977811459709,nan,power under fixed alternative
17,d672af341ef2a71c6cca,main,5,400,continuous,0.8,first_factor,superiority_power,0.3,0.05,0.5,1.0,10000,10000,True,4999,100000,power,unadjusted,original_R_normal,8041,0.8041,0.003968919122380802,0.7962049046538964,0.8117615475370581,nan,power under fixed alternative
17,d672af341ef2a71c6cca,main,5,400,continuous,0.8,first_factor,superiority_power,0.3,0.05,0.5,1.0,10000,10000,True,4999,100000,power,unadjusted,refined_R_normal,8076,0.8076,0.00394185540069648,0.7997565679438073,0.8152071962585524,nan,power under fixed alternative
17,d672af341ef2a71c6cca,main,5,400,continuous,0.8,first_factor,superiority_power,0.3,0.05,0.5,1.0,10000,10000,True,4999,100000,power,unadjusted,original_CRT_data,8081,0.8081,0.003937948577622617,0.8002640278700986,0.8156993523338906,nan,power under fixed alternative
17,d672af341ef2a71c6cca,main,5,400,continuous,0.8,first_factor,superiority_power,0.3,0.05,0.5,1.0,10000,10000,True,4999,100000,power,unadjusted,refined_CRT_data,8081,0.8081,0.003937948577622617,0.8002640278700986,0.8156993523338906,nan,power under fixed alternative
17,d672af341ef2a71c6cca,main,5,400,continuous,0.8,first_factor,superiority_power,0.3,0.05,0.5,1.0,10000,10000,True,4999,100000,power,unadjusted,original_R_lattice,8041,0.8041,0.003968919122380802,0.7962049046538964,0.8117615475370581,nan,power under fixed alternative
17,d672af341ef2a71c6cca,main,5,400,continuous,0.8,first_factor,superiority_power,0.3,0.05,0.5,1.0,10000,10000,True,4999,100000,power,unadjusted,refined_R_lattice,8076,0.8076,0.00394185540069648,0.7997565679438073,0.8152071962585524,nan,power under fixed alternative
17,d672af341ef2a71c6cca,main,5,400,continuous,0.8,first_factor,superiority_power,0.3,0.05,0.5,1.0,10000,10000,True,4999,100000,power,unadjusted,original_CRT_lattice,8051,0.8051,0.003961237054254643,0.7972195668559101,0.812746117338303,nan,power under fixed alternative
17,d672af341ef2a71c6cca,main,5,400,continuous,0.8,first_factor,superiority_power,0.3,0.05,0.5,1.0,10000,10000,True,4999,100000,power,unadjusted,refined_CRT_lattice,8082,0.8082,0.003937165985832956,0.8003655222583441,0.8157977811459709,nan,power under fixed alternative
17,d672af341ef2a71c6cca,main,5,400,continuous,0.8,first_factor,superiority_power,0.3,0.05,0.5,1.0,10000,10000,True,4999,100000,power,unadjusted,original_CRT_noise,8083,0.8083,0.003936382984416023,0.8004670174486987,0.8158962091559421,nan,power under fixed alternative
17,d672af341ef2a71c6cca,main,5,400,continuous,0.8,first_factor,superiority_power,0.3,0.05,0.5,1.0,10000,10000,True,4999,100000,power,unadjusted,refined_CRT_noise,8083,0.8083,0.003936382984416023,0.8004670174486987,0.8158962091559421,nan,power under fixed alternative
17,d672af341ef2a71c6cca,main,5,400,continuous,0.8,first_factor,superiority_power,0.3,0.05,0.5,1.0,10000,10000,True,4999,100000,power,adjusted,RT,8117,0.8117,0.003909515443120797,0.8039183346294722,0.819242280786248,nan,power under fixed alternative
17,d672af341ef2a71c6cca,main,5,400,continuous,0.8,first_factor,superiority_power,0.3,0.05,0.5,1.0,10000,10000,True,4999,100000,power,adjusted,original_S_normal,8124,0.8124,0.003903924179591607,0.804629016852811,0.8199310609651902,nan,power under fixed alternative
17,d672af341ef2a71c6cca,main,5,400,continuous,0.8,first_factor,superiority_power,0.3,0.05,0.5,1.0,10000,10000,True,4999,100000,power,adjusted,refined_S_normal,8124,0.8124,0.003903924179591607,0.804629016852811,0.8199310609651902,nan,power under fixed alternative
17,d672af341ef2a71c6cca,main,5,400,continuous,0.8,first_factor,superiority_power,0.3,0.05,0.5,1.0,10000,10000,True,4999,100000,power,adjusted,original_R_normal,8114,0.8114,0.003911905418079532,0.8036137688323751,0.8189470769823676,nan,power under fixed alternative
17,d672af341ef2a71c6cca,main,5,400,continuous,0.8,first_factor,superiority_power,0.3,0.05,0.5,1.0,10000,10000,True,4999,100000,power,adjusted,refined_R_normal,8114,0.8114,0.003911905418079532,0.8036137688323751,0.8189470769823676,nan,power under fixed alternative
17,d672af341ef2a71c6cca,main,5,400,continuous,0.8,first_factor,superiority_power,0.3,0.05,0.5,1.0,10000,10000,True,4999,100000,power,adjusted,original_CRT_data,8131,0.8131,0.003898312327148762,0.8053397393915668,0.8206198008287157,nan,power under fixed alternative
17,d672af341ef2a71c6cca,main,5,400,continuous,0.8,first_factor,superiority_power,0.3,0.05,0.5,1.0,10000,10000,True,4999,100000,power,adjusted,refined_CRT_data,8131,0.8131,0.003898312327148762,0.8053397393915668,0.8206198008287157,nan,power under fixed alternative
17,d672af341ef2a71c6cca,main,5,400,continuous,0.8,first_factor,superiority_power,0.3,0.05,0.5,1.0,10000,10000,True,4999,100000,power,adjusted,original_R_lattice,8114,0.8114,0.003911905418079532,0.8036137688323751,0.8189470769823676,nan,power under fixed alternative
17,d672af341ef2a71c6cca,main,5,400,continuous,0.8,first_factor,superiority_power,0.3,0.05,0.5,1.0,10000,10000,True,4999,100000,power,adjusted,refined_R_lattice,8114,0.8114,0.003911905418079532,0.8036137688323751,0.8189470769823676,nan,power under fixed alternative
17,d672af341ef2a71c6cca,main,5,400,continuous,0.8,first_factor,superiority_power,0.3,0.05,0.5,1.0,10000,10000,True,4999,100000,power,adjusted,original_CRT_lattice,8124,0.8124,0.003903924179591607,0.804629016852811,0.8199310609651902,nan,power under fixed alternative
17,d672af341ef2a71c6cca,main,5,400,continuous,0.8,first_factor,superiority_power,0.3,0.05,0.5,1.0,10000,10000,True,4999,100000,power,adjusted,refined_CRT_lattice,8124,0.8124,0.003903924179591607,0.804629016852811,0.8199310609651902,nan,power under fixed alternative
17,d672af341ef2a71c6cca,main,5,400,continuous,0.8,first_factor,superiority_power,0.3,0.05,0.5,1.0,10000,10000,True,4999,100000,power,adjusted,original_CRT_noise,8129,0.8129,0.0038999178196469733,0.8051366716851174,0.820423022134513,nan,power under fixed alternative
17,d672af341ef2a71c6cca,main,5,400,continuous,0.8,first_factor,superiority_power,0.3,0.05,0.5,1.0,10000,10000,True,4999,100000,power,adjusted,refined_CRT_noise,8129,0.8129,0.0038999178196469733,0.8051366716851174,0.820423022134513,nan,power under fixed alternative
18,523b2a5c8df3d80c5247,main,5,400,continuous,0.8,first_factor,noninferiority_null,-0.2,0.025,0.5,1.0,100000,100000,True,4999,100000,type1,unadjusted,RT,2510,0.0251,0.0004946715071640977,0.024148551062328057,0.026087933712003318,9.99999999999994e-05,null rejection probability
18,523b2a5c8df3d80c5247,main,5,400,continuous,0.8,first_factor,noninferiority_null,-0.2,0.025,0.5,1.0,100000,100000,True,4999,100000,type1,unadjusted,original_S_normal,2471,0.02471,0.0004909115592446362,0.02376593366616648,0.02569058107039271,-0.00029000000000000206,null rejection probability
18,523b2a5c8df3d80c5247,main,5,400,continuous,0.8,first_factor,noninferiority_null,-0.2,0.025,0.5,1.0,100000,100000,True,4999,100000,type1,unadjusted,refined_S_normal,2530,0.0253,0.0004965874545334387,0.02434478906991975,0.026291680339166595,0.0002999999999999982,null rejection probability
18,523b2a5c8df3d80c5247,main,5,400,continuous,0.8,first_factor,noninferiority_null,-0.2,0.025,0.5,1.0,100000,100000,True,4999,100000,type1,unadjusted,original_R_normal,2457,0.02457,0.0004895540327686006,0.02362859911336033,0.02554792637887039,-0.0004299999999999998,null rejection probability
18,523b2a5c8df3d80c5247,main,5,400,continuous,0.8,first_factor,noninferiority_null,-0.2,0.025,0.5,1.0,100000,100000,True,4999,100000,type1,unadjusted,refined_R_normal,2518,0.02518,0.0004954388721123929,0.024227044333972172,0.02616943429426119,0.0001799999999999996,null rejection probability
18,523b2a5c8df3d80c5247,main,5,400,continuous,0.8,first_factor,noninferiority_null,-0.2,0.025,0.5,1.0,100000,100000,True,4999,100000,type1,unadjusted,original_CRT_data,2528,0.02528,0.0004963962288333786,0.024325164546285114,0.02627130639932573,0.000279999999999999,null rejection probability
18,523b2a5c8df3d80c5247,main,5,400,continuous,0.8,first_factor,noninferiority_null,-0.2,0.025,0.5,1.0,100000,100000,True,4999,100000,type1,unadjusted,refined_CRT_data,2529,0.02529,0.0004964918518968866,0.024334976788096076,0.026281493389252522,0.0002899999999999986,null rejection probability
18,523b2a5c8df3d80c5247,main,5,400,continuous,0.8,first_factor,noninferiority_null,-0.2,0.025,0.5,1.0,100000,100000,True,4999,100000,type1,unadjusted,original_R_lattice,2457,0.02457,0.0004895540327686006,0.02362859911336033,0.02554792637887039,-0.0004299999999999998,null rejection probability
18,523b2a5c8df3d80c5247,main,5,400,continuous,0.8,first_factor,noninferiority_null,-0.2,0.025,0.5,1.0,100000,100000,True,4999,100000,type1,unadjusted,refined_R_lattice,2518,0.02518,0.0004954388721123929,0.024227044333972172,0.02616943429426119,0.0001799999999999996,null rejection probability
18,523b2a5c8df3d80c5247,main,5,400,continuous,0.8,first_factor,noninferiority_null,-0.2,0.025,0.5,1.0,100000,100000,True,4999,100000,type1,unadjusted,original_CRT_lattice,2471,0.02471,0.0004909115592446362,0.02376593366616648,0.02569058107039271,-0.00029000000000000206,null rejection probability
18,523b2a5c8df3d80c5247,main,5,400,continuous,0.8,first_factor,noninferiority_null,-0.2,0.025,0.5,1.0,100000,100000,True,4999,100000,type1,unadjusted,refined_CRT_lattice,2530,0.0253,0.0004965874545334387,0.02434478906991975,0.026291680339166595,0.0002999999999999982,null rejection probability
18,523b2a5c8df3d80c5247,main,5,400,continuous,0.8,first_factor,noninferiority_null,-0.2,0.025,0.5,1.0,100000,100000,True,4999,100000,type1,unadjusted,original_CRT_noise,2529,0.02529,0.0004964918518968866,0.024334976788096076,0.026281493389252522,0.0002899999999999986,null rejection probability
18,523b2a5c8df3d80c5247,main,5,400,continuous,0.8,first_factor,noninferiority_null,-0.2,0.025,0.5,1.0,100000,100000,True,4999,100000,type1,unadjusted,refined_CRT_noise,2529,0.02529,0.0004964918518968866,0.024334976788096076,0.026281493389252522,0.0002899999999999986,null rejection probability
18,523b2a5c8df3d80c5247,main,5,400,continuous,0.8,first_factor,noninferiority_null,-0.2,0.025,0.5,1.0,100000,100000,True,4999,100000,type1,adjusted,RT,2514,0.02514,0.0004950553544806883,0.02418779737525468,0.02612868432602769,0.00013999999999999777,null rejection probability
18,523b2a5c8df3d80c5247,main,5,400,continuous,0.8,first_factor,noninferiority_null,-0.2,0.025,0.5,1.0,100000,100000,True,4999,100000,type1,adjusted,original_S_normal,2533,0.02533,0.0004968741399992557,0.02437422615523619,0.026322240949063394,0.00032999999999999696,null rejection probability
18,523b2a5c8df3d80c5247,main,5,400,continuous,0.8,first_factor,noninferiority_null,-0.2,0.025,0.5,1.0,100000,100000,True,4999,100000,type1,adjusted,refined_S_normal,2530,0.0253,0.0004965874545334387,0.02434478906991975,0.026291680339166595,0.0002999999999999982,null rejection probability
18,523b2a5c8df3d80c5247,main,5,400,continuous,0.8,first_factor,noninferiority_null,-0.2,0.025,0.5,1.0,100000,100000,True,4999,100000,type1,adjusted,original_R_normal,2523,0.02523,0.0004959178066978438,0.024276103938230965,0.026220370848691138,0.00022999999999999757,null rejection probability
18,523b2a5c8df3d80c5247,main,5,400,continuous,0.8,first_factor,noninferiority_null,-0.2,0.025,0.5,1.0,100000,100000,True,4999,100000,type1,adjusted,refined_R_normal,2522,0.02522,0.0004958220608242437,0.02426629193698258,0.026210183618201776,0.00021999999999999797,null rejection probability
18,523b2a5c8df3d80c5247,main,5,400,continuous,0.8,first_factor,noninferiority_null,-0.2,0.025,0.5,1.0,100000,100000,True,4999,100000,type1,adjusted,original_CRT_data,2521,0.02521,0.0004957262944407932,0.024256479975909215,0.026199996347537394,0.00020999999999999838,null rejection probability
18,523b2a5c8df3d80c5247,main,5,400,continuous,0.8,first_factor,noninferiority_null,-0.2,0.025,0.5,1.0,100000,100000,True,4999,100000,type1,adjusted,refined_CRT_data,2521,0.02521,0.0004957262944407932,0.024256479975909215,0.026199996347537394,0.00020999999999999838,null rejection probability
18,523b2a5c8df3d80c5247,main,5,400,continuous,0.8,first_factor,noninferiority_null,-0.2,0.025,0.5,1.0,100000,100000,True,4999,100000,type1,adjusted,original_R_lattice,2523,0.02523,0.0004959178066978438,0.024276103938230965,0.026220370848691138,0.00022999999999999757,null rejection probability
18,523b2a5c8df3d80c5247,main,5,400,continuous,0.8,first_factor,noninferiority_null,-0.2,0.025,0.5,1.0,100000,100000,True,4999,100000,type1,adjusted,refined_R_lattice,2522,0.02522,0.0004958220608242437,0.02426629193698258,0.026210183618201776,0.00021999999999999797,null rejection probability
18,523b2a5c8df3d80c5247,main,5,400,continuous,0.8,first_factor,noninferiority_null,-0.2,0.025,0.5,1.0,100000,100000,True,4999,100000,type1,adjusted,original_CRT_lattice,2533,0.02533,0.0004968741399992557,0.02437422615523619,0.026322240949063394,0.00032999999999999696,null rejection probability
18,523b2a5c8df3d80c5247,main,5,400,continuous,0.8,first_factor,noninferiority_null,-0.2,0.025,0.5,1.0,100000,100000,True,4999,100000,type1,adjusted,refined_CRT_lattice,2530,0.0253,0.0004965874545334387,0.02434478906991975,0.026291680339166595,0.0002999999999999982,null rejection probability
18,523b2a5c8df3d80c5247,main,5,400,continuous,0.8,first_factor,noninferiority_null,-0.2,0.025,0.5,1.0,100000,100000,True,4999,100000,type1,adjusted,original_CRT_noise,2526,0.02526,0.0004962049213782548,0.024305540182793833,0.026250932299341518,0.0002599999999999998,null rejection probability
18,523b2a5c8df3d80c5247,main,5,400,continuous,0.8,first_factor,noninferiority_null,-0.2,0.025,0.5,1.0,100000,100000,True,4999,100000,type1,adjusted,refined_CRT_noise,2526,0.02526,0.0004962049213782548,0.024305540182793833,0.026250932299341518,0.0002599999999999998,null rejection probability
19,2f5a1c6f398c125b0f86,main,5,400,continuous,0.8,first_factor,noninferiority_power,0.1,0.025,0.5,1.0,10000,10000,True,4999,100000,power,unadjusted,RT,8010,0.801,0.003992480432012159,0.7930599474454902,0.8087088855353626,nan,power under fixed alternative
19,2f5a1c6f398c125b0f86,main,5,400,continuous,0.8,first_factor,noninferiority_power,0.1,0.025,0.5,1.0,10000,10000,True,4999,100000,power,unadjusted,original_S_normal,7998,0.7998,0.004001499219042783,0.7918427438420477,0.8075270107348944,nan,power under fixed alternative
19,2f5a1c6f398c125b0f86,main,5,400,continuous,0.8,first_factor,noninferiority_power,0.1,0.025,0.5,1.0,10000,10000,True,4999,100000,power,unadjusted,refined_S_normal,8030,0.803,0.003977323220458704,0.7950888666539717,0.8106784303333983,nan,power under fixed alternative
19,2f5a1c6f398c125b0f86,main,5,400,continuous,0.8,first_factor,noninferiority_power,0.1,0.025,0.5,1.0,10000,10000,True,4999,100000,power,unadjusted,original_R_normal,7993,0.7993,0.0040052404422206665,0.7913356081893786,0.8070345303859344,nan,power under fixed alternative
19,2f5a1c6f398c125b0f86,main,5,400,continuous,0.8,first_factor,noninferiority_power,0.1,0.025,0.5,1.0,10000,10000,True,4999,100000,power,unadjusted,refined_R_normal,8023,0.8023,0.003982646230836979,0.7943787097104035,0.8099891248746854,nan,power under fixed alternative
19,2f5a1c6f398c125b0f86,main,5,400,continuous,0.8,first_factor,noninferiority_power,0.1,0.025,0.5,1.0,10000,10000,True,4999,100000,power,unadjusted,original_CRT_data,8022,0.8022,0.003983405076062438,0.794277261821851,0.8098906495629121,nan,power under fixed alternative
19,2f5a1c6f398c125b0f86,main,5,400,continuous,0.8,first_factor,noninferiority_power,0.1,0.025,0.5,1.0,10000,10000,True,4999,100000,power,unadjusted,refined_CRT_data,8022,0.8022,0.003983405076062438,0.794277261821851,0.8098906495629121,nan,power under fixed alternative
19,2f5a1c6f398c125b0f86,main,5,400,continuous,0.8,first_factor,noninferiority_power,0.1,0.025,0.5,1.0,10000,10000,True,4999,100000,power,unadjusted,original_R_lattice,7993,0.7993,0.0040052404422206665,0.7913356081893786,0.8070345303859344,nan,power under fixed alternative
19,2f5a1c6f398c125b0f86,main,5,400,continuous,0.8,first_factor,noninferiority_power,0.1,0.025,0.5,1.0,10000,10000,True,4999,100000,power,unadjusted,refined_R_lattice,8023,0.8023,0.003982646230836979,0.7943787097104035,0.8099891248746854,nan,power under fixed alternative
19,2f5a1c6f398c125b0f86,main,5,400,continuous,0.8,first_factor,noninferiority_power,0.1,0.025,0.5,1.0,10000,10000,True,4999,100000,power,unadjusted,original_CRT_lattice,7998,0.7998,0.004001499219042783,0.7918427438420477,0.8075270107348944,nan,power under fixed alternative
19,2f5a1c6f398c125b0f86,main,5,400,continuous,0.8,first_factor,noninferiority_power,0.1,0.025,0.5,1.0,10000,10000,True,4999,100000,power,unadjusted,refined_CRT_lattice,8030,0.803,0.003977323220458704,0.7950888666539717,0.8106784303333983,nan,power under fixed alternative
19,2f5a1c6f398c125b0f86,main,5,400,continuous,0.8,first_factor,noninferiority_power,0.1,0.025,0.5,1.0,10000,10000,True,4999,100000,power,unadjusted,original_CRT_noise,8019,0.8019,0.003985679239477256,0.7939729228015238,0.8095952189822615,nan,power under fixed alternative
19,2f5a1c6f398c125b0f86,main,5,400,continuous,0.8,first_factor,noninferiority_power,0.1,0.025,0.5,1.0,10000,10000,True,4999,100000,power,unadjusted,refined_CRT_noise,8019,0.8019,0.003985679239477256,0.7939729228015238,0.8095952189822615,nan,power under fixed alternative
19,2f5a1c6f398c125b0f86,main,5,400,continuous,0.8,first_factor,noninferiority_power,0.1,0.025,0.5,1.0,10000,10000,True,4999,100000,power,adjusted,RT,8062,0.8062,0.003952740315274961,0.7983357862624196,0.813829053135378,nan,power under fixed alternative
19,2f5a1c6f398c125b0f86,main,5,400,continuous,0.8,first_factor,noninferiority_power,0.1,0.025,0.5,1.0,10000,10000,True,4999,100000,power,adjusted,original_S_normal,8085,0.8085,0.003934815751722055,0.8006700102376498,0.8160930627676426,nan,power under fixed alternative
19,2f5a1c6f398c125b0f86,main,5,400,continuous,0.8,first_factor,noninferiority_power,0.1,0.025,0.5,1.0,10000,10000,True,4999,100000,power,adjusted,refined_S_normal,8085,0.8085,0.003934815751722055,0.8006700102376498,0.8160930627676426,nan,power under fixed alternative
19,2f5a1c6f398c125b0f86,main,5,400,continuous,0.8,first_factor,noninferiority_power,0.1,0.025,0.5,1.0,10000,10000,True,4999,100000,power,adjusted,original_R_normal,8074,0.8074,0.003943415271056296,0.7995535895713796,0.8150103282303284,nan,power under fixed alternative
19,2f5a1c6f398c125b0f86,main,5,400,continuous,0.8,first_factor,noninferiority_power,0.1,0.025,0.5,1.0,10000,10000,True,4999,100000,power,adjusted,refined_R_normal,8072,0.8072,0.003944973510684197,0.7993506143921693,0.8148134570088871,nan,power under fixed alternative
19,2f5a1c6f398c125b0f86,main,5,400,continuous,0.8,first_factor,noninferiority_power,0.1,0.025,0.5,1.0,10000,10000,True,4999,100000,power,adjusted,original_CRT_data,8071,0.8071,0.00394575201957751,0.7992491279988388,0.8147150202018917,nan,power under fixed alternative
19,2f5a1c6f398c125b0f86,main,5,400,continuous,0.8,first_factor,noninferiority_power,0.1,0.025,0.5,1.0,10000,10000,True,4999,100000,power,adjusted,refined_CRT_data,8071,0.8071,0.00394575201957751,0.7992491279988388,0.8147150202018917,nan,power under fixed alternative
19,2f5a1c6f398c125b0f86,main,5,400,continuous,0.8,first_factor,noninferiority_power,0.1,0.025,0.5,1.0,10000,10000,True,4999,100000,power,adjusted,original_R_lattice,8074,0.8074,0.003943415271056296,0.7995535895713796,0.8150103282303284,nan,power under fixed alternative
19,2f5a1c6f398c125b0f86,main,5,400,continuous,0.8,first_factor,noninferiority_power,0.1,0.025,0.5,1.0,10000,10000,True,4999,100000,power,adjusted,refined_R_lattice,8072,0.8072,0.003944973510684197,0.7993506143921693,0.8148134570088871,nan,power under fixed alternative
19,2f5a1c6f398c125b0f86,main,5,400,continuous,0.8,first_factor,noninferiority_power,0.1,0.025,0.5,1.0,10000,10000,True,4999,100000,power,adjusted,original_CRT_lattice,8085,0.8085,0.003934815751722055,0.8006700102376498,0.8160930627676426,nan,power under fixed alternative
19,2f5a1c6f398c125b0f86,main,5,400,continuous,0.8,first_factor,noninferiority_power,0.1,0.025,0.5,1.0,10000,10000,True,4999,100000,power,adjusted,refined_CRT_lattice,8085,0.8085,0.003934815751722055,0.8006700102376498,0.8160930627676426,nan,power under fixed alternative
19,2f5a1c6f398c125b0f86,main,5,400,continuous,0.8,first_factor,noninferiority_power,0.1,0.025,0.5,1.0,10000,10000,True,4999,100000,power,adjusted,original_CRT_noise,8067,0.8067,0.003948861987965647,0.7988431903896864,0.8143212650097404,nan,power under fixed alternative
19,2f5a1c6f398c125b0f86,main,5,400,continuous,0.8,first_factor,noninferiority_power,0.1,0.025,0.5,1.0,10000,10000,True,4999,100000,power,adjusted,refined_CRT_noise,8067,0.8067,0.003948861987965647,0.7988431903896864,0.8143212650097404,nan,power under fixed alternative
20,43a21a9e70abe355f8f5,main,5,400,continuous,0.8,interaction,superiority_null,0.0,0.05,0.5,1.0,100000,100000,True,4999,100000,type1,unadjusted,RT,5162,0.05162,0.0006996811816820573,0.050265791934392956,0.053008655408447014,0.0016199999999999964,null rejection probability
20,43a21a9e70abe355f8f5,main,5,400,continuous,0.8,interaction,superiority_null,0.0,0.05,0.5,1.0,100000,100000,True,4999,100000,type1,unadjusted,original_S_normal,5067,0.05067,0.0006935600269623387,0.04932782402187072,0.05204669630588317,0.000669999999999997,null rejection probability
20,43a21a9e70abe355f8f5,main,5,400,continuous,0.8,interaction,superiority_null,0.0,0.05,0.5,1.0,100000,100000,True,4999,100000,type1,unadjusted,refined_S_normal,5149,0.05149,0.0006988474790682155,0.05013743073199033,0.052877026598258915,0.0014899999999999983,null rejection probability
20,43a21a9e70abe355f8f5,main,5,400,continuous,0.8,interaction,superiority_null,0.0,0.05,0.5,1.0,100000,100000,True,4999,100000,type1,unadjusted,original_R_normal,5062,0.05062,0.000693236003104282,0.04927846092980917,0.05199606323925597,0.0006199999999999956,null rejection probability
20,43a21a9e70abe355f8f5,main,5,400,continuous,0.8,interaction,superiority_null,0.0,0.05,0.5,1.0,100000,100000,True,4999,100000,type1,unadjusted,refined_R_normal,5135,0.05135,0.0006979482609764135,0.04999919830372626,0.052735269782194505,0.001349999999999997,null rejection probability
20,43a21a9e70abe355f8f5,main,5,400,continuous,0.8,interaction,superiority_null,0.0,0.05,0.5,1.0,100000,100000,True,4999,100000,type1,unadjusted,original_CRT_data,5170,0.0517,0.000700193616080581,0.05034478464538108,0.05308965655136089,0.0017000000000000001,null rejection probability
20,43a21a9e70abe355f8f5,main,5,400,continuous,0.8,interaction,superiority_null,0.0,0.05,0.5,1.0,100000,100000,True,4999,100000,type1,unadjusted,refined_CRT_data,5170,0.0517,0.000700193616080581,0.05034478464538108,0.05308965655136089,0.0017000000000000001,null rejection probability
20,43a21a9e70abe355f8f5,main,5,400,continuous,0.8,interaction,superiority_null,0.0,0.05,0.5,1.0,100000,100000,True,4999,100000,type1,unadjusted,original_R_lattice,5062,0.05062,0.000693236003104282,0.04927846092980917,0.05199606323925597,0.0006199999999999956,null rejection probability
20,43a21a9e70abe355f8f5,main,5,400,continuous,0.8,interaction,superiority_null,0.0,0.05,0.5,1.0,100000,100000,True,4999,100000,type1,unadjusted,refined_R_lattice,5135,0.05135,0.0006979482609764135,0.04999919830372626,0.052735269782194505,0.001349999999999997,null rejection probability
20,43a21a9e70abe355f8f5,main,5,400,continuous,0.8,interaction,superiority_null,0.0,0.05,0.5,1.0,100000,100000,True,4999,100000,type1,unadjusted,original_CRT_lattice,5067,0.05067,0.0006935600269623387,0.04932782402187072,0.05204669630588317,0.000669999999999997,null rejection probability
20,43a21a9e70abe355f8f5,main,5,400,continuous,0.8,interaction,superiority_null,0.0,0.05,0.5,1.0,100000,100000,True,4999,100000,type1,unadjusted,refined_CRT_lattice,5149,0.05149,0.0006988474790682155,0.05013743073199033,0.052877026598258915,0.0014899999999999983,null rejection probability
20,43a21a9e70abe355f8f5,main,5,400,continuous,0.8,interaction,superiority_null,0.0,0.05,0.5,1.0,100000,100000,True,4999,100000,type1,unadjusted,original_CRT_noise,5168,0.05168,0.0007000655512164558,0.05032503638193922,0.053069406351327245,0.001679999999999994,null rejection probability
20,43a21a9e70abe355f8f5,main,5,400,continuous,0.8,interaction,superiority_null,0.0,0.05,0.5,1.0,100000,100000,True,4999,100000,type1,unadjusted,refined_CRT_noise,5168,0.05168,0.0007000655512164558,0.05032503638193922,0.053069406351327245,0.001679999999999994,null rejection probability
20,43a21a9e70abe355f8f5,main,5,400,continuous,0.8,interaction,superiority_null,0.0,0.05,0.5,1.0,100000,100000,True,4999,100000,type1,adjusted,RT,5135,0.05135,0.0006979482609764135,0.04999919830372626,0.052735269782194505,0.001349999999999997,null rejection probability
20,43a21a9e70abe355f8f5,main,5,400,continuous,0.8,interaction,superiority_null,0.0,0.05,0.5,1.0,100000,100000,True,4999,100000,type1,adjusted,original_S_normal,5142,0.05142,0.000698398049825456,0.05006831416555467,0.05280614854253034,0.0014199999999999977,null rejection probability
20,43a21a9e70abe355f8f5,main,5,400,continuous,0.8,interaction,superiority_null,0.0,0.05,0.5,1.0,100000,100000,True,4999,100000,type1,adjusted,refined_S_normal,5134,0.05134,0.0006978839760304001,0.04998932466677771,0.05272514418740531,0.001339999999999994,null rejection probability
20,43a21a9e70abe355f8f5,main,5,400,continuous,0.8,interaction,superiority_null,0.0,0.05,0.5,1.0,100000,100000,True,4999,100000,type1,adjusted,original_R_normal,5125,0.05125,0.0006973050802912596,0.04990046258323783,0.05263401318530545,0.0012499999999999942,null rejection probability
20,43a21a9e70abe355f8f5,main,5,400,continuous,0.8,interaction,superiority_null,0.0,0.05,0.5,1.0,100000,100000,True,4999,100000,type1,adjusted,refined_R_normal,5115,0.05115,0.0006966611622589564,0.04980172830749521,0.05253275514367059,0.0011499999999999982,null rejection probability
20,43a21a9e70abe355f8f5,main,5,400,continuous,0.8,interaction,superiority_null,0.0,0.05,0.5,1.0,100000,100000,True,4999,100000,type1,adjusted,original_CRT_data,5138,0.05138,0.0006981410717039931,0.05002881930100127,0.05276564648013275,0.0013799999999999993,null rejection probability
20,43a21a9e70abe355f8f5,main,5,400,continuous,0.8,interaction,superiority_null,0.0,0.05,0.5,1.0,100000,100000,True,4999,100000,type1,adjusted,refined_CRT_data,5138,0.05138,0.0006981410717039931,0.05002881930100127,0.05276564648013275,0.0013799999999999993,null rejection probability
20,43a21a9e70abe355f8f5,main,5,400,continuous,0.8,interaction,superiority_null,0.0,0.05,0.5,1.0,100000,100000,True,4999,100000,type1,adjusted,original_R_lattice,5125,0.05125,0.0006973050802912596,0.04990046258323783,0.05263401318530545,0.0012499999999999942,null rejection probability
20,43a21a9e70abe355f8f5,main,5,400,continuous,0.8,interaction,superiority_null,0.0,0.05,0.5,1.0,100000,100000,True,4999,100000,type1,adjusted,refined_R_lattice,5115,0.05115,0.0006966611622589564,0.04980172830749521,0.05253275514367059,0.0011499999999999982,null rejection probability
20,43a21a9e70abe355f8f5,main,5,400,continuous,0.8,interaction,superiority_null,0.0,0.05,0.5,1.0,100000,100000,True,4999,100000,type1,adjusted,original_CRT_lattice,5142,0.05142,0.000698398049825456,0.05006831416555467,0.05280614854253034,0.0014199999999999977,null rejection probability
20,43a21a9e70abe355f8f5,main,5,400,continuous,0.8,interaction,superiority_null,0.0,0.05,0.5,1.0,100000,100000,True,4999,100000,type1,adjusted,refined_CRT_lattice,5134,0.05134,0.0006978839760304001,0.04998932466677771,0.05272514418740531,0.001339999999999994,null rejection probability
20,43a21a9e70abe355f8f5,main,5,400,continuous,0.8,interaction,superiority_null,0.0,0.05,0.5,1.0,100000,100000,True,4999,100000,type1,adjusted,original_CRT_noise,5138,0.05138,0.0006981410717039931,0.05002881930100127,0.05276564648013275,0.0013799999999999993,null rejection probability
20,43a21a9e70abe355f8f5,main,5,400,continuous,0.8,interaction,superiority_null,0.0,0.05,0.5,1.0,100000,100000,True,4999,100000,type1,adjusted,refined_CRT_noise,5138,0.05138,0.0006981410717039931,0.05002881930100127,0.05276564648013275,0.0013799999999999993,null rejection probability
21,f1c51e946eb8f7a5c9e6,main,5,400,continuous,0.8,interaction,superiority_power,0.3,0.05,0.5,1.0,10000,10000,True,4999,100000,power,unadjusted,RT,7918,0.7918,0.00406020639869453,0.7837308300350069,0.7996450685158661,nan,power under fixed alternative
21,f1c51e946eb8f7a5c9e6,main,5,400,continuous,0.8,interaction,superiority_power,0.3,0.05,0.5,1.0,10000,10000,True,4999,100000,power,unadjusted,original_S_normal,7914,0.7914,0.004063078143476938,0.783325358916319,0.7992508468332505,nan,power under fixed alternative
21,f1c51e946eb8f7a5c9e6,main,5,400,continuous,0.8,interaction,superiority_power,0.3,0.05,0.5,1.0,10000,10000,True,4999,100000,power,unadjusted,refined_S_normal,7924,0.7924,0.004055887572406316,0.7843390586633113,0.800236379089517,nan,power under fixed alternative
21,f1c51e946eb8f7a5c9e6,main,5,400,continuous,0.8,interaction,superiority_power,0.3,0.05,0.5,1.0,10000,10000,True,4999,100000,power,unadjusted,original_R_normal,7903,0.7903,0.00407094473064914,0.782210373479898,0.7981666770660871,nan,power under fixed alternative
21,f1c51e946eb8f7a5c9e6,main,5,400,continuous,0.8,interaction,superiority_power,0.3,0.05,0.5,1.0,10000,10000,True,4999,100000,power,unadjusted,refined_R_normal,7918,0.7918,0.00406020639869453,0.7837308300350069,0.7996450685158661,nan,power under fixed alternative
21,f1c51e946eb8f7a5c9e6,main,5,400,continuous,0.8,interaction,superiority_power,0.3,0.05,0.5,1.0,10000,10000,True,4999,100000,power,unadjusted,original_CRT_data,7921,0.7921,0.004058048669003367,0.7840349410525361,0.7999407270993145,nan,power under fixed alternative
21,f1c51e946eb8f7a5c9e6,main,5,400,continuous,0.8,interaction,superiority_power,0.3,0.05,0.5,1.0,10000,10000,True,4999,100000,power,unadjusted,refined_CRT_data,7921,0.7921,0.004058048669003367,0.7840349410525361,0.7999407270993145,nan,power under fixed alternative
21,f1c51e946eb8f7a5c9e6,main,5,400,continuous,0.8,interaction,superiority_power,0.3,0.05,0.5,1.0,10000,10000,True,4999,100000,power,unadjusted,original_R_lattice,7903,0.7903,0.00407094473064914,0.782210373479898,0.7981666770660871,nan,power under fixed alternative
21,f1c51e946eb8f7a5c9e6,main,5,400,continuous,0.8,interaction,superiority_power,0.3,0.05,0.5,1.0,10000,10000,True,4999,100000,power,unadjusted,refined_R_lattice,7918,0.7918,0.00406020639869453,0.7837308300350069,0.7996450685158661,nan,power under fixed alternative
21,f1c51e946eb8f7a5c9e6,main,5,400,continuous,0.8,interaction,superiority_power,0.3,0.05,0.5,1.0,10000,10000,True,4999,100000,power,unadjusted,original_CRT_lattice,7914,0.7914,0.004063078143476938,0.783325358916319,0.7992508468332505,nan,power under fixed alternative
21,f1c51e946eb8f7a5c9e6,main,5,400,continuous,0.8,interaction,superiority_power,0.3,0.05,0.5,1.0,10000,10000,True,4999,100000,power,unadjusted,refined_CRT_lattice,7924,0.7924,0.004055887572406316,0.7843390586633113,0.800236379089517,nan,power under fixed alternative
21,f1c51e946eb8f7a5c9e6,main,5,400,continuous,0.8,interaction,superiority_power,0.3,0.05,0.5,1.0,10000,10000,True,4999,100000,power,unadjusted,original_CRT_noise,7920,0.792,0.0040587682860690625,0.7839335699812963,0.7998421749702286,nan,power under fixed alternative
21,f1c51e946eb8f7a5c9e6,main,5,400,continuous,0.8,interaction,superiority_power,0.3,0.05,0.5,1.0,10000,10000,True,4999,100000,power,unadjusted,refined_CRT_noise,7920,0.792,0.0040587682860690625,0.7839335699812963,0.7998421749702286,nan,power under fixed alternative
21,f1c51e946eb8f7a5c9e6,main,5,400,continuous,0.8,interaction,superiority_power,0.3,0.05,0.5,1.0,10000,10000,True,4999,100000,power,adjusted,RT,7953,0.7953,0.004034822300919831,0.7872792042825922,0.8030940062796861,nan,power under fixed alternative
21,f1c51e946eb8f7a5c9e6,main,5,400,continuous,0.8,interaction,superiority_power,0.3,0.05,0.5,1.0,10000,10000,True,4999,100000,power,adjusted,original_S_normal,7970,0.797,0.0040223251981907175,0.7890030287099491,0.804768876257869,nan,power under fixed alternative
21,f1c51e946eb8f7a5c9e6,main,5,400,continuous,0.8,interaction,superiority_power,0.3,0.05,0.5,1.0,10000,10000,True,4999,100000,power,adjusted,refined_S_normal,7967,0.7967,0.0040245386070952285,0.7886988086593549,0.8044733267074855,nan,power under fixed alternative
21,f1c51e946eb8f7a5c9e6,main,5,400,continuous,0.8,interaction,superiority_power,0.3,0.05,0.5,1.0,10000,10000,True,4999,100000,power,adjusted,original_R_normal,7965,0.7965,0.004026012295063193,0.7884959990480997,0.8042762899180889,nan,power under fixed alternative
21,f1c51e946eb8f7a5c9e6,main,5,400,continuous,0.8,interaction,superiority_power,0.3,0.05,0.5,1.0,10000,10000,True,4999,100000,power,adjusted,refined_R_normal,7964,0.7964,0.004026748564288562,0.7883945953679778,0.804177770397885,nan,power under fixed alternative
21,f1c51e946eb8f7a5c9e6,main,5,400,continuous,0.8,interaction,superiority_power,0.3,0.05,0.5,1.0,10000,10000,True,4999,100000,power,adjusted,original_CRT_data,7956,0.7956,0.004032624951566907,0.7875833928849617,0.8033895872782942,nan,power under fixed alternative
21,f1c51e946eb8f7a5c9e6,main,5,400,continuous,0.8,interaction,superiority_power,0.3,0.05,0.5,1.0,10000,10000,True,4999,100000,power,adjusted,refined_CRT_data,7956,0.7956,0.004032624951566907,0.7875833928849617,0.8033895872782942,nan,power under fixed alternative
21,f1c51e946eb8f7a5c9e6,main,5,400,continuous,0.8,interaction,superiority_power,0.3,0.05,0.5,1.0,10000,10000,True,4999,100000,power,adjusted,original_R_lattice,7965,0.7965,0.004026012295063193,0.7884959990480997,0.8042762899180889,nan,power under fixed alternative
21,f1c51e946eb8f7a5c9e6,main,5,400,continuous,0.8,interaction,superiority_power,0.3,0.05,0.5,1.0,10000,10000,True,4999,100000,power,adjusted,refined_R_lattice,7964,0.7964,0.004026748564288562,0.7883945953679778,0.804177770397885,nan,power under fixed alternative
21,f1c51e946eb8f7a5c9e6,main,5,400,continuous,0.8,interaction,superiority_power,0.3,0.05,0.5,1.0,10000,10000,True,4999,100000,power,adjusted,original_CRT_lattice,7970,0.797,0.0040223251981907175,0.7890030287099491,0.804768876257869,nan,power under fixed alternative
21,f1c51e946eb8f7a5c9e6,main,5,400,continuous,0.8,interaction,superiority_power,0.3,0.05,0.5,1.0,10000,10000,True,4999,100000,power,adjusted,refined_CRT_lattice,7967,0.7967,0.0040245386070952285,0.7886988086593549,0.8044733267074855,nan,power under fixed alternative
21,f1c51e946eb8f7a5c9e6,main,5,400,continuous,0.8,interaction,superiority_power,0.3,0.05,0.5,1.0,10000,10000,True,4999,100000,power,adjusted,original_CRT_noise,7956,0.7956,0.004032624951566907,0.7875833928849617,0.8033895872782942,nan,power under fixed alternative
21,f1c51e946eb8f7a5c9e6,main,5,400,continuous,0.8,interaction,superiority_power,0.3,0.05,0.5,1.0,10000,10000,True,4999,100000,power,adjusted,refined_CRT_noise,7956,0.7956,0.004032624951566907,0.7875833928849617,0.8033895872782942,nan,power under fixed alternative
22,80f39b013b338d0239e4,main,5,400,continuous,0.8,interaction,noninferiority_null,-0.2,0.025,0.5,1.0,100000,100000,True,4999,100000,type1,unadjusted,RT,2430,0.0243,0.0004869241213988068,0.023363762780494568,0.02527278345481694,-0.0007000000000000027,null rejection probability
22,80f39b013b338d0239e4,main,5,400,continuous,0.8,interaction,noninferiority_null,-0.2,0.025,0.5,1.0,100000,100000,True,4999,100000,type1,unadjusted,original_S_normal,2390,0.0239,0.0004829988612823016,0.02297146964843302,0.024865107317368556,-0.0011000000000000003,null rejection probability
22,80f39b013b338d0239e4,main,5,400,continuous,0.8,interaction,noninferiority_null,-0.2,0.025,0.5,1.0,100000,100000,True,4999,100000,type1,unadjusted,refined_S_normal,2433,0.02433,0.00048721710868975036,0.023393187521812065,0.02530335640871269,-0.0006700000000000005,null rejection probability
22,80f39b013b338d0239e4,main,5,400,continuous,0.8,interaction,noninferiority_null,-0.2,0.025,0.5,1.0,100000,100000,True,4999,100000,type1,unadjusted,original_R_normal,2392,0.02392,0.00048319596024801366,0.02299108266759034,0.02488549276168673,-0.001080000000000001,null rejection probability
22,80f39b013b338d0239e4,main,5,400,continuous,0.8,interaction,noninferiority_null,-0.2,0.025,0.5,1.0,100000,100000,True,4999,100000,type1,unadjusted,refined_R_normal,2430,0.0243,0.0004869241213988068,0.023363762780494568,0.02527278345481694,-0.0007000000000000027,null rejection probability
22,80f39b013b338d0239e4,main,5,400,continuous,0.8,interaction,noninferiority_null,-0.2,0.025,0.5,1.0,100000,100000,True,4999,100000,type1,unadjusted,original_CRT_data,2439,0.02439,0.0004878024999935937,0.023452038146957885,0.02536450117399336,-0.0006100000000000029,null rejection probability
22,80f39b013b338d0239e4,main,5,400,continuous,0.8,interaction,noninferiority_null,-0.2,0.025,0.5,1.0,100000,100000,True,4999,100000,type1,unadjusted,refined_CRT_data,2439,0.02439,0.0004878024999935937,0.023452038146957885,0.02536450117399336,-0.0006100000000000029,null rejection probability
22,80f39b013b338d0239e4,main,5,400,continuous,0.8,interaction,noninferiority_null,-0.2,0.025,0.5,1.0,100000,100000,True,4999,100000,type1,unadjusted,original_R_lattice,2392,0.02392,0.00048319596024801366,0.02299108266759034,0.02488549276168673,-0.001080000000000001,null rejection probability
22,80f39b013b338d0239e4,main,5,400,continuous,0.8,interaction,noninferiority_null,-0.2,0.025,0.5,1.0,100000,100000,True,4999,100000,type1,unadjusted,refined_R_lattice,2430,0.0243,0.0004869241213988068,0.023363762780494568,0.02527278345481694,-0.0007000000000000027,null rejection probability
22,80f39b013b338d0239e4,main,5,400,continuous,0.8,interaction,noninferiority_null,-0.2,0.025,0.5,1.0,100000,100000,True,4999,100000,type1,unadjusted,original_CRT_lattice,2390,0.0239,0.0004829988612823016,0.02297146964843302,0.024865107317368556,-0.0011000000000000003,null rejection probability
22,80f39b013b338d0239e4,main,5,400,continuous,0.8,interaction,noninferiority_null,-0.2,0.025,0.5,1.0,100000,100000,True,4999,100000,type1,unadjusted,refined_CRT_lattice,2433,0.02433,0.00048721710868975036,0.023393187521812065,0.02530335640871269,-0.0006700000000000005,null rejection probability
22,80f39b013b338d0239e4,main,5,400,continuous,0.8,interaction,noninferiority_null,-0.2,0.025,0.5,1.0,100000,100000,True,4999,100000,type1,unadjusted,original_CRT_noise,2434,0.02434,0.00048731472787101355,0.02340299585363305,0.025313547308629454,-0.0006600000000000009,null rejection probability
22,80f39b013b338d0239e4,main,5,400,continuous,0.8,interaction,noninferiority_null,-0.2,0.025,0.5,1.0,100000,100000,True,4999,100000,type1,unadjusted,refined_CRT_noise,2434,0.02434,0.00048731472787101355,0.02340299585363305,0.025313547308629454,-0.0006600000000000009,null rejection probability
22,80f39b013b338d0239e4,main,5,400,continuous,0.8,interaction,noninferiority_null,-0.2,0.025,0.5,1.0,100000,100000,True,4999,100000,type1,adjusted,RT,2450,0.0245,0.0004888737055723083,0.023559934900419292,0.025476595969647187,-0.0005000000000000004,null rejection probability
22,80f39b013b338d0239e4,main,5,400,continuous,0.8,interaction,noninferiority_null,-0.2,0.025,0.5,1.0,100000,100000,True,4999,100000,type1,adjusted,original_S_normal,2432,0.02432,0.00048711946789263105,0.02338337923233168,0.02529316546645533,-0.00068,null rejection probability
22,80f39b013b338d0239e4,main,5,400,continuous,0.8,interaction,noninferiority_null,-0.2,0.025,0.5,1.0,100000,100000,True,4999,100000,type1,adjusted,refined_S_normal,2429,0.02429,0.00048682641567606,0.023353954618188826,0.02526259238538493,-0.0007100000000000023,null rejection probability
22,80f39b013b338d0239e4,main,5,400,continuous,0.8,interaction,noninferiority_null,-0.2,0.025,0.5,1.0,100000,100000,True,4999,100000,type1,adjusted,original_R_normal,2434,0.02434,0.00048731472787101355,0.02340299585363305,0.025313547308629454,-0.0006600000000000009,null rejection probability
22,80f39b013b338d0239e4,main,5,400,continuous,0.8,interaction,noninferiority_null,-0.2,0.025,0.5,1.0,100000,100000,True,4999,100000,type1,adjusted,refined_R_normal,2429,0.02429,0.00048682641567606,0.023353954618188826,0.02526259238538493,-0.0007100000000000023,null rejection probability
22,80f39b013b338d0239e4,main,5,400,continuous,0.8,interaction,noninferiority_null,-0.2,0.025,0.5,1.0,100000,100000,True,4999,100000,type1,adjusted,original_CRT_data,2448,0.02448,0.0004886791339928481,0.02354031693069659,0.025456215475894387,-0.0005200000000000031,null rejection probability
22,80f39b013b338d0239e4,main,5,400,continuous,0.8,interaction,noninferiority_null,-0.2,0.025,0.5,1.0,100000,100000,True,4999,100000,type1,adjusted,refined_CRT_data,2448,0.02448,0.0004886791339928481,0.02354031693069659,0.025456215475894387,-0.0005200000000000031,null rejection probability
22,80f39b013b338d0239e4,main,5,400,continuous,0.8,interaction,noninferiority_null,-0.2,0.025,0.5,1.0,100000,100000,True,4999,100000,type1,adjusted,original_R_lattice,2434,0.02434,0.00048731472787101355,0.02340299585363305,0.025313547308629454,-0.0006600000000000009,null rejection probability
22,80f39b013b338d0239e4,main,5,400,continuous,0.8,interaction,noninferiority_null,-0.2,0.025,0.5,1.0,100000,100000,True,4999,100000,type1,adjusted,refined_R_lattice,2429,0.02429,0.00048682641567606,0.023353954618188826,0.02526259238538493,-0.0007100000000000023,null rejection probability
22,80f39b013b338d0239e4,main,5,400,continuous,0.8,interaction,noninferiority_null,-0.2,0.025,0.5,1.0,100000,100000,True,4999,100000,type1,adjusted,original_CRT_lattice,2432,0.02432,0.00048711946789263105,0.02338337923233168,0.02529316546645533,-0.00068,null rejection probability
22,80f39b013b338d0239e4,main,5,400,continuous,0.8,interaction,noninferiority_null,-0.2,0.025,0.5,1.0,100000,100000,True,4999,100000,type1,adjusted,refined_CRT_lattice,2429,0.02429,0.00048682641567606,0.023353954618188826,0.02526259238538493,-0.0007100000000000023,null rejection probability
22,80f39b013b338d0239e4,main,5,400,continuous,0.8,interaction,noninferiority_null,-0.2,0.025,0.5,1.0,100000,100000,True,4999,100000,type1,adjusted,original_CRT_noise,2447,0.02447,0.0004885818160758748,0.023530508008765518,0.025446025166087707,-0.0005300000000000027,null rejection probability
22,80f39b013b338d0239e4,main,5,400,continuous,0.8,interaction,noninferiority_null,-0.2,0.025,0.5,1.0,100000,100000,True,4999,100000,type1,adjusted,refined_CRT_noise,2447,0.02447,0.0004885818160758748,0.023530508008765518,0.025446025166087707,-0.0005300000000000027,null rejection probability
23,fdba7b51513e666a28e6,main,5,400,continuous,0.8,interaction,noninferiority_power,0.1,0.025,0.5,1.0,10000,10000,True,4999,100000,power,unadjusted,RT,7916,0.7916,0.0040616430173022345,0.7835280930143818,0.7994479591358397,nan,power under fixed alternative
23,fdba7b51513e666a28e6,main,5,400,continuous,0.8,interaction,noninferiority_power,0.1,0.025,0.5,1.0,10000,10000,True,4999,100000,power,unadjusted,original_S_normal,7886,0.7886,0.004083014082757982,0.7804873866935652,0.7964909694468801,nan,power under fixed alternative
23,fdba7b51513e666a28e6,main,5,400,continuous,0.8,interaction,noninferiority_power,0.1,0.025,0.5,1.0,10000,10000,True,4999,100000,power,unadjusted,refined_S_normal,7909,0.7909,0.004066659439884289,0.782818536437088,0.7987580533108524,nan,power under fixed alternative
23,fdba7b51513e666a28e6,main,5,400,continuous,0.8,interaction,noninferiority_power,0.1,0.025,0.5,1.0,10000,10000,True,4999,100000,power,unadjusted,original_R_normal,7885,0.7885,0.004083720729922653,0.7803860410207829,0.7963923919193366,nan,power under fixed alternative
23,fdba7b51513e666a28e6,main,5,400,continuous,0.8,interaction,noninferiority_power,0.1,0.025,0.5,1.0,10000,10000,True,4999,100000,power,unadjusted,refined_R_normal,7906,0.7906,0.004068803755405267,0.7825144516879279,0.7984623684590348,nan,power under fixed alternative
23,fdba7b51513e666a28e6,main,5,400,continuous,0.8,interaction,noninferiority_power,0.1,0.025,0.5,1.0,10000,10000,True,4999,100000,power,unadjusted,original_CRT_data,7928,0.7928,0.004053000863557767,0.7847445590853923,0.8006305714687394,nan,power under fixed alternative
23,fdba7b51513e666a28e6,main,5,400,continuous,0.8,interaction,noninferiority_power,0.1,0.025,0.5,1.0,10000,10000,True,4999,100000,power,unadjusted,refined_CRT_data,7928,0.7928,0.004053000863557767,0.7847445590853923,0.8006305714687394,nan,power under fixed alternative
23,fdba7b51513e666a28e6,main,5,400,continuous,0.8,interaction,noninferiority_power,0.1,0.025,0.5,1.0,10000,10000,True,4999,100000,power,unadjusted,original_R_lattice,7885,0.7885,0.004083720729922653,0.7803860410207829,0.7963923919193366,nan,power under fixed alternative
23,fdba7b51513e666a28e6,main,5,400,continuous,0.8,interaction,noninferiority_power,0.1,0.025,0.5,1.0,10000,10000,True,4999,100000,power,unadjusted,refined_R_lattice,7906,0.7906,0.004068803755405267,0.7825144516879279,0.7984623684590348,nan,power under fixed alternative
23,fdba7b51513e666a28e6,main,5,400,continuous,0.8,interaction,noninferiority_power,0.1,0.025,0.5,1.0,10000,10000,True,4999,100000,power,unadjusted,original_CRT_lattice,7886,0.7886,0.004083014082757982,0.7804873866935652,0.7964909694468801,nan,power under fixed alternative
23,fdba7b51513e666a28e6,main,5,400,continuous,0.8,interaction,noninferiority_power,0.1,0.025,0.5,1.0,10000,10000,True,4999,100000,power,unadjusted,refined_CRT_lattice,7909,0.7909,0.004066659439884289,0.782818536437088,0.7987580533108524,nan,power under fixed alternative
23,fdba7b51513e666a28e6,main,5,400,continuous,0.8,interaction,noninferiority_power,0.1,0.025,0.5,1.0,10000,10000,True,4999,100000,power,unadjusted,original_CRT_noise,7928,0.7928,0.004053000863557767,0.7847445590853923,0.8006305714687394,nan,power under fixed alternative
23,fdba7b51513e666a28e6,main,5,400,continuous,0.8,interaction,noninferiority_power,0.1,0.025,0.5,1.0,10000,10000,True,4999,100000,power,unadjusted,refined_CRT_noise,7928,0.7928,0.004053000863557767,0.7847445590853923,0.8006305714687394,nan,power under fixed alternative
23,fdba7b51513e666a28e6,main,5,400,continuous,0.8,interaction,noninferiority_power,0.1,0.025,0.5,1.0,10000,10000,True,4999,100000,power,adjusted,RT,7944,0.7944,0.004041393818968896,0.7863666786780101,0.8022072230813355,nan,power under fixed alternative
23,fdba7b51513e666a28e6,main,5,400,continuous,0.8,interaction,noninferiority_power,0.1,0.025,0.5,1.0,10000,10000,True,4999,100000,power,adjusted,original_S_normal,7942,0.7942,0.004042849984849797,0.7861639033790312,0.8020101519796626,nan,power under fixed alternative
23,fdba7b51513e666a28e6,main,5,400,continuous,0.8,interaction,noninferiority_power,0.1,0.025,0.5,1.0,10000,10000,True,4999,100000,power,adjusted,refined_S_normal,7941,0.7941,0.004043577500184707,0.7860625168410482,0.8019116153173198,nan,power under fixed alternative
23,fdba7b51513e666a28e6,main,5,400,continuous,0.8,interaction,noninferiority_power,0.1,0.025,0.5,1.0,10000,10000,True,4999,100000,power,adjusted,original_R_normal,7941,0.7941,0.004043577500184707,0.7860625168410482,0.8019116153173198,nan,power under fixed alternative
23,fdba7b51513e666a28e6,main,5,400,continuous,0.8,interaction,noninferiority_power,0.1,0.025,0.5,1.0,10000,10000,True,4999,100000,power,adjusted,refined_R_normal,7940,0.794,0.004044304637388237,0.7859611310435367,0.8018130779145055,nan,power under fixed alternative
23,fdba7b51513e666a28e6,main,5,400,continuous,0.8,interaction,noninferiority_power,0.1,0.025,0.5,1.0,10000,10000,True,4999,100000,power,adjusted,original_CRT_data,7941,0.7941,0.004043577500184707,0.7860625168410482,0.8019116153173198,nan,power under fixed alternative
23,fdba7b51513e666a28e6,main,5,400,continuous,0.8,interaction,noninferiority_power,0.1,0.025,0.5,1.0,10000,10000,True,4999,100000,power,adjusted,refined_CRT_data,7941,0.7941,0.004043577500184707,0.7860625168410482,0.8019116153173198,nan,power under fixed alternative
23,fdba7b51513e666a28e6,main,5,400,continuous,0.8,interaction,noninferiority_power,0.1,0.025,0.5,1.0,10000,10000,True,4999,100000,power,adjusted,original_R_lattice,7941,0.7941,0.004043577500184707,0.7860625168410482,0.8019116153173198,nan,power under fixed alternative
23,fdba7b51513e666a28e6,main,5,400,continuous,0.8,interaction,noninferiority_power,0.1,0.025,0.5,1.0,10000,10000,True,4999,100000,power,adjusted,refined_R_lattice,7940,0.794,0.004044304637388237,0.7859611310435367,0.8018130779145055,nan,power under fixed alternative
23,fdba7b51513e666a28e6,main,5,400,continuous,0.8,interaction,noninferiority_power,0.1,0.025,0.5,1.0,10000,10000,True,4999,100000,power,adjusted,original_CRT_lattice,7942,0.7942,0.004042849984849797,0.7861639033790312,0.8020101519796626,nan,power under fixed alternative
23,fdba7b51513e666a28e6,main,5,400,continuous,0.8,interaction,noninferiority_power,0.1,0.025,0.5,1.0,10000,10000,True,4999,100000,power,adjusted,refined_CRT_lattice,7941,0.7941,0.004043577500184707,0.7860625168410482,0.8019116153173198,nan,power under fixed alternative
23,fdba7b51513e666a28e6,main,5,400,continuous,0.8,interaction,noninferiority_power,0.1,0.025,0.5,1.0,10000,10000,True,4999,100000,power,adjusted,original_CRT_noise,7941,0.7941,0.004043577500184707,0.7860625168410482,0.8019116153173198,nan,power under fixed alternative
23,fdba7b51513e666a28e6,main,5,400,continuous,0.8,interaction,noninferiority_power,0.1,0.025,0.5,1.0,10000,10000,True,4999,100000,power,adjusted,refined_CRT_noise,7941,0.7941,0.004043577500184707,0.7860625168410482,0.8019116153173198,nan,power under fixed alternative
24,61b43ba3388513f5fd5e,main,5,400,binary,0.8,first_factor,superiority_null,0.0,0.05,0.12,1.0,100000,100000,True,4999,100000,type1,unadjusted,RT,4548,0.04548,0.0006588745677289418,0.04420599588323704,0.04678892317262545,-0.004520000000000003,null rejection probability
24,61b43ba3388513f5fd5e,main,5,400,binary,0.8,first_factor,superiority_null,0.0,0.05,0.12,1.0,100000,100000,True,4999,100000,type1,unadjusted,original_S_normal,5128,0.05128,0.0006974981118254013,0.049930083147867954,0.05266439031588857,0.0012799999999999964,null rejection probability
24,61b43ba3388513f5fd5e,main,5,400,binary,0.8,first_factor,superiority_null,0.0,0.05,0.12,1.0,100000,100000,True,4999,100000,type1,unadjusted,refined_S_normal,5142,0.05142,0.000698398049825456,0.05006831416555467,0.05280614854253034,0.0014199999999999977,null rejection probability
24,61b43ba3388513f5fd5e,main,5,400,binary,0.8,first_factor,superiority_null,0.0,0.05,0.12,1.0,100000,100000,True,4999,100000,type1,unadjusted,original_R_normal,5085,0.05085,0.0006947249635647189,0.04950553418892986,0.0522289723101035,0.0008499999999999966,null rejection probability
24,61b43ba3388513f5fd5e,main,5,400,binary,0.8,first_factor,superiority_null,0.0,0.05,0.12,1.0,100000,100000,True,4999,100000,type1,unadjusted,refined_R_normal,5108,0.05108,0.0006962099798193071,0.049732615176245186,0.052461873652756376,0.0010799999999999976,null rejection probability
24,61b43ba3388513f5fd5e,main,5,400,binary,0.8,first_factor,superiority_null,0.0,0.05,0.12,1.0,100000,100000,True,4999,100000,type1,unadjusted,original_CRT_data,4549,0.04549,0.0006589435476579158,0.04421586032107273,0.04679905796652752,-0.00451,null rejection probability
24,61b43ba3388513f5fd5e,main,5,400,binary,0.8,first_factor,superiority_null,0.0,0.05,0.12,1.0,100000,100000,True,4999,100000,type1,unadjusted,refined_CRT_data,4549,0.04549,0.0006589435476579158,0.04421586032107273,0.04679905796652752,-0.00451,null rejection probability
24,61b43ba3388513f5fd5e,main,5,400,binary,0.8,first_factor,superiority_null,0.0,0.05,0.12,1.0,100000,100000,True,4999,100000,type1,unadjusted,original_R_lattice,4475,0.04475,0.0006538152453101717,0.04348593852853345,0.046049036610473416,-0.005250000000000005,null rejection probability
24,61b43ba3388513f5fd5e,main,5,400,binary,0.8,first_factor,superiority_null,0.0,0.05,0.12,1.0,100000,100000,True,4999,100000,type1,unadjusted,refined_R_lattice,4500,0.045,0.0006555532015023647,0.04373252310610004,0.046302432826350534,-0.0050000000000000044,null rejection probability
24,61b43ba3388513f5fd5e,main,5,400,binary,0.8,first_factor,superiority_null,0.0,0.05,0.12,1.0,100000,100000,True,4999,100000,type1,unadjusted,original_CRT_lattice,4476,0.04476,0.0006538848706003221,0.04349580170190729,0.04605917266883732,-0.005240000000000002,null rejection probability
24,61b43ba3388513f5fd5e,main,5,400,binary,0.8,first_factor,superiority_null,0.0,0.05,0.12,1.0,100000,100000,True,4999,100000,type1,unadjusted,refined_CRT_lattice,4502,0.04502,0.0006556919978160478,0.043752250342894816,0.04632270405303125,-0.004980000000000005,null rejection probability
24,61b43ba3388513f5fd5e,main,5,400,binary,0.8,first_factor,superiority_null,0.0,0.05,0.12,1.0,100000,100000,True,4999,100000,type1,unadjusted,original_CRT_noise,4547,0.04547,0.0006588055790595583,0.044196131462526565,0.04677878836159818,-0.004530000000000006,null rejection probability
24,61b43ba3388513f5fd5e,main,5,400,binary,0.8,first_factor,superiority_null,0.0,0.05,0.12,1.0,100000,100000,True,4999,100000,type1,unadjusted,refined_CRT_noise,4547,0.04547,0.0006588055790595583,0.044196131462526565,0.04677878836159818,-0.004530000000000006,null rejection probability
24,61b43ba3388513f5fd5e,main,5,400,binary,0.8,first_factor,superiority_null,0.0,0.05,0.12,1.0,100000,100000,True,4999,100000,type1,adjusted,RT,5105,0.05105,0.0006960165048330391,0.04970299548050742,0.0524314956532809,0.0010499999999999954,null rejection probability
24,61b43ba3388513f5fd5e,main,5,400,binary,0.8,first_factor,superiority_null,0.0,0.05,0.12,1.0,100000,100000,True,4999,100000,type1,adjusted,original_S_normal,5137,0.05137,0.0006980768088111794,0.05001894562084201,0.05275552092855425,0.0013699999999999962,null rejection probability
24,61b43ba3388513f5fd5e,main,5,400,binary,0.8,first_factor,superiority_null,0.0,0.05,0.12,1.0,100000,100000,True,4999,100000,type1,adjusted,refined_S_normal,5126,0.05126,0.0006973694315067158,0.0499103360903391,0.052644138909941934,0.0012599999999999972,null rejection probability
24,61b43ba3388513f5fd5e,main,5,400,binary,0.8,first_factor,superiority_null,0.0,0.05,0.12,1.0,100000,100000,True,4999,100000,type1,adjusted,original_R_normal,5089,0.05089,0.0006949835098763135,0.04954502598079942,0.052269477445184925,0.000889999999999995,null rejection probability
24,61b43ba3388513f5fd5e,main,5,400,binary,0.8,first_factor,superiority_null,0.0,0.05,0.12,1.0,100000,100000,True,4999,100000,type1,adjusted,refined_R_normal,5081,0.05081,0.0006944662979583674,0.04946604263080395,0.052188466941278405,0.0008099999999999982,null rejection probability
24,61b43ba3388513f5fd5e,main,5,400,binary,0.8,first_factor,superiority_null,0.0,0.05,0.12,1.0,100000,100000,True,4999,100000,type1,adjusted,original_CRT_data,5143,0.05143,0.0006984622760035075,0.05007818791765228,0.05281627402217048,0.0014299999999999938,null rejection probability
24,61b43ba3388513f5fd5e,main,5,400,binary,0.8,first_factor,superiority_null,0.0,0.05,0.12,1.0,100000,100000,True,4999,100000,type1,adjusted,refined_CRT_data,5143,0.05143,0.0006984622760035075,0.05007818791765228,0.05281627402217048,0.0014299999999999938,null rejection probability
24,61b43ba3388513f5fd5e,main,5,400,binary,0.8,first_factor,superiority_null,0.0,0.05,0.12,1.0,100000,100000,True,4999,100000,type1,adjusted,original_R_lattice,5089,0.05089,0.0006949835098763135,0.04954502598079942,0.052269477445184925,0.000889999999999995,null rejection probability
24,61b43ba3388513f5fd5e,main,5,400,binary,0.8,first_factor,superiority_null,0.0,0.05,0.12,1.0,100000,100000,True,4999,100000,type1,adjusted,refined_R_lattice,5081,0.05081,0.0006944662979583674,0.04946604263080395,0.052188466941278405,0.0008099999999999982,null rejection probability
24,61b43ba3388513f5fd5e,main,5,400,binary,0.8,first_factor,superiority_null,0.0,0.05,0.12,1.0,100000,100000,True,4999,100000,type1,adjusted,original_CRT_lattice,5137,0.05137,0.0006980768088111794,0.05001894562084201,0.05275552092855425,0.0013699999999999962,null rejection probability
24,61b43ba3388513f5fd5e,main,5,400,binary,0.8,first_factor,superiority_null,0.0,0.05,0.12,1.0,100000,100000,True,4999,100000,type1,adjusted,refined_CRT_lattice,5126,0.05126,0.0006973694315067158,0.0499103360903391,0.052644138909941934,0.0012599999999999972,null rejection probability
24,61b43ba3388513f5fd5e,main,5,400,binary,0.8,first_factor,superiority_null,0.0,0.05,0.12,1.0,100000,100000,True,4999,100000,type1,adjusted,original_CRT_noise,5131,0.05131,0.0006976910770534478,0.049959703842417165,0.052694767316552614,0.0013099999999999987,null rejection probability
24,61b43ba3388513f5fd5e,main,5,400,binary,0.8,first_factor,superiority_null,0.0,0.05,0.12,1.0,100000,100000,True,4999,100000,type1,adjusted,refined_CRT_noise,5132,0.05132,0.0006977553840709507,0.049969577436119184,0.05270489295458834,0.0013199999999999948,null rejection probability
25,5cf7a7df24bc86685476,main,5,400,binary,0.8,first_factor,superiority_power,0.14,0.05,0.12,1.0,10000,10000,True,4999,100000,power,unadjusted,RT,8605,0.8605,0.003464675309462634,0.853570822555275,0.8671523146194672,nan,power under fixed alternative
25,5cf7a7df24bc86685476,main,5,400,binary,0.8,first_factor,superiority_power,0.14,0.05,0.12,1.0,10000,10000,True,4999,100000,power,unadjusted,original_S_normal,8696,0.8696,0.003367429880487491,0.8628577741534437,0.8760583742509521,nan,power under fixed alternative
25,5cf7a7df24bc86685476,main,5,400,binary,0.8,first_factor,superiority_power,0.14,0.05,0.12,1.0,10000,10000,True,4999,100000,power,unadjusted,refined_S_normal,8699,0.8699,0.003364134212542656,0.863164113128852,0.8763518048765214,nan,power under fixed alternative
25,5cf7a7df24bc86685476,main,5,400,binary,0.8,first_factor,superiority_power,0.14,0.05,0.12,1.0,10000,10000,True,4999,100000,power,unadjusted,original_R_normal,8686,0.8686,0.0033783729811848774,0.8618367273483123,0.875080189052825,nan,power under fixed alternative
25,5cf7a7df24bc86685476,main,5,400,binary,0.8,first_factor,superiority_power,0.14,0.05,0.12,1.0,10000,10000,True,4999,100000,power,unadjusted,refined_R_normal,8693,0.8693,0.0033707196560971964,0.8625514467121441,0.875764932091274,nan,power under fixed alternative
25,5cf7a7df24bc86685476,main,5,400,binary,0.8,first_factor,superiority_power,0.14,0.05,0.12,1.0,10000,10000,True,4999,100000,power,unadjusted,original_CRT_data,8606,0.8606,0.0034636345072770014,0.8536728224914493,0.8672502378836188,nan,power under fixed alternative
25,5cf7a7df24bc86685476,main,5,400,binary,0.8,first_factor,superiority_power,0.14,0.05,0.12,1.0,10000,10000,True,4999,100000,power,unadjusted,refined_CRT_data,8606,0.8606,0.0034636345072770014,0.8536728224914493,0.8672502378836188,nan,power under fixed alternative
25,5cf7a7df24bc86685476,main,5,400,binary,0.8,first_factor,superiority_power,0.14,0.05,0.12,1.0,10000,10000,True,4999,100000,power,unadjusted,original_R_lattice,8582,0.8582,0.0034884489389985346,0.8512251466803709,0.8648997568868764,nan,power under fixed alternative
25,5cf7a7df24bc86685476,main,5,400,binary,0.8,first_factor,superiority_power,0.14,0.05,0.12,1.0,10000,10000,True,4999,100000,power,unadjusted,refined_R_lattice,8587,0.8587,0.003483307479967854,0.851735023907881,0.8653894956609957,nan,power under fixed alternative
25,5cf7a7df24bc86685476,main,5,400,binary,0.8,first_factor,superiority_power,0.14,0.05,0.12,1.0,10000,10000,True,4999,100000,power,unadjusted,original_CRT_lattice,8582,0.8582,0.0034884489389985346,0.8512251466803709,0.8648997568868764,nan,power under fixed alternative
25,5cf7a7df24bc86685476,main,5,400,binary,0.8,first_factor,superiority_power,0.14,0.05,0.12,1.0,10000,10000,True,4999,100000,power,unadjusted,refined_CRT_lattice,8588,0.8588,0.003482277415715181,0.8518370028231972,0.8654874399460053,nan,power under fixed alternative
25,5cf7a7df24bc86685476,main,5,400,binary,0.8,first_factor,superiority_power,0.14,0.05,0.12,1.0,10000,10000,True,4999,100000,power,unadjusted,original_CRT_noise,8606,0.8606,0.0034636345072770014,0.8536728224914493,0.8672502378836188,nan,power under fixed alternative
25,5cf7a7df24bc86685476,main,5,400,binary,0.8,first_factor,superiority_power,0.14,0.05,0.12,1.0,10000,10000,True,4999,100000,power,unadjusted,refined_CRT_noise,8606,0.8606,0.0034636345072770014,0.8536728224914493,0.8672502378836188,nan,power under fixed alternative
25,5cf7a7df24bc86685476,main,5,400,binary,0.8,first_factor,superiority_power,0.14,0.05,0.12,1.0,10000,10000,True,4999,100000,power,adjusted,RT,8709,0.8709,0.0033531058736639974,0.8641853267855276,0.8773298232231045,nan,power under fixed alternative
25,5cf7a7df24bc86685476,main,5,400,binary,0.8,first_factor,superiority_power,0.14,0.05,0.12,1.0,10000,10000,True,4999,100000,power,adjusted,original_S_normal,8707,0.8707,0.0033553168255769823,0.8639810737106943,0.877134229897286,nan,power under fixed alternative
25,5cf7a7df24bc86685476,main,5,400,binary,0.8,first_factor,superiority_power,0.14,0.05,0.12,1.0,10000,10000,True,4999,100000,power,adjusted,refined_S_normal,8706,0.8706,0.0033564213084772295,0.8638789491171439,0.8770364312905106,nan,power under fixed alternative
25,5cf7a7df24bc86685476,main,5,400,binary,0.8,first_factor,superiority_power,0.14,0.05,0.12,1.0,10000,10000,True,4999,100000,power,adjusted,original_R_normal,8703,0.8703,0.003359730792786827,0.8635725830966354,0.8767430277100414,nan,power under fixed alternative
25,5cf7a7df24bc86685476,main,5,400,binary,0.8,first_factor,superiority_power,0.14,0.05,0.12,1.0,10000,10000,True,4999,100000,power,adjusted,refined_R_normal,8702,0.8702,0.0033608326349284343,0.8634704636722719,0.8766452239340792,nan,power under fixed alternative
25,5cf7a7df24bc86685476,main,5,400,binary,0.8,first_factor,superiority_power,0.14,0.05,0.12,1.0,10000,10000,True,4999,100000,power,adjusted,original_CRT_data,8718,0.8718,0.003343123689007034,0.8651045300244866,0.8782099287870782,nan,power under fixed alternative
25,5cf7a7df24bc86685476,main,5,400,binary,0.8,first_factor,superiority_power,0.14,0.05,0.12,1.0,10000,10000,True,4999,100000,power,adjusted,refined_CRT_data,8718,0.8718,0.003343123689007034,0.8651045300244866,0.8782099287870782,nan,power under fixed alternative
25,5cf7a7df24bc86685476,main,5,400,binary,0.8,first_factor,superiority_power,0.14,0.05,0.12,1.0,10000,10000,True,4999,100000,power,adjusted,original_R_lattice,8703,0.8703,0.003359730792786827,0.8635725830966354,0.8767430277100414,nan,power under fixed alternative
25,5cf7a7df24bc86685476,main,5,400,binary,0.8,first_factor,superiority_power,0.14,0.05,0.12,1.0,10000,10000,True,4999,100000,power,adjusted,refined_R_lattice,8702,0.8702,0.0033608326349284343,0.8634704636722719,0.8766452239340792,nan,power under fixed alternative
25,5cf7a7df24bc86685476,main,5,400,binary,0.8,first_factor,superiority_power,0.14,0.05,0.12,1.0,10000,10000,True,4999,100000,power,adjusted,original_CRT_lattice,8707,0.8707,0.0033553168255769823,0.8639810737106943,0.877134229897286,nan,power under fixed alternative
25,5cf7a7df24bc86685476,main,5,400,binary,0.8,first_factor,superiority_power,0.14,0.05,0.12,1.0,10000,10000,True,4999,100000,power,adjusted,refined_CRT_lattice,8706,0.8706,0.0033564213084772295,0.8638789491171439,0.8770364312905106,nan,power under fixed alternative
25,5cf7a7df24bc86685476,main,5,400,binary,0.8,first_factor,superiority_power,0.14,0.05,0.12,1.0,10000,10000,True,4999,100000,power,adjusted,original_CRT_noise,8718,0.8718,0.003343123689007034,0.8651045300244866,0.8782099287870782,nan,power under fixed alternative
25,5cf7a7df24bc86685476,main,5,400,binary,0.8,first_factor,superiority_power,0.14,0.05,0.12,1.0,10000,10000,True,4999,100000,power,adjusted,refined_CRT_noise,8718,0.8718,0.003343123689007034,0.8651045300244866,0.8782099287870782,nan,power under fixed alternative
26,83f921fa824d0e48e790,main,5,400,binary,0.8,first_factor,noninferiority_null,-0.1,0.025,0.12,1.0,100000,100000,True,4999,100000,type1,unadjusted,RT,2369,0.02369,0.00048092394305128953,0.022765543483582115,0.024651049615726745,-0.0013100000000000021,null rejection probability
26,83f921fa824d0e48e790,main,5,400,binary,0.8,first_factor,noninferiority_null,-0.1,0.025,0.12,1.0,100000,100000,True,4999,100000,type1,unadjusted,original_S_normal,2363,0.02363,0.00048032929433879004,0.02270671099147373,0.02458988671740864,-0.0013699999999999997,null rejection probability
26,83f921fa824d0e48e790,main,5,400,binary,0.8,first_factor,noninferiority_null,-0.1,0.025,0.12,1.0,100000,100000,True,4999,100000,type1,unadjusted,refined_S_normal,2370,0.0237,0.0004810229724243947,0.022775349053175995,0.02466124327787061,-0.0013000000000000025,null rejection probability
26,83f921fa824d0e48e790,main,5,400,binary,0.8,first_factor,noninferiority_null,-0.1,0.025,0.12,1.0,100000,100000,True,4999,100000,type1,unadjusted,original_R_normal,2338,0.02338,0.00047784281515996456,0.022461592797981707,0.024335024117456954,-0.00162,null rejection probability
26,83f921fa824d0e48e790,main,5,400,binary,0.8,first_factor,noninferiority_null,-0.1,0.025,0.12,1.0,100000,100000,True,4999,100000,type1,unadjusted,refined_R_normal,2348,0.02348,0.00047883911285524707,0.02255963673373166,0.024436972499084483,-0.0015200000000000005,null rejection probability
26,83f921fa824d0e48e790,main,5,400,binary,0.8,first_factor,noninferiority_null,-0.1,0.025,0.12,1.0,100000,100000,True,4999,100000,type1,unadjusted,original_CRT_data,2379,0.02379,0.00048191322766655823,0.02286360115612214,0.0247529842605642,-0.0012100000000000027,null rejection probability
26,83f921fa824d0e48e790,main,5,400,binary,0.8,first_factor,noninferiority_null,-0.1,0.025,0.12,1.0,100000,100000,True,4999,100000,type1,unadjusted,refined_CRT_data,2379,0.02379,0.00048191322766655823,0.02286360115612214,0.0247529842605642,-0.0012100000000000027,null rejection probability
26,83f921fa824d0e48e790,main,5,400,binary,0.8,first_factor,noninferiority_null,-0.1,0.025,0.12,1.0,100000,100000,True,4999,100000,type1,unadjusted,original_R_lattice,2338,0.02338,0.00047784281515996456,0.022461592797981707,0.024335024117456954,-0.00162,null rejection probability
26,83f921fa824d0e48e790,main,5,400,binary,0.8,first_factor,noninferiority_null,-0.1,0.025,0.12,1.0,100000,100000,True,4999,100000,type1,unadjusted,refined_R_lattice,2348,0.02348,0.00047883911285524707,0.02255963673373166,0.024436972499084483,-0.0015200000000000005,null rejection probability
26,83f921fa824d0e48e790,main,5,400,binary,0.8,first_factor,noninferiority_null,-0.1,0.025,0.12,1.0,100000,100000,True,4999,100000,type1,unadjusted,original_CRT_lattice,2363,0.02363,0.00048032929433879004,0.02270671099147373,0.02458988671740864,-0.0013699999999999997,null rejection probability
26,83f921fa824d0e48e790,main,5,400,binary,0.8,first_factor,noninferiority_null,-0.1,0.025,0.12,1.0,100000,100000,True,4999,100000,type1,unadjusted,refined_CRT_lattice,2370,0.0237,0.0004810229724243947,0.022775349053175995,0.02466124327787061,-0.0013000000000000025,null rejection probability
26,83f921fa824d0e48e790,main,5,400,binary,0.8,first_factor,noninferiority_null,-0.1,0.025,0.12,1.0,100000,100000,True,4999,100000,type1,unadjusted,original_CRT_noise,2377,0.02377,0.0004817155498839538,0.022843989270723338,0.02473259768248751,-0.001230000000000002,null rejection probability
26,83f921fa824d0e48e790,main,5,400,binary,0.8,first_factor,noninferiority_null,-0.1,0.025,0.12,1.0,100000,100000,True,4999,100000,type1,unadjusted,refined_CRT_noise,2378,0.02378,0.00048181439995085244,0.022853795191532557,0.024742790993416038,-0.0012200000000000023,null rejection probability
26,83f921fa824d0e48e790,main,5,400,binary,0.8,first_factor,noninferiority_null,-0.1,0.025,0.12,1.0,100000,100000,True,4999,100000,type1,adjusted,RT,2426,0.02426,0.00048653316844794866,0.02332453038602937,0.025232018922331144,-0.0007400000000000011,null rejection probability
26,83f921fa824d0e48e790,main,5,400,binary,0.8,first_factor,noninferiority_null,-0.1,0.025,0.12,1.0,100000,100000,True,4999,100000,type1,adjusted,original_S_normal,2418,0.02418,0.000485750219763203,0.023246067639672338,0.02515048781478619,-0.0008200000000000013,null rejection probability
26,83f921fa824d0e48e790,main,5,400,binary,0.8,first_factor,noninferiority_null,-0.1,0.025,0.12,1.0,100000,100000,True,4999,100000,type1,adjusted,refined_S_normal,2413,0.02413,0.0004852601683633224,0.02319702981093164,0.025099529484838148,-0.0008700000000000027,null rejection probability
26,83f921fa824d0e48e790,main,5,400,binary,0.8,first_factor,noninferiority_null,-0.1,0.025,0.12,1.0,100000,100000,True,4999,100000,type1,adjusted,original_R_normal,2395,0.02395,0.00048349144253026857,0.023020502521805496,0.02491607060268482,-0.0010500000000000023,null rejection probability
26,83f921fa824d0e48e790,main,5,400,binary,0.8,first_factor,noninferiority_null,-0.1,0.025,0.12,1.0,100000,100000,True,4999,100000,type1,adjusted,refined_R_normal,2391,0.02391,0.0004830974218519491,0.022981276136295373,0.02487530006124395,-0.0010900000000000007,null rejection probability
26,83f921fa824d0e48e790,main,5,400,binary,0.8,first_factor,noninferiority_null,-0.1,0.025,0.12,1.0,100000,100000,True,4999,100000,type1,adjusted,original_CRT_data,2446,0.02446,0.0004884844767236723,0.023520699128821387,0.02543583481429409,-0.0005400000000000023,null rejection probability
26,83f921fa824d0e48e790,main,5,400,binary,0.8,first_factor,noninferiority_null,-0.1,0.025,0.12,1.0,100000,100000,True,4999,100000,type1,adjusted,refined_CRT_data,2446,0.02446,0.0004884844767236723,0.023520699128821387,0.02543583481429409,-0.0005400000000000023,null rejection probability
26,83f921fa824d0e48e790,main,5,400,binary,0.8,first_factor,noninferiority_null,-0.1,0.025,0.12,1.0,100000,100000,True,4999,100000,type1,adjusted,original_R_lattice,2395,0.02395,0.00048349144253026857,0.023020502521805496,0.02491607060268482,-0.0010500000000000023,null rejection probability
26,83f921fa824d0e48e790,main,5,400,binary,0.8,first_factor,noninferiority_null,-0.1,0.025,0.12,1.0,100000,100000,True,4999,100000,type1,adjusted,refined_R_lattice,2391,0.02391,0.0004830974218519491,0.022981276136295373,0.02487530006124395,-0.0010900000000000007,null rejection probability
26,83f921fa824d0e48e790,main,5,400,binary,0.8,first_factor,noninferiority_null,-0.1,0.025,0.12,1.0,100000,100000,True,4999,100000,type1,adjusted,original_CRT_lattice,2418,0.02418,0.000485750219763203,0.023246067639672338,0.02515048781478619,-0.0008200000000000013,null rejection probability
26,83f921fa824d0e48e790,main,5,400,binary,0.8,first_factor,noninferiority_null,-0.1,0.025,0.12,1.0,100000,100000,True,4999,100000,type1,adjusted,refined_CRT_lattice,2413,0.02413,0.0004852601683633224,0.02319702981093164,0.025099529484838148,-0.0008700000000000027,null rejection probability
26,83f921fa824d0e48e790,main,5,400,binary,0.8,first_factor,noninferiority_null,-0.1,0.025,0.12,1.0,100000,100000,True,4999,100000,type1,adjusted,original_CRT_noise,2439,0.02439,0.0004878024999935937,0.023452038146957885,0.02536450117399336,-0.0006100000000000029,null rejection probability
26,83f921fa824d0e48e790,main,5,400,binary,0.8,first_factor,noninferiority_null,-0.1,0.025,0.12,1.0,100000,100000,True,4999,100000,type1,adjusted,refined_CRT_noise,2439,0.02439,0.0004878024999935937,0.023452038146957885,0.02536450117399336,-0.0006100000000000029,null rejection probability
27,6343f55a872416a0ae3a,main,5,400,binary,0.8,first_factor,noninferiority_power,0.05,0.025,0.12,1.0,10000,10000,True,4999,100000,power,unadjusted,RT,8837,0.8837,0.0032058432588010282,0.8772688013994484,0.8898365182508944,nan,power under fixed alternative
27,6343f55a872416a0ae3a,main,5,400,binary,0.8,first_factor,noninferiority_power,0.05,0.025,0.12,1.0,10000,10000,True,4999,100000,power,unadjusted,original_S_normal,8856,0.8856,0.003182964655788687,0.87921287474316,0.8916909857133744,nan,power under fixed alternative
27,6343f55a872416a0ae3a,main,5,400,binary,0.8,first_factor,noninferiority_power,0.05,0.025,0.12,1.0,10000,10000,True,4999,100000,power,unadjusted,refined_S_normal,8864,0.8864,0.003173248178129155,0.880031595134089,0.892471650925052,nan,power under fixed alternative
27,6343f55a872416a0ae3a,main,5,400,binary,0.8,first_factor,noninferiority_power,0.05,0.025,0.12,1.0,10000,10000,True,4999,100000,power,unadjusted,original_R_normal,8855,0.8855,0.00318417571751309,0.8791105415404603,0.8915933957157478,nan,power under fixed alternative
27,6343f55a872416a0ae3a,main,5,400,binary,0.8,first_factor,noninferiority_power,0.05,0.025,0.12,1.0,10000,10000,True,4999,100000,power,unadjusted,refined_R_normal,8858,0.8858,0.0031805402056883352,0.8794175457022343,0.8918861611549517,nan,power under fixed alternative
27,6343f55a872416a0ae3a,main,5,400,binary,0.8,first_factor,noninferiority_power,0.05,0.025,0.12,1.0,10000,10000,True,4999,100000,power,unadjusted,original_CRT_data,8842,0.8842,0.0031998493714548507,0.8777803471993272,0.8903245884526448,nan,power under fixed alternative
27,6343f55a872416a0ae3a,main,5,400,binary,0.8,first_factor,noninferiority_power,0.05,0.025,0.12,1.0,10000,10000,True,4999,100000,power,unadjusted,refined_CRT_data,8842,0.8842,0.0031998493714548507,0.8777803471993272,0.8903245884526448,nan,power under fixed alternative
27,6343f55a872416a0ae3a,main,5,400,binary,0.8,first_factor,noninferiority_power,0.05,0.025,0.12,1.0,10000,10000,True,4999,100000,power,unadjusted,original_R_lattice,8855,0.8855,0.00318417571751309,0.8791105415404603,0.8915933957157478,nan,power under fixed alternative
27,6343f55a872416a0ae3a,main,5,400,binary,0.8,first_factor,noninferiority_power,0.05,0.025,0.12,1.0,10000,10000,True,4999,100000,power,unadjusted,refined_R_lattice,8858,0.8858,0.0031805402056883352,0.8794175457022343,0.8918861611549517,nan,power under fixed alternative
27,6343f55a872416a0ae3a,main,5,400,binary,0.8,first_factor,noninferiority_power,0.05,0.025,0.12,1.0,10000,10000,True,4999,100000,power,unadjusted,original_CRT_lattice,8856,0.8856,0.003182964655788687,0.87921287474316,0.8916909857133744,nan,power under fixed alternative
27,6343f55a872416a0ae3a,main,5,400,binary,0.8,first_factor,noninferiority_power,0.05,0.025,0.12,1.0,10000,10000,True,4999,100000,power,unadjusted,refined_CRT_lattice,8864,0.8864,0.003173248178129155,0.880031595134089,0.892471650925052,nan,power under fixed alternative
27,6343f55a872416a0ae3a,main,5,400,binary,0.8,first_factor,noninferiority_power,0.05,0.025,0.12,1.0,10000,10000,True,4999,100000,power,unadjusted,original_CRT_noise,8840,0.884,0.0032022492095400697,0.8775757244107678,0.8901293648405526,nan,power under fixed alternative
27,6343f55a872416a0ae3a,main,5,400,binary,0.8,first_factor,noninferiority_power,0.05,0.025,0.12,1.0,10000,10000,True,4999,100000,power,unadjusted,refined_CRT_noise,8840,0.884,0.0032022492095400697,0.8775757244107678,0.8901293648405526,nan,power under fixed alternative
27,6343f55a872416a0ae3a,main,5,400,binary,0.8,first_factor,noninferiority_power,0.05,0.025,0.12,1.0,10000,10000,True,4999,100000,power,adjusted,RT,8849,0.8849,0.0031914258568859154,0.8784965740912987,0.8910078239629544,nan,power under fixed alternative
27,6343f55a872416a0ae3a,main,5,400,binary,0.8,first_factor,noninferiority_power,0.05,0.025,0.12,1.0,10000,10000,True,4999,100000,power,adjusted,original_S_normal,8862,0.8862,0.003175681974001805,0.8798269058837315,0.8922764937747579,nan,power under fixed alternative
27,6343f55a872416a0ae3a,main,5,400,binary,0.8,first_factor,noninferiority_power,0.05,0.025,0.12,1.0,10000,10000,True,4999,100000,power,adjusted,refined_S_normal,8859,0.8859,0.003179326815538157,0.8795198834620782,0.8919837465954336,nan,power under fixed alternative
27,6343f55a872416a0ae3a,main,5,400,binary,0.8,first_factor,noninferiority_power,0.05,0.025,0.12,1.0,10000,10000,True,4999,100000,power,adjusted,original_R_normal,8853,0.8853,0.0031865955187315507,0.8789058796800917,0.8913982111754648,nan,power under fixed alternative
27,6343f55a872416a0ae3a,main,5,400,binary,0.8,first_factor,noninferiority_power,0.05,0.025,0.12,1.0,10000,10000,True,4999,100000,power,adjusted,refined_R_normal,8850,0.885,0.003190219428189854,0.8785988982262916,0.8911054230282873,nan,power under fixed alternative
27,6343f55a872416a0ae3a,main,5,400,binary,0.8,first_factor,noninferiority_power,0.05,0.025,0.12,1.0,10000,10000,True,4999,100000,power,adjusted,original_CRT_data,8850,0.885,0.003190219428189854,0.8785988982262916,0.8911054230282873,nan,power under fixed alternative
27,6343f55a872416a0ae3a,main,5,400,binary,0.8,first_factor,noninferiority_power,0.05,0.025,0.12,1.0,10000,10000,True,4999,100000,power,adjusted,refined_CRT_data,8850,0.885,0.003190219428189854,0.8785988982262916,0.8911054230282873,nan,power under fixed alternative
27,6343f55a872416a0ae3a,main,5,400,binary,0.8,first_factor,noninferiority_power,0.05,0.025,0.12,1.0,10000,10000,True,4999,100000,power,adjusted,original_R_lattice,8853,0.8853,0.0031865955187315507,0.8789058796800917,0.8913982111754648,nan,power under fixed alternative
27,6343f55a872416a0ae3a,main,5,400,binary,0.8,first_factor,noninferiority_power,0.05,0.025,0.12,1.0,10000,10000,True,4999,100000,power,adjusted,refined_R_lattice,8850,0.885,0.003190219428189854,0.8785988982262916,0.8911054230282873,nan,power under fixed alternative
27,6343f55a872416a0ae3a,main,5,400,binary,0.8,first_factor,noninferiority_power,0.05,0.025,0.12,1.0,10000,10000,True,4999,100000,power,adjusted,original_CRT_lattice,8862,0.8862,0.003175681974001805,0.8798269058837315,0.8922764937747579,nan,power under fixed alternative
27,6343f55a872416a0ae3a,main,5,400,binary,0.8,first_factor,noninferiority_power,0.05,0.025,0.12,1.0,10000,10000,True,4999,100000,power,adjusted,refined_CRT_lattice,8859,0.8859,0.003179326815538157,0.8795198834620782,0.8919837465954336,nan,power under fixed alternative
27,6343f55a872416a0ae3a,main,5,400,binary,0.8,first_factor,noninferiority_power,0.05,0.025,0.12,1.0,10000,10000,True,4999,100000,power,adjusted,original_CRT_noise,8850,0.885,0.003190219428189854,0.8785988982262916,0.8911054230282873,nan,power under fixed alternative
27,6343f55a872416a0ae3a,main,5,400,binary,0.8,first_factor,noninferiority_power,0.05,0.025,0.12,1.0,10000,10000,True,4999,100000,power,adjusted,refined_CRT_noise,8850,0.885,0.003190219428189854,0.8785988982262916,0.8911054230282873,nan,power under fixed alternative
28,11f6d8c148040ac8ca49,main,5,400,binary,0.8,interaction,superiority_null,0.0,0.05,0.12,1.0,100000,100000,True,4999,100000,type1,unadjusted,RT,4451,0.04451,0.0006521415482853397,0.04324922763820518,0.04580576593909574,-0.005490000000000002,null rejection probability
28,11f6d8c148040ac8ca49,main,5,400,binary,0.8,interaction,superiority_null,0.0,0.05,0.12,1.0,100000,100000,True,4999,100000,type1,unadjusted,original_S_normal,4861,0.04861,0.0006800519678671624,0.0472943747503396,0.04996030383943812,-0.0013900000000000023,null rejection probability
28,11f6d8c148040ac8ca49,main,5,400,binary,0.8,interaction,superiority_null,0.0,0.05,0.12,1.0,100000,100000,True,4999,100000,type1,unadjusted,refined_S_normal,4872,0.04872,0.0006807816213735503,0.047402940633536395,0.05007172950535656,-0.0012800000000000034,null rejection probability
28,11f6d8c148040ac8ca49,main,5,400,binary,0.8,interaction,superiority_null,0.0,0.05,0.12,1.0,100000,100000,True,4999,100000,type1,unadjusted,original_R_normal,4843,0.04843,0.0006788559132835185,0.04711672555477669,0.049777966863721566,-0.001570000000000002,null rejection probability
28,11f6d8c148040ac8ca49,main,5,400,binary,0.8,interaction,superiority_null,0.0,0.05,0.12,1.0,100000,100000,True,4999,100000,type1,unadjusted,refined_R_normal,4853,0.04853,0.0006795207068220953,0.047215418927729035,0.0498792658081467,-0.001470000000000006,null rejection probability
28,11f6d8c148040ac8ca49,main,5,400,binary,0.8,interaction,superiority_null,0.0,0.05,0.12,1.0,100000,100000,True,4999,100000,type1,unadjusted,original_CRT_data,4450,0.0445,0.0006520716985117511,0.043239364904662174,0.04579562944090098,-0.005500000000000005,null rejection probability
28,11f6d8c148040ac8ca49,main,5,400,binary,0.8,interaction,superiority_null,0.0,0.05,0.12,1.0,100000,100000,True,4999,100000,type1,unadjusted,refined_CRT_data,4450,0.0445,0.0006520716985117511,0.043239364904662174,0.04579562944090098,-0.005500000000000005,null rejection probability
28,11f6d8c148040ac8ca49,main,5,400,binary,0.8,interaction,superiority_null,0.0,0.05,0.12,1.0,100000,100000,True,4999,100000,type1,unadjusted,original_R_lattice,4459,0.04459,0.0006527000222154125,0.04332813014186929,0.0458868572893336,-0.005410000000000005,null rejection probability
28,11f6d8c148040ac8ca49,main,5,400,binary,0.8,interaction,superiority_null,0.0,0.05,0.12,1.0,100000,100000,True,4999,100000,type1,unadjusted,refined_R_lattice,4464,0.04464,0.0006530487761262553,0.04337744477935422,0.045937538810537415,-0.005360000000000004,null rejection probability
28,11f6d8c148040ac8ca49,main,5,400,binary,0.8,interaction,superiority_null,0.0,0.05,0.12,1.0,100000,100000,True,4999,100000,type1,unadjusted,original_CRT_lattice,4459,0.04459,0.0006527000222154125,0.04332813014186929,0.0458868572893336,-0.005410000000000005,null rejection probability
28,11f6d8c148040ac8ca49,main,5,400,binary,0.8,interaction,superiority_null,0.0,0.05,0.12,1.0,100000,100000,True,4999,100000,type1,unadjusted,refined_CRT_lattice,4464,0.04464,0.0006530487761262553,0.04337744477935422,0.045937538810537415,-0.005360000000000004,null rejection probability
28,11f6d8c148040ac8ca49,main,5,400,binary,0.8,interaction,superiority_null,0.0,0.05,0.12,1.0,100000,100000,True,4999,100000,type1,unadjusted,original_CRT_noise,4451,0.04451,0.0006521415482853397,0.04324922763820518,0.04580576593909574,-0.005490000000000002,null rejection probability
28,11f6d8c148040ac8ca49,main,5,400,binary,0.8,interaction,superiority_null,0.0,0.05,0.12,1.0,100000,100000,True,4999,100000,type1,unadjusted,refined_CRT_noise,4451,0.04451,0.0006521415482853397,0.04324922763820518,0.04580576593909574,-0.005490000000000002,null rejection probability
28,11f6d8c148040ac8ca49,main,5,400,binary,0.8,interaction,superiority_null,0.0,0.05,0.12,1.0,100000,100000,True,4999,100000,type1,adjusted,RT,4913,0.04913,0.0006834928170800334,0.04780761179060553,0.050487026849535106,-0.0008700000000000027,null rejection probability
28,11f6d8c148040ac8ca49,main,5,400,binary,0.8,interaction,superiority_null,0.0,0.05,0.12,1.0,100000,100000,True,4999,100000,type1,adjusted,original_S_normal,4931,0.04931,0.0006846789313247487,0.04798528046283802,0.050669344348582085,-0.0006900000000000031,null rejection probability
28,11f6d8c148040ac8ca49,main,5,400,binary,0.8,interaction,superiority_null,0.0,0.05,0.12,1.0,100000,100000,True,4999,100000,type1,adjusted,refined_S_normal,4927,0.04927,0.0006844155689345472,0.047945798107450886,0.050628829777018235,-0.0007300000000000015,null rejection probability
28,11f6d8c148040ac8ca49,main,5,400,binary,0.8,interaction,superiority_null,0.0,0.05,0.12,1.0,100000,100000,True,4999,100000,type1,adjusted,original_R_normal,4898,0.04898,0.0006825024512776492,0.047659558359544676,0.05033509180452975,-0.00102,null rejection probability
28,11f6d8c148040ac8ca49,main,5,400,binary,0.8,interaction,superiority_null,0.0,0.05,0.12,1.0,100000,100000,True,4999,100000,type1,adjusted,refined_R_normal,4888,0.04888,0.0006818412249197023,0.04756085799722,0.05023379984947693,-0.001120000000000003,null rejection probability
28,11f6d8c148040ac8ca49,main,5,400,binary,0.8,interaction,superiority_null,0.0,0.05,0.12,1.0,100000,100000,True,4999,100000,type1,adjusted,original_CRT_data,4949,0.04949,0.0006858625219386171,0.04816295407977652,0.05085165690292306,-0.0005100000000000035,null rejection probability
28,11f6d8c148040ac8ca49,main,5,400,binary,0.8,interaction,superiority_null,0.0,0.05,0.12,1.0,100000,100000,True,4999,100000,type1,adjusted,refined_CRT_data,4949,0.04949,0.0006858625219386171,0.04816295407977652,0.05085165690292306,-0.0005100000000000035,null rejection probability
28,11f6d8c148040ac8ca49,main,5,400,binary,0.8,interaction,superiority_null,0.0,0.05,0.12,1.0,100000,100000,True,4999,100000,type1,adjusted,original_R_lattice,4898,0.04898,0.0006825024512776492,0.047659558359544676,0.05033509180452975,-0.00102,null rejection probability
28,11f6d8c148040ac8ca49,main,5,400,binary,0.8,interaction,superiority_null,0.0,0.05,0.12,1.0,100000,100000,True,4999,100000,type1,adjusted,refined_R_lattice,4888,0.04888,0.0006818412249197023,0.04756085799722,0.05023379984947693,-0.001120000000000003,null rejection probability
28,11f6d8c148040ac8ca49,main,5,400,binary,0.8,interaction,superiority_null,0.0,0.05,0.12,1.0,100000,100000,True,4999,100000,type1,adjusted,original_CRT_lattice,4931,0.04931,0.0006846789313247487,0.04798528046283802,0.050669344348582085,-0.0006900000000000031,null rejection probability
28,11f6d8c148040ac8ca49,main,5,400,binary,0.8,interaction,superiority_null,0.0,0.05,0.12,1.0,100000,100000,True,4999,100000,type1,adjusted,refined_CRT_lattice,4927,0.04927,0.0006844155689345472,0.047945798107450886,0.050628829777018235,-0.0007300000000000015,null rejection probability
28,11f6d8c148040ac8ca49,main,5,400,binary,0.8,interaction,superiority_null,0.0,0.05,0.12,1.0,100000,100000,True,4999,100000,type1,adjusted,original_CRT_noise,4945,0.04945,0.0006855997192239798,0.04812347062778198,0.05081114342796661,-0.0005500000000000019,null rejection probability
28,11f6d8c148040ac8ca49,main,5,400,binary,0.8,interaction,superiority_null,0.0,0.05,0.12,1.0,100000,100000,True,4999,100000,type1,adjusted,refined_CRT_noise,4945,0.04945,0.0006855997192239798,0.04812347062778198,0.05081114342796661,-0.0005500000000000019,null rejection probability
29,2b4d9ba4a54abbf07a6b,main,5,400,binary,0.8,interaction,superiority_power,0.14,0.05,0.12,1.0,10000,10000,True,4999,100000,power,unadjusted,RT,8465,0.8465,0.0036046879199176174,0.8393019896433821,0.8534318994857389,nan,power under fixed alternative
29,2b4d9ba4a54abbf07a6b,main,5,400,binary,0.8,interaction,superiority_power,0.14,0.05,0.12,1.0,10000,10000,True,4999,100000,power,unadjusted,original_S_normal,8558,0.8558,0.0035129241380935055,0.848778134966666,0.8625486117927604,nan,power under fixed alternative
29,2b4d9ba4a54abbf07a6b,main,5,400,binary,0.8,interaction,superiority_power,0.14,0.05,0.12,1.0,10000,10000,True,4999,100000,power,unadjusted,refined_S_normal,8560,0.856,0.0035108973211986708,0.8489820275845624,0.8627445655755158,nan,power under fixed alternative
29,2b4d9ba4a54abbf07a6b,main,5,400,binary,0.8,interaction,superiority_power,0.14,0.05,0.12,1.0,10000,10000,True,4999,100000,power,unadjusted,original_R_normal,8555,0.8555,0.0035159600395908938,0.8484723045045208,0.8622546726539282,nan,power under fixed alternative
29,2b4d9ba4a54abbf07a6b,main,5,400,binary,0.8,interaction,superiority_power,0.14,0.05,0.12,1.0,10000,10000,True,4999,100000,power,unadjusted,refined_R_normal,8556,0.8556,0.003514948648273542,0.8485742468645753,0.8623526534941995,nan,power under fixed alternative
29,2b4d9ba4a54abbf07a6b,main,5,400,binary,0.8,interaction,superiority_power,0.14,0.05,0.12,1.0,10000,10000,True,4999,100000,power,unadjusted,original_CRT_data,8466,0.8466,0.003603726404709436,0.8394038343591067,0.8535299779703404,nan,power under fixed alternative
29,2b4d9ba4a54abbf07a6b,main,5,400,binary,0.8,interaction,superiority_power,0.14,0.05,0.12,1.0,10000,10000,True,4999,100000,power,unadjusted,refined_CRT_data,8466,0.8466,0.003603726404709436,0.8394038343591067,0.8535299779703404,nan,power under fixed alternative
29,2b4d9ba4a54abbf07a6b,main,5,400,binary,0.8,interaction,superiority_power,0.14,0.05,0.12,1.0,10000,10000,True,4999,100000,power,unadjusted,original_R_lattice,8449,0.8449,0.0036199998618784506,0.8376726157433282,0.8518625021805791,nan,power under fixed alternative
29,2b4d9ba4a54abbf07a6b,main,5,400,binary,0.8,interaction,superiority_power,0.14,0.05,0.12,1.0,10000,10000,True,4999,100000,power,unadjusted,refined_R_lattice,8451,0.8451,0.0036180932823795466,0.8378762729671477,0.8520586913574112,nan,power under fixed alternative
29,2b4d9ba4a54abbf07a6b,main,5,400,binary,0.8,interaction,superiority_power,0.14,0.05,0.12,1.0,10000,10000,True,4999,100000,power,unadjusted,original_CRT_lattice,8449,0.8449,0.0036199998618784506,0.8376726157433282,0.8518625021805791,nan,power under fixed alternative
29,2b4d9ba4a54abbf07a6b,main,5,400,binary,0.8,interaction,superiority_power,0.14,0.05,0.12,1.0,10000,10000,True,4999,100000,power,unadjusted,refined_CRT_lattice,8451,0.8451,0.0036180932823795466,0.8378762729671477,0.8520586913574112,nan,power under fixed alternative
29,2b4d9ba4a54abbf07a6b,main,5,400,binary,0.8,interaction,superiority_power,0.14,0.05,0.12,1.0,10000,10000,True,4999,100000,power,unadjusted,original_CRT_noise,8466,0.8466,0.003603726404709436,0.8394038343591067,0.8535299779703404,nan,power under fixed alternative
29,2b4d9ba4a54abbf07a6b,main,5,400,binary,0.8,interaction,superiority_power,0.14,0.05,0.12,1.0,10000,10000,True,4999,100000,power,unadjusted,refined_CRT_noise,8466,0.8466,0.003603726404709436,0.8394038343591067,0.8535299779703404,nan,power under fixed alternative
29,2b4d9ba4a54abbf07a6b,main,5,400,binary,0.8,interaction,superiority_power,0.14,0.05,0.12,1.0,10000,10000,True,4999,100000,power,adjusted,RT,8560,0.856,0.0035108973211986708,0.8489820275845624,0.8627445655755158,nan,power under fixed alternative
29,2b4d9ba4a54abbf07a6b,main,5,400,binary,0.8,interaction,superiority_power,0.14,0.05,0.12,1.0,10000,10000,True,4999,100000,power,adjusted,original_S_normal,8564,0.8564,0.0035068367512617405,0.8493898263990757,0.863136459562306,nan,power under fixed alternative
29,2b4d9ba4a54abbf07a6b,main,5,400,binary,0.8,interaction,superiority_power,0.14,0.05,0.12,1.0,10000,10000,True,4999,100000,power,adjusted,refined_S_normal,8562,0.8562,0.0035088681935917746,0.8491859247260835,0.8629405148346464,nan,power under fixed alternative
29,2b4d9ba4a54abbf07a6b,main,5,400,binary,0.8,interaction,superiority_power,0.14,0.05,0.12,1.0,10000,10000,True,4999,100000,power,adjusted,original_R_normal,8554,0.8554,0.003516970855722293,0.8483703632704976,0.8621566906876256,nan,power under fixed alternative
29,2b4d9ba4a54abbf07a6b,main,5,400,binary,0.8,interaction,superiority_power,0.14,0.05,0.12,1.0,10000,10000,True,4999,100000,power,adjusted,refined_R_normal,8552,0.8552,0.0035189907644095917,0.8481664841766673,0.8619607233808039,nan,power under fixed alternative
29,2b4d9ba4a54abbf07a6b,main,5,400,binary,0.8,interaction,superiority_power,0.14,0.05,0.12,1.0,10000,10000,True,4999,100000,power,adjusted,original_CRT_data,8571,0.8571,0.0034997084164255744,0.8501035180538011,0.8638222303098616,nan,power under fixed alternative
29,2b4d9ba4a54abbf07a6b,main,5,400,binary,0.8,interaction,superiority_power,0.14,0.05,0.12,1.0,10000,10000,True,4999,100000,power,adjusted,refined_CRT_data,8571,0.8571,0.0034997084164255744,0.8501035180538011,0.8638222303098616,nan,power under fixed alternative
29,2b4d9ba4a54abbf07a6b,main,5,400,binary,0.8,interaction,superiority_power,0.14,0.05,0.12,1.0,10000,10000,True,4999,100000,power,adjusted,original_R_lattice,8554,0.8554,0.003516970855722293,0.8483703632704976,0.8621566906876256,nan,power under fixed alternative
29,2b4d9ba4a54abbf07a6b,main,5,400,binary,0.8,interaction,superiority_power,0.14,0.05,0.12,1.0,10000,10000,True,4999,100000,power,adjusted,refined_R_lattice,8552,0.8552,0.0035189907644095917,0.8481664841766673,0.8619607233808039,nan,power under fixed alternative
29,2b4d9ba4a54abbf07a6b,main,5,400,binary,0.8,interaction,superiority_power,0.14,0.05,0.12,1.0,10000,10000,True,4999,100000,power,adjusted,original_CRT_lattice,8564,0.8564,0.0035068367512617405,0.8493898263990757,0.863136459562306,nan,power under fixed alternative
29,2b4d9ba4a54abbf07a6b,main,5,400,binary,0.8,interaction,superiority_power,0.14,0.05,0.12,1.0,10000,10000,True,4999,100000,power,adjusted,refined_CRT_lattice,8562,0.8562,0.0035088681935917746,0.8491859247260835,0.8629405148346464,nan,power under fixed alternative
29,2b4d9ba4a54abbf07a6b,main,5,400,binary,0.8,interaction,superiority_power,0.14,0.05,0.12,1.0,10000,10000,True,4999,100000,power,adjusted,original_CRT_noise,8573,0.8573,0.0034976665078306143,0.850307440216241,0.8640181545480733,nan,power under fixed alternative
29,2b4d9ba4a54abbf07a6b,main,5,400,binary,0.8,interaction,superiority_power,0.14,0.05,0.12,1.0,10000,10000,True,4999,100000,power,adjusted,refined_CRT_noise,8573,0.8573,0.0034976665078306143,0.850307440216241,0.8640181545480733,nan,power under fixed alternative
30,10cb68bb34db2ff283ce,main,5,400,binary,0.8,interaction,noninferiority_null,-0.1,0.025,0.12,1.0,100000,100000,True,4999,100000,type1,unadjusted,RT,2356,0.02356,0.0004796345108517526,0.02263807509496641,0.02451852799175172,-0.0014400000000000003,null rejection probability
30,10cb68bb34db2ff283ce,main,5,400,binary,0.8,interaction,noninferiority_null,-0.1,0.025,0.12,1.0,100000,100000,True,4999,100000,type1,unadjusted,original_S_normal,2346,0.02346,0.00047864003593514826,0.022540027588880223,0.024416583180460426,-0.0015399999999999997,null rejection probability
30,10cb68bb34db2ff283ce,main,5,400,binary,0.8,interaction,noninferiority_null,-0.1,0.025,0.12,1.0,100000,100000,True,4999,100000,type1,unadjusted,refined_S_normal,2349,0.02349,0.0004789386171525533,0.02256944137307308,0.024447167091480818,-0.001510000000000001,null rejection probability
30,10cb68bb34db2ff283ce,main,5,400,binary,0.8,interaction,noninferiority_null,-0.1,0.025,0.12,1.0,100000,100000,True,4999,100000,type1,unadjusted,original_R_normal,2344,0.02344,0.0004784408678196293,0.02252041862265619,0.024396193683208958,-0.0015600000000000024,null rejection probability
30,10cb68bb34db2ff283ce,main,5,400,binary,0.8,interaction,noninferiority_null,-0.1,0.025,0.12,1.0,100000,100000,True,4999,100000,type1,unadjusted,refined_R_normal,2346,0.02346,0.00047864003593514826,0.022540027588880223,0.024416583180460426,-0.0015399999999999997,null rejection probability
30,10cb68bb34db2ff283ce,main,5,400,binary,0.8,interaction,noninferiority_null,-0.1,0.025,0.12,1.0,100000,100000,True,4999,100000,type1,unadjusted,original_CRT_data,2358,0.02358,0.00047983313349538503,0.02265768512962519,0.024538916420568442,-0.0014200000000000011,null rejection probability
30,10cb68bb34db2ff283ce,main,5,400,binary,0.8,interaction,noninferiority_null,-0.1,0.025,0.12,1.0,100000,100000,True,4999,100000,type1,unadjusted,refined_CRT_data,2358,0.02358,0.00047983313349538503,0.02265768512962519,0.024538916420568442,-0.0014200000000000011,null rejection probability
30,10cb68bb34db2ff283ce,main,5,400,binary,0.8,interaction,noninferiority_null,-0.1,0.025,0.12,1.0,100000,100000,True,4999,100000,type1,unadjusted,original_R_lattice,2344,0.02344,0.0004784408678196293,0.02252041862265619,0.024396193683208958,-0.0015600000000000024,null rejection probability
30,10cb68bb34db2ff283ce,main,5,400,binary,0.8,interaction,noninferiority_null,-0.1,0.025,0.12,1.0,100000,100000,True,4999,100000,type1,unadjusted,refined_R_lattice,2346,0.02346,0.00047864003593514826,0.022540027588880223,0.024416583180460426,-0.0015399999999999997,null rejection probability
30,10cb68bb34db2ff283ce,main,5,400,binary,0.8,interaction,noninferiority_null,-0.1,0.025,0.12,1.0,100000,100000,True,4999,100000,type1,unadjusted,original_CRT_lattice,2346,0.02346,0.00047864003593514826,0.022540027588880223,0.024416583180460426,-0.0015399999999999997,null rejection probability
30,10cb68bb34db2ff283ce,main,5,400,binary,0.8,interaction,noninferiority_null,-0.1,0.025,0.12,1.0,100000,100000,True,4999,100000,type1,unadjusted,refined_CRT_lattice,2349,0.02349,0.0004789386171525533,0.02256944137307308,0.024447167091480818,-0.001510000000000001,null rejection probability
30,10cb68bb34db2ff283ce,main,5,400,binary,0.8,interaction,noninferiority_null,-0.1,0.025,0.12,1.0,100000,100000,True,4999,100000,type1,unadjusted,original_CRT_noise,2356,0.02356,0.0004796345108517526,0.02263807509496641,0.02451852799175172,-0.0014400000000000003,null rejection probability
30,10cb68bb34db2ff283ce,main,5,400,binary,0.8,interaction,noninferiority_null,-0.1,0.025,0.12,1.0,100000,100000,True,4999,100000,type1,unadjusted,refined_CRT_noise,2356,0.02356,0.0004796345108517526,0.02263807509496641,0.02451852799175172,-0.0014400000000000003,null rejection probability
30,10cb68bb34db2ff283ce,main,5,400,binary,0.8,interaction,noninferiority_null,-0.1,0.025,0.12,1.0,100000,100000,True,4999,100000,type1,adjusted,RT,2380,0.0238,0.00048201203304481936,0.02287340716446517,0.024763177483958926,-0.0011999999999999997,null rejection probability
30,10cb68bb34db2ff283ce,main,5,400,binary,0.8,interaction,noninferiority_null,-0.1,0.025,0.12,1.0,100000,100000,True,4999,100000,type1,adjusted,original_S_normal,2377,0.02377,0.0004817155498839538,0.022843989270723338,0.02473259768248751,-0.001230000000000002,null rejection probability
30,10cb68bb34db2ff283ce,main,5,400,binary,0.8,interaction,noninferiority_null,-0.1,0.025,0.12,1.0,100000,100000,True,4999,100000,type1,adjusted,refined_S_normal,2375,0.02375,0.00048151778264151365,0.022824377560553798,0.02471221092918155,-0.0012500000000000011,null rejection probability
30,10cb68bb34db2ff283ce,main,5,400,binary,0.8,interaction,noninferiority_null,-0.1,0.025,0.12,1.0,100000,100000,True,4999,100000,type1,adjusted,original_R_normal,2371,0.02371,0.00048112197933580206,0.0227851546667666,0.024671436896017754,-0.001290000000000003,null rejection probability
30,10cb68bb34db2ff283ce,main,5,400,binary,0.8,interaction,noninferiority_null,-0.1,0.025,0.12,1.0,100000,100000,True,4999,100000,type1,adjusted,refined_R_normal,2368,0.02368,0.00048082489120260816,0.022755737958012133,0.02464085590955898,-0.0013200000000000017,null rejection probability
30,10cb68bb34db2ff283ce,main,5,400,binary,0.8,interaction,noninferiority_null,-0.1,0.025,0.12,1.0,100000,100000,True,4999,100000,type1,adjusted,original_CRT_data,2388,0.02388,0.00048280167356793617,0.02295185680311251,0.024844721699213566,-0.001120000000000003,null rejection probability
30,10cb68bb34db2ff283ce,main,5,400,binary,0.8,interaction,noninferiority_null,-0.1,0.025,0.12,1.0,100000,100000,True,4999,100000,type1,adjusted,refined_CRT_data,2388,0.02388,0.00048280167356793617,0.02295185680311251,0.024844721699213566,-0.001120000000000003,null rejection probability
30,10cb68bb34db2ff283ce,main,5,400,binary,0.8,interaction,noninferiority_null,-0.1,0.025,0.12,1.0,100000,100000,True,4999,100000,type1,adjusted,original_R_lattice,2371,0.02371,0.00048112197933580206,0.0227851546667666,0.024671436896017754,-0.001290000000000003,null rejection probability
30,10cb68bb34db2ff283ce,main,5,400,binary,0.8,interaction,noninferiority_null,-0.1,0.025,0.12,1.0,100000,100000,True,4999,100000,type1,adjusted,refined_R_lattice,2368,0.02368,0.00048082489120260816,0.022755737958012133,0.02464085590955898,-0.0013200000000000017,null rejection probability
30,10cb68bb34db2ff283ce,main,5,400,binary,0.8,interaction,noninferiority_null,-0.1,0.025,0.12,1.0,100000,100000,True,4999,100000,type1,adjusted,original_CRT_lattice,2377,0.02377,0.0004817155498839538,0.022843989270723338,0.02473259768248751,-0.001230000000000002,null rejection probability
30,10cb68bb34db2ff283ce,main,5,400,binary,0.8,interaction,noninferiority_null,-0.1,0.025,0.12,1.0,100000,100000,True,4999,100000,type1,adjusted,refined_CRT_lattice,2375,0.02375,0.00048151778264151365,0.022824377560553798,0.02471221092918155,-0.0012500000000000011,null rejection probability
30,10cb68bb34db2ff283ce,main,5,400,binary,0.8,interaction,noninferiority_null,-0.1,0.025,0.12,1.0,100000,100000,True,4999,100000,type1,adjusted,original_CRT_noise,2391,0.02391,0.0004830974218519491,0.022981276136295373,0.02487530006124395,-0.0010900000000000007,null rejection probability
30,10cb68bb34db2ff283ce,main,5,400,binary,0.8,interaction,noninferiority_null,-0.1,0.025,0.12,1.0,100000,100000,True,4999,100000,type1,adjusted,refined_CRT_noise,2391,0.02391,0.0004830974218519491,0.022981276136295373,0.02487530006124395,-0.0010900000000000007,null rejection probability
31,6de8b5abe8a0d117fbb7,main,5,400,binary,0.8,interaction,noninferiority_power,0.05,0.025,0.12,1.0,10000,10000,True,4999,100000,power,unadjusted,RT,8769,0.8769,0.003285519593610727,0.8703153809249847,0.8831951611031993,nan,power under fixed alternative
31,6de8b5abe8a0d117fbb7,main,5,400,binary,0.8,interaction,noninferiority_power,0.05,0.025,0.12,1.0,10000,10000,True,4999,100000,power,unadjusted,original_S_normal,8784,0.8784,0.0032682325498654473,0.8718486587643295,0.8846607312687422,nan,power under fixed alternative
31,6de8b5abe8a0d117fbb7,main,5,400,binary,0.8,interaction,noninferiority_power,0.05,0.025,0.12,1.0,10000,10000,True,4999,100000,power,unadjusted,refined_S_normal,8788,0.8788,0.0032635955631787465,0.8722575859148284,0.885051496919547,nan,power under fixed alternative
31,6de8b5abe8a0d117fbb7,main,5,400,binary,0.8,interaction,noninferiority_power,0.05,0.025,0.12,1.0,10000,10000,True,4999,100000,power,unadjusted,original_R_normal,8772,0.8772,0.003282074953440278,0.8706220115004003,0.8834883001287611,nan,power under fixed alternative
31,6de8b5abe8a0d117fbb7,main,5,400,binary,0.8,interaction,noninferiority_power,0.05,0.025,0.12,1.0,10000,10000,True,4999,100000,power,unadjusted,refined_R_normal,8776,0.8776,0.0032774721966784093,0.8710308716516049,0.8838791327788602,nan,power under fixed alternative
31,6de8b5abe8a0d117fbb7,main,5,400,binary,0.8,interaction,noninferiority_power,0.05,0.025,0.12,1.0,10000,10000,True,4999,100000,power,unadjusted,original_CRT_data,8773,0.8773,0.003280925326794257,0.8707242244584377,0.8835860103710496,nan,power under fixed alternative
31,6de8b5abe8a0d117fbb7,main,5,400,binary,0.8,interaction,noninferiority_power,0.05,0.025,0.12,1.0,10000,10000,True,4999,100000,power,unadjusted,refined_CRT_data,8773,0.8773,0.003280925326794257,0.8707242244584377,0.8835860103710496,nan,power under fixed alternative
31,6de8b5abe8a0d117fbb7,main,5,400,binary,0.8,interaction,noninferiority_power,0.05,0.025,0.12,1.0,10000,10000,True,4999,100000,power,unadjusted,original_R_lattice,8772,0.8772,0.003282074953440278,0.8706220115004003,0.8834883001287611,nan,power under fixed alternative
31,6de8b5abe8a0d117fbb7,main,5,400,binary,0.8,interaction,noninferiority_power,0.05,0.025,0.12,1.0,10000,10000,True,4999,100000,power,unadjusted,refined_R_lattice,8776,0.8776,0.0032774721966784093,0.8710308716516049,0.8838791327788602,nan,power under fixed alternative
31,6de8b5abe8a0d117fbb7,main,5,400,binary,0.8,interaction,noninferiority_power,0.05,0.025,0.12,1.0,10000,10000,True,4999,100000,power,unadjusted,original_CRT_lattice,8784,0.8784,0.0032682325498654473,0.8718486587643295,0.8846607312687422,nan,power under fixed alternative
31,6de8b5abe8a0d117fbb7,main,5,400,binary,0.8,interaction,noninferiority_power,0.05,0.025,0.12,1.0,10000,10000,True,4999,100000,power,unadjusted,refined_CRT_lattice,8788,0.8788,0.0032635955631787465,0.8722575859148284,0.885051496919547,nan,power under fixed alternative
31,6de8b5abe8a0d117fbb7,main,5,400,binary,0.8,interaction,noninferiority_power,0.05,0.025,0.12,1.0,10000,10000,True,4999,100000,power,unadjusted,original_CRT_noise,8771,0.8771,0.003283223872963889,0.870519799926446,0.8833905885023896,nan,power under fixed alternative
31,6de8b5abe8a0d117fbb7,main,5,400,binary,0.8,interaction,noninferiority_power,0.05,0.025,0.12,1.0,10000,10000,True,4999,100000,power,unadjusted,refined_CRT_noise,8771,0.8771,0.003283223872963889,0.870519799926446,0.8833905885023896,nan,power under fixed alternative
31,6de8b5abe8a0d117fbb7,main,5,400,binary,0.8,interaction,noninferiority_power,0.05,0.025,0.12,1.0,10000,10000,True,4999,100000,power,adjusted,RT,8775,0.8775,0.0032786239491591597,0.8709286545325814,0.8837814266975577,nan,power under fixed alternative
31,6de8b5abe8a0d117fbb7,main,5,400,binary,0.8,interaction,noninferiority_power,0.05,0.025,0.12,1.0,10000,10000,True,4999,100000,power,adjusted,original_S_normal,8796,0.8796,0.0032542870186878102,0.8730755078823443,0.8858329605546381,nan,power under fixed alternative
31,6de8b5abe8a0d117fbb7,main,5,400,binary,0.8,interaction,noninferiority_power,0.05,0.025,0.12,1.0,10000,10000,True,4999,100000,power,adjusted,refined_S_normal,8796,0.8796,0.0032542870186878102,0.8730755078823443,0.8858329605546381,nan,power under fixed alternative
31,6de8b5abe8a0d117fbb7,main,5,400,binary,0.8,interaction,noninferiority_power,0.05,0.025,0.12,1.0,10000,10000,True,4999,100000,power,adjusted,original_R_normal,8792,0.8792,0.003258947069223433,0.8726665355886895,0.8854422400469893,nan,power under fixed alternative
31,6de8b5abe8a0d117fbb7,main,5,400,binary,0.8,interaction,noninferiority_power,0.05,0.025,0.12,1.0,10000,10000,True,4999,100000,power,adjusted,refined_R_normal,8792,0.8792,0.003258947069223433,0.8726665355886895,0.8854422400469893,nan,power under fixed alternative
31,6de8b5abe8a0d117fbb7,main,5,400,binary,0.8,interaction,noninferiority_power,0.05,0.025,0.12,1.0,10000,10000,True,4999,100000,power,adjusted,original_CRT_data,8782,0.8782,0.0032705467432831477,0.8716442036054209,0.8844653400269992,nan,power under fixed alternative
31,6de8b5abe8a0d117fbb7,main,5,400,binary,0.8,interaction,noninferiority_power,0.05,0.025,0.12,1.0,10000,10000,True,4999,100000,power,adjusted,refined_CRT_data,8782,0.8782,0.0032705467432831477,0.8716442036054209,0.8844653400269992,nan,power under fixed alternative
31,6de8b5abe8a0d117fbb7,main,5,400,binary,0.8,interaction,noninferiority_power,0.05,0.025,0.12,1.0,10000,10000,True,4999,100000,power,adjusted,original_R_lattice,8792,0.8792,0.003258947069223433,0.8726665355886895,0.8854422400469893,nan,power under fixed alternative
31,6de8b5abe8a0d117fbb7,main,5,400,binary,0.8,interaction,noninferiority_power,0.05,0.025,0.12,1.0,10000,10000,True,4999,100000,power,adjusted,refined_R_lattice,8792,0.8792,0.003258947069223433,0.8726665355886895,0.8854422400469893,nan,power under fixed alternative
31,6de8b5abe8a0d117fbb7,main,5,400,binary,0.8,interaction,noninferiority_power,0.05,0.025,0.12,1.0,10000,10000,True,4999,100000,power,adjusted,original_CRT_lattice,8796,0.8796,0.0032542870186878102,0.8730755078823443,0.8858329605546381,nan,power under fixed alternative
31,6de8b5abe8a0d117fbb7,main,5,400,binary,0.8,interaction,noninferiority_power,0.05,0.025,0.12,1.0,10000,10000,True,4999,100000,power,adjusted,refined_CRT_lattice,8796,0.8796,0.0032542870186878102,0.8730755078823443,0.8858329605546381,nan,power under fixed alternative
31,6de8b5abe8a0d117fbb7,main,5,400,binary,0.8,interaction,noninferiority_power,0.05,0.025,0.12,1.0,10000,10000,True,4999,100000,power,adjusted,original_CRT_noise,8784,0.8784,0.0032682325498654473,0.8718486587643295,0.8846607312687422,nan,power under fixed alternative
31,6de8b5abe8a0d117fbb7,main,5,400,binary,0.8,interaction,noninferiority_power,0.05,0.025,0.12,1.0,10000,10000,True,4999,100000,power,adjusted,refined_CRT_noise,8784,0.8784,0.0032682325498654473,0.8718486587643295,0.8846607312687422,nan,power under fixed alternative
