index,id,group,F,n,outcome,pbc,direction,role,delta,alpha,actual_amplitude,feasibility_scale,n_trials,expected_trials,complete,reference_draws,calibration_replicates,evaluation,score,method,reference,paired_rejection_difference,paired_mcse,a_only,b_only,mean_pvalue_difference,mean_absolute_pvalue_error
0,59f8251990b2676ad583,controls,2,200,continuous,0.8,zero,superiority_null,0.0,0.05,0.0,1.0,100000,100000,True,4999,100000,type1,unadjusted,refined_S_normal,original_S_normal,3e-05,4.123115327128263e-05,10,7,-8.103555256750083e-05,0.0003096269645236599
0,59f8251990b2676ad583,controls,2,200,continuous,0.8,zero,superiority_null,0.0,0.05,0.0,1.0,100000,100000,True,4999,100000,type1,unadjusted,refined_R_normal,original_R_normal,7e-05,5.1961312529419397e-05,17,10,-8.096176303434506e-05,0.0003090783150113781
0,59f8251990b2676ad583,controls,2,200,continuous,0.8,zero,superiority_null,0.0,0.05,0.0,1.0,100000,100000,True,4999,100000,type1,unadjusted,refined_CRT_data,original_CRT_data,0.0,0.0,0,0,-9.199999999999611e-08,7.199999999999967e-07
0,59f8251990b2676ad583,controls,2,200,continuous,0.8,zero,superiority_null,0.0,0.05,0.0,1.0,100000,100000,True,4999,100000,type1,unadjusted,refined_R_lattice,original_R_lattice,7e-05,5.1961312529419397e-05,17,10,-8.096176303434506e-05,0.0003090783150113781
0,59f8251990b2676ad583,controls,2,200,continuous,0.8,zero,superiority_null,0.0,0.05,0.0,1.0,100000,100000,True,4999,100000,type1,unadjusted,refined_CRT_lattice,original_CRT_lattice,3e-05,4.123115327128263e-05,10,7,-8.103555256750083e-05,0.0003096269645236599
0,59f8251990b2676ad583,controls,2,200,continuous,0.8,zero,superiority_null,0.0,0.05,0.0,1.0,100000,100000,True,4999,100000,type1,unadjusted,refined_CRT_noise,original_CRT_noise,0.0,0.0,0,0,6.00000000000385e-09,5.779999999999942e-07
0,59f8251990b2676ad583,controls,2,200,continuous,0.8,zero,superiority_null,0.0,0.05,0.0,1.0,100000,100000,True,4999,100000,type1,unadjusted,original_R_normal,RT,-0.00065,0.00022692794002259755,225,290,-0.0005080142880564166,0.007495563845624597
0,59f8251990b2676ad583,controls,2,200,continuous,0.8,zero,superiority_null,0.0,0.05,0.0,1.0,100000,100000,True,4999,100000,type1,unadjusted,original_R_lattice,RT,-0.00065,0.00022692794002259755,225,290,-0.0005080142880564166,0.007495563845624597
0,59f8251990b2676ad583,controls,2,200,continuous,0.8,zero,superiority_null,0.0,0.05,0.0,1.0,100000,100000,True,4999,100000,type1,unadjusted,original_CRT_lattice,original_CRT_data,-0.00058,0.00022449307332610442,223,281,-0.0005079660826690838,0.00749042880096828
0,59f8251990b2676ad583,controls,2,200,continuous,0.8,zero,superiority_null,0.0,0.05,0.0,1.0,100000,100000,True,4999,100000,type1,unadjusted,original_S_normal,original_CRT_data,-0.00058,0.00022449307332610442,223,281,-0.0005079660826690838,0.00749042880096828
0,59f8251990b2676ad583,controls,2,200,continuous,0.8,zero,superiority_null,0.0,0.05,0.0,1.0,100000,100000,True,4999,100000,type1,unadjusted,refined_R_normal,RT,-0.00058,0.00022582547679892036,226,284,-0.0005889760510907617,0.007493099838152332
0,59f8251990b2676ad583,controls,2,200,continuous,0.8,zero,superiority_null,0.0,0.05,0.0,1.0,100000,100000,True,4999,100000,type1,unadjusted,refined_R_lattice,RT,-0.00058,0.00022582547679892036,226,284,-0.0005889760510907617,0.007493099838152332
0,59f8251990b2676ad583,controls,2,200,continuous,0.8,zero,superiority_null,0.0,0.05,0.0,1.0,100000,100000,True,4999,100000,type1,unadjusted,refined_CRT_lattice,refined_CRT_data,-0.00055,0.00022560470734193412,227,282,-0.0005889096352365847,0.007488179705867185
0,59f8251990b2676ad583,controls,2,200,continuous,0.8,zero,superiority_null,0.0,0.05,0.0,1.0,100000,100000,True,4999,100000,type1,unadjusted,refined_S_normal,refined_CRT_data,-0.00055,0.00022560470734193412,227,282,-0.0005889096352365847,0.007488179705867185
0,59f8251990b2676ad583,controls,2,200,continuous,0.8,zero,superiority_null,0.0,0.05,0.0,1.0,100000,100000,True,4999,100000,type1,adjusted,refined_S_normal,original_S_normal,0.0,0.0,0,0,6.372307849155872e-06,6.372307849155872e-06
0,59f8251990b2676ad583,controls,2,200,continuous,0.8,zero,superiority_null,0.0,0.05,0.0,1.0,100000,100000,True,4999,100000,type1,adjusted,refined_R_normal,original_R_normal,-4e-05,1.999969999474989e-05,0,4,6.361033070235634e-06,6.361033070235634e-06
0,59f8251990b2676ad583,controls,2,200,continuous,0.8,zero,superiority_null,0.0,0.05,0.0,1.0,100000,100000,True,4999,100000,type1,adjusted,refined_CRT_data,original_CRT_data,0.0,0.0,0,0,9.999999999999939e-09,9.999999999999939e-09
0,59f8251990b2676ad583,controls,2,200,continuous,0.8,zero,superiority_null,0.0,0.05,0.0,1.0,100000,100000,True,4999,100000,type1,adjusted,refined_R_lattice,original_R_lattice,-4e-05,1.999969999474989e-05,0,4,6.361033070235634e-06,6.361033070235634e-06
0,59f8251990b2676ad583,controls,2,200,continuous,0.8,zero,superiority_null,0.0,0.05,0.0,1.0,100000,100000,True,4999,100000,type1,adjusted,refined_CRT_lattice,original_CRT_lattice,0.0,0.0,0,0,6.372307849155872e-06,6.372307849155872e-06
0,59f8251990b2676ad583,controls,2,200,continuous,0.8,zero,superiority_null,0.0,0.05,0.0,1.0,100000,100000,True,4999,100000,type1,adjusted,refined_CRT_noise,original_CRT_noise,0.0,0.0,0,0,7.999999999999292e-09,1.5999999999998965e-08
0,59f8251990b2676ad583,controls,2,200,continuous,0.8,zero,superiority_null,0.0,0.05,0.0,1.0,100000,100000,True,4999,100000,type1,adjusted,original_R_normal,RT,-0.0004,0.00022045155020743192,223,263,-0.0006067557659163379,0.007472045298912189
0,59f8251990b2676ad583,controls,2,200,continuous,0.8,zero,superiority_null,0.0,0.05,0.0,1.0,100000,100000,True,4999,100000,type1,adjusted,original_R_lattice,RT,-0.0004,0.00022045155020743192,223,263,-0.0006067557659163379,0.007472045298912189
0,59f8251990b2676ad583,controls,2,200,continuous,0.8,zero,superiority_null,0.0,0.05,0.0,1.0,100000,100000,True,4999,100000,type1,adjusted,original_CRT_lattice,original_CRT_data,-0.00049,0.00022337882169305983,225,274,-0.0006052490781107225,0.007467950379264404
0,59f8251990b2676ad583,controls,2,200,continuous,0.8,zero,superiority_null,0.0,0.05,0.0,1.0,100000,100000,True,4999,100000,type1,adjusted,original_S_normal,original_CRT_data,-0.00049,0.00022337882169305983,225,274,-0.0006052490781107225,0.007467950379264404
0,59f8251990b2676ad583,controls,2,200,continuous,0.8,zero,superiority_null,0.0,0.05,0.0,1.0,100000,100000,True,4999,100000,type1,adjusted,refined_R_normal,RT,-0.00044,0.00022045078812628425,221,265,-0.0006003947328461022,0.007471701720751562
0,59f8251990b2676ad583,controls,2,200,continuous,0.8,zero,superiority_null,0.0,0.05,0.0,1.0,100000,100000,True,4999,100000,type1,adjusted,refined_R_lattice,RT,-0.00044,0.00022045078812628425,221,265,-0.0006003947328461022,0.007471701720751562
0,59f8251990b2676ad583,controls,2,200,continuous,0.8,zero,superiority_null,0.0,0.05,0.0,1.0,100000,100000,True,4999,100000,type1,adjusted,refined_CRT_lattice,refined_CRT_data,-0.00049,0.00022337882169305983,225,274,-0.0005988867702615666,0.007467604285781993
0,59f8251990b2676ad583,controls,2,200,continuous,0.8,zero,superiority_null,0.0,0.05,0.0,1.0,100000,100000,True,4999,100000,type1,adjusted,refined_S_normal,refined_CRT_data,-0.00049,0.00022337882169305983,225,274,-0.0005988867702615666,0.007467604285781993
1,0861480876ebbd1accb9,controls,2,200,binary,0.8,zero,superiority_null,0.0,0.05,0.0,1.0,100000,100000,True,4999,100000,type1,unadjusted,refined_S_normal,original_S_normal,-1e-05,9.999999999999999e-06,0,1,-4.661452088549026e-06,7.563437532087287e-05
1,0861480876ebbd1accb9,controls,2,200,binary,0.8,zero,superiority_null,0.0,0.05,0.0,1.0,100000,100000,True,4999,100000,type1,unadjusted,refined_R_normal,original_R_normal,-1e-05,9.999999999999999e-06,0,1,-4.6590662248925045e-06,7.549160080004092e-05
1,0861480876ebbd1accb9,controls,2,200,binary,0.8,zero,superiority_null,0.0,0.05,0.0,1.0,100000,100000,True,4999,100000,type1,unadjusted,refined_CRT_data,original_CRT_data,0.0,0.0,0,0,0.0,0.0
1,0861480876ebbd1accb9,controls,2,200,binary,0.8,zero,superiority_null,0.0,0.05,0.0,1.0,100000,100000,True,4999,100000,type1,unadjusted,refined_R_lattice,original_R_lattice,-1e-05,1.7320565811196822e-05,1,2,-4.368657753947132e-06,7.056498715915125e-05
1,0861480876ebbd1accb9,controls,2,200,binary,0.8,zero,superiority_null,0.0,0.05,0.0,1.0,100000,100000,True,4999,100000,type1,unadjusted,refined_CRT_lattice,original_CRT_lattice,-1e-05,1.7320565811196822e-05,1,2,-4.368428278041428e-06,7.05644043933178e-05
1,0861480876ebbd1accb9,controls,2,200,binary,0.8,zero,superiority_null,0.0,0.05,0.0,1.0,100000,100000,True,4999,100000,type1,unadjusted,refined_CRT_noise,original_CRT_noise,0.0,0.0,0,0,0.0,0.0
1,0861480876ebbd1accb9,controls,2,200,binary,0.8,zero,superiority_null,0.0,0.05,0.0,1.0,100000,100000,True,4999,100000,type1,unadjusted,original_R_normal,RT,0.00772,0.0002908691493586429,812,40,-0.03827920955839462,0.03965698228425529
1,0861480876ebbd1accb9,controls,2,200,binary,0.8,zero,superiority_null,0.0,0.05,0.0,1.0,100000,100000,True,4999,100000,type1,unadjusted,original_R_lattice,RT,-0.00219,0.0002155284285773811,123,342,0.0009931036707592673,0.007148343113673637
1,0861480876ebbd1accb9,controls,2,200,binary,0.8,zero,superiority_null,0.0,0.05,0.0,1.0,100000,100000,True,4999,100000,type1,unadjusted,original_CRT_lattice,original_CRT_data,-0.00219,0.0002155284285773811,123,342,0.0009931154675260052,0.0071481795061765175
1,0861480876ebbd1accb9,controls,2,200,binary,0.8,zero,superiority_null,0.0,0.05,0.0,1.0,100000,100000,True,4999,100000,type1,unadjusted,original_S_normal,original_CRT_data,0.0079,0.00029253505049405215,826,36,-0.03864225439458284,0.039955997087446925
1,0861480876ebbd1accb9,controls,2,200,binary,0.8,zero,superiority_null,0.0,0.05,0.0,1.0,100000,100000,True,4999,100000,type1,unadjusted,refined_R_normal,RT,0.00771,0.0002906998521912948,811,40,-0.0382838686246195,0.03966086010825909
1,0861480876ebbd1accb9,controls,2,200,binary,0.8,zero,superiority_null,0.0,0.05,0.0,1.0,100000,100000,True,4999,100000,type1,unadjusted,refined_R_lattice,RT,-0.0022,0.00021529529377261174,122,342,0.0009887350130053203,0.007148057306686824
1,0861480876ebbd1accb9,controls,2,200,binary,0.8,zero,superiority_null,0.0,0.05,0.0,1.0,100000,100000,True,4999,100000,type1,unadjusted,refined_CRT_lattice,refined_CRT_data,-0.0022,0.00021529529377261174,122,342,0.000988747039247964,0.007147895080443866
1,0861480876ebbd1accb9,controls,2,200,binary,0.8,zero,superiority_null,0.0,0.05,0.0,1.0,100000,100000,True,4999,100000,type1,unadjusted,refined_S_normal,refined_CRT_data,0.00789,0.000292366779548118,825,36,-0.03864691584667138,0.03995988102364721
1,0861480876ebbd1accb9,controls,2,200,binary,0.8,zero,superiority_null,0.0,0.05,0.0,1.0,100000,100000,True,4999,100000,type1,adjusted,refined_S_normal,original_S_normal,0.0,0.0,0,0,6.39247831591927e-06,6.39247831591927e-06
1,0861480876ebbd1accb9,controls,2,200,binary,0.8,zero,superiority_null,0.0,0.05,0.0,1.0,100000,100000,True,4999,100000,type1,adjusted,refined_R_normal,original_R_normal,0.0,0.0,0,0,6.3808877467989575e-06,6.3808877467989575e-06
1,0861480876ebbd1accb9,controls,2,200,binary,0.8,zero,superiority_null,0.0,0.05,0.0,1.0,100000,100000,True,4999,100000,type1,adjusted,refined_CRT_data,original_CRT_data,0.0,0.0,0,0,0.0,0.0
1,0861480876ebbd1accb9,controls,2,200,binary,0.8,zero,superiority_null,0.0,0.05,0.0,1.0,100000,100000,True,4999,100000,type1,adjusted,refined_R_lattice,original_R_lattice,0.0,0.0,0,0,6.3808877467989575e-06,6.3808877467989575e-06
1,0861480876ebbd1accb9,controls,2,200,binary,0.8,zero,superiority_null,0.0,0.05,0.0,1.0,100000,100000,True,4999,100000,type1,adjusted,refined_CRT_lattice,original_CRT_lattice,0.0,0.0,0,0,6.39247831591927e-06,6.39247831591927e-06
1,0861480876ebbd1accb9,controls,2,200,binary,0.8,zero,superiority_null,0.0,0.05,0.0,1.0,100000,100000,True,4999,100000,type1,adjusted,refined_CRT_noise,original_CRT_noise,0.0,0.0,0,0,2.000000000000057e-09,2.000000000000057e-09
1,0861480876ebbd1accb9,controls,2,200,binary,0.8,zero,superiority_null,0.0,0.05,0.0,1.0,100000,100000,True,4999,100000,type1,adjusted,original_R_normal,RT,0.00143,0.0002299566911416104,336,193,-0.006919118706056689,0.017302745938696667
1,0861480876ebbd1accb9,controls,2,200,binary,0.8,zero,superiority_null,0.0,0.05,0.0,1.0,100000,100000,True,4999,100000,type1,adjusted,original_R_lattice,RT,0.00143,0.0002299566911416104,336,193,-0.006919118706056689,0.017302745938696667
1,0861480876ebbd1accb9,controls,2,200,binary,0.8,zero,superiority_null,0.0,0.05,0.0,1.0,100000,100000,True,4999,100000,type1,adjusted,original_CRT_lattice,original_CRT_data,0.00098,0.00022625407821535298,305,207,-0.006830847990209416,0.01726138328577562
1,0861480876ebbd1accb9,controls,2,200,binary,0.8,zero,superiority_null,0.0,0.05,0.0,1.0,100000,100000,True,4999,100000,type1,adjusted,original_S_normal,original_CRT_data,0.00098,0.00022625407821535298,305,207,-0.006830847990209416,0.01726138328577562
1,0861480876ebbd1accb9,controls,2,200,binary,0.8,zero,superiority_null,0.0,0.05,0.0,1.0,100000,100000,True,4999,100000,type1,adjusted,refined_R_normal,RT,0.00143,0.0002299566911416104,336,193,-0.006912737818309891,0.017301056837344366
1,0861480876ebbd1accb9,controls,2,200,binary,0.8,zero,superiority_null,0.0,0.05,0.0,1.0,100000,100000,True,4999,100000,type1,adjusted,refined_R_lattice,RT,0.00143,0.0002299566911416104,336,193,-0.006912737818309891,0.017301056837344366
1,0861480876ebbd1accb9,controls,2,200,binary,0.8,zero,superiority_null,0.0,0.05,0.0,1.0,100000,100000,True,4999,100000,type1,adjusted,refined_CRT_lattice,refined_CRT_data,0.00098,0.00022625407821535298,305,207,-0.006824455511893497,0.01725973248214064
1,0861480876ebbd1accb9,controls,2,200,binary,0.8,zero,superiority_null,0.0,0.05,0.0,1.0,100000,100000,True,4999,100000,type1,adjusted,refined_S_normal,refined_CRT_data,0.00098,0.00022625407821535298,305,207,-0.006824455511893497,0.01725973248214064
2,cb400cec395cd0bf412e,controls,5,400,continuous,0.8,zero,superiority_null,0.0,0.05,0.0,1.0,100000,100000,True,4999,100000,type1,unadjusted,refined_S_normal,original_S_normal,0.00069,8.657548124694157e-05,72,3,-0.001098966156129636,0.0011614946651837008
2,cb400cec395cd0bf412e,controls,5,400,continuous,0.8,zero,superiority_null,0.0,0.05,0.0,1.0,100000,100000,True,4999,100000,type1,unadjusted,refined_R_normal,original_R_normal,0.00083,9.323732048905802e-05,85,2,-0.0010974478419854372,0.0011598535014866618
2,cb400cec395cd0bf412e,controls,5,400,continuous,0.8,zero,superiority_null,0.0,0.05,0.0,1.0,100000,100000,True,4999,100000,type1,unadjusted,refined_CRT_data,original_CRT_data,0.0,0.0,0,0,-1.8099999999999886e-06,6.6739999999999974e-06
2,cb400cec395cd0bf412e,controls,5,400,continuous,0.8,zero,superiority_null,0.0,0.05,0.0,1.0,100000,100000,True,4999,100000,type1,unadjusted,refined_R_lattice,original_R_lattice,0.00083,9.323732048905802e-05,85,2,-0.0010974478419854372,0.0011598535014866618
2,cb400cec395cd0bf412e,controls,5,400,continuous,0.8,zero,superiority_null,0.0,0.05,0.0,1.0,100000,100000,True,4999,100000,type1,unadjusted,refined_CRT_lattice,original_CRT_lattice,0.00069,8.657548124694157e-05,72,3,-0.001098966156129636,0.0011614946651837008
2,cb400cec395cd0bf412e,controls,5,400,continuous,0.8,zero,superiority_null,0.0,0.05,0.0,1.0,100000,100000,True,4999,100000,type1,unadjusted,refined_CRT_noise,original_CRT_noise,0.0,0.0,0,0,-1.194000000000004e-06,6.829999999999987e-06
2,cb400cec395cd0bf412e,controls,5,400,continuous,0.8,zero,superiority_null,0.0,0.05,0.0,1.0,100000,100000,True,4999,100000,type1,unadjusted,original_R_normal,RT,-0.00116,0.00019075352649185464,124,240,0.0008584112743816479,0.006039458360314537
2,cb400cec395cd0bf412e,controls,5,400,continuous,0.8,zero,superiority_null,0.0,0.05,0.0,1.0,100000,100000,True,4999,100000,type1,unadjusted,original_R_lattice,RT,-0.00116,0.00019075352649185464,124,240,0.0008584112743816479,0.006039458360314537
2,cb400cec395cd0bf412e,controls,5,400,continuous,0.8,zero,superiority_null,0.0,0.05,0.0,1.0,100000,100000,True,4999,100000,type1,unadjusted,original_CRT_lattice,original_CRT_data,-0.00108,0.00019128173432667026,129,237,0.0008582492978844329,0.006039854001868861
2,cb400cec395cd0bf412e,controls,5,400,continuous,0.8,zero,superiority_null,0.0,0.05,0.0,1.0,100000,100000,True,4999,100000,type1,unadjusted,original_S_normal,original_CRT_data,-0.00108,0.00019128173432667026,129,237,0.0008582492978844329,0.006039854001868861
2,cb400cec395cd0bf412e,controls,5,400,continuous,0.8,zero,superiority_null,0.0,0.05,0.0,1.0,100000,100000,True,4999,100000,type1,unadjusted,refined_R_normal,RT,-0.00033,0.00019104783692248364,166,199,-0.00023903656760378912,0.005962169605926279
2,cb400cec395cd0bf412e,controls,5,400,continuous,0.8,zero,superiority_null,0.0,0.05,0.0,1.0,100000,100000,True,4999,100000,type1,unadjusted,refined_R_lattice,RT,-0.00033,0.00019104783692248364,166,199,-0.00023903656760378912,0.005962169605926279
2,cb400cec395cd0bf412e,controls,5,400,continuous,0.8,zero,superiority_null,0.0,0.05,0.0,1.0,100000,100000,True,4999,100000,type1,unadjusted,refined_CRT_lattice,refined_CRT_data,-0.00039,0.00019312910704634832,167,206,-0.00023890685824520298,0.005961917438440278
2,cb400cec395cd0bf412e,controls,5,400,continuous,0.8,zero,superiority_null,0.0,0.05,0.0,1.0,100000,100000,True,4999,100000,type1,unadjusted,refined_S_normal,refined_CRT_data,-0.00039,0.00019312910704634832,167,206,-0.00023890685824520298,0.005961917438440278
2,cb400cec395cd0bf412e,controls,5,400,continuous,0.8,zero,superiority_null,0.0,0.05,0.0,1.0,100000,100000,True,4999,100000,type1,adjusted,refined_S_normal,original_S_normal,-4e-05,1.999969999474989e-05,0,4,0.0001204459745003565,0.0001204459745003565
2,cb400cec395cd0bf412e,controls,5,400,continuous,0.8,zero,superiority_null,0.0,0.05,0.0,1.0,100000,100000,True,4999,100000,type1,adjusted,refined_R_normal,original_R_normal,-6e-05,2.4494285041617296e-05,0,6,0.00012028385169623792,0.00012028385169623792
2,cb400cec395cd0bf412e,controls,5,400,continuous,0.8,zero,superiority_null,0.0,0.05,0.0,1.0,100000,100000,True,4999,100000,type1,adjusted,refined_CRT_data,original_CRT_data,0.0,0.0,0,0,1.2600000000000272e-07,7.020000000000001e-07
2,cb400cec395cd0bf412e,controls,5,400,continuous,0.8,zero,superiority_null,0.0,0.05,0.0,1.0,100000,100000,True,4999,100000,type1,adjusted,refined_R_lattice,original_R_lattice,-6e-05,2.4494285041617296e-05,0,6,0.00012028385169623792,0.00012028385169623792
2,cb400cec395cd0bf412e,controls,5,400,continuous,0.8,zero,superiority_null,0.0,0.05,0.0,1.0,100000,100000,True,4999,100000,type1,adjusted,refined_CRT_lattice,original_CRT_lattice,-4e-05,1.999969999474989e-05,0,4,0.0001204459745003565,0.0001204459745003565
2,cb400cec395cd0bf412e,controls,5,400,continuous,0.8,zero,superiority_null,0.0,0.05,0.0,1.0,100000,100000,True,4999,100000,type1,adjusted,refined_CRT_noise,original_CRT_noise,0.0,0.0,0,0,9.399999999999573e-08,7.340000000000005e-07
2,cb400cec395cd0bf412e,controls,5,400,continuous,0.8,zero,superiority_null,0.0,0.05,0.0,1.0,100000,100000,True,4999,100000,type1,adjusted,original_R_normal,RT,-0.00022,0.00019949915789080412,188,210,-0.00038389936358278583,0.005967496907943585
2,cb400cec395cd0bf412e,controls,5,400,continuous,0.8,zero,superiority_null,0.0,0.05,0.0,1.0,100000,100000,True,4999,100000,type1,adjusted,original_R_lattice,RT,-0.00022,0.00019949915789080412,188,210,-0.00038389936358278583,0.005967496907943585
2,cb400cec395cd0bf412e,controls,5,400,continuous,0.8,zero,superiority_null,0.0,0.05,0.0,1.0,100000,100000,True,4999,100000,type1,adjusted,original_CRT_lattice,original_CRT_data,-0.00025,0.00020273082152909056,193,218,-0.00038477519569509057,0.005966872454935064
2,cb400cec395cd0bf412e,controls,5,400,continuous,0.8,zero,superiority_null,0.0,0.05,0.0,1.0,100000,100000,True,4999,100000,type1,adjusted,original_S_normal,original_CRT_data,-0.00025,0.00020273082152909056,193,218,-0.00038477519569509057,0.005966872454935064
2,cb400cec395cd0bf412e,controls,5,400,continuous,0.8,zero,superiority_null,0.0,0.05,0.0,1.0,100000,100000,True,4999,100000,type1,adjusted,refined_R_normal,RT,-0.00028,0.0001994984059989953,185,213,-0.00026361551188654794,0.005962474244388566
2,cb400cec395cd0bf412e,controls,5,400,continuous,0.8,zero,superiority_null,0.0,0.05,0.0,1.0,100000,100000,True,4999,100000,type1,adjusted,refined_R_lattice,RT,-0.00028,0.0001994984059989953,185,213,-0.00026361551188654794,0.005962474244388566
2,cb400cec395cd0bf412e,controls,5,400,continuous,0.8,zero,superiority_null,0.0,0.05,0.0,1.0,100000,100000,True,4999,100000,type1,adjusted,refined_CRT_lattice,refined_CRT_data,-0.00029,0.0002027302887969628,191,220,-0.000264455221194734,0.005961898911748042
2,cb400cec395cd0bf412e,controls,5,400,continuous,0.8,zero,superiority_null,0.0,0.05,0.0,1.0,100000,100000,True,4999,100000,type1,adjusted,refined_S_normal,refined_CRT_data,-0.00029,0.0002027302887969628,191,220,-0.000264455221194734,0.005961898911748042
3,40a5f47d518dbe65f027,controls,5,400,binary,0.8,zero,superiority_null,0.0,0.05,0.0,1.0,100000,100000,True,4999,100000,type1,unadjusted,refined_S_normal,original_S_normal,0.0001,5.098946949380816e-05,18,8,-7.502254072395114e-05,0.00023437896119646523
3,40a5f47d518dbe65f027,controls,5,400,binary,0.8,zero,superiority_null,0.0,0.05,0.0,1.0,100000,100000,True,4999,100000,type1,unadjusted,refined_R_normal,original_R_normal,7e-05,4.123066819346972e-05,12,5,-7.475333747086844e-05,0.00023398024922453793
3,40a5f47d518dbe65f027,controls,5,400,binary,0.8,zero,superiority_null,0.0,0.05,0.0,1.0,100000,100000,True,4999,100000,type1,unadjusted,refined_CRT_data,original_CRT_data,0.0,0.0,0,0,0.0,0.0
3,40a5f47d518dbe65f027,controls,5,400,binary,0.8,zero,superiority_null,0.0,0.05,0.0,1.0,100000,100000,True,4999,100000,type1,unadjusted,refined_R_lattice,original_R_lattice,4e-05,3.4640958415725154e-05,8,4,-7.160769750373715e-05,0.000223844075283431
3,40a5f47d518dbe65f027,controls,5,400,binary,0.8,zero,superiority_null,0.0,0.05,0.0,1.0,100000,100000,True,4999,100000,type1,unadjusted,refined_CRT_lattice,original_CRT_lattice,4e-05,3.4640958415725154e-05,8,4,-7.160715821080345e-05,0.0002238435835326045
3,40a5f47d518dbe65f027,controls,5,400,binary,0.8,zero,superiority_null,0.0,0.05,0.0,1.0,100000,100000,True,4999,100000,type1,unadjusted,refined_CRT_noise,original_CRT_noise,0.0,0.0,0,0,0.0,0.0
3,40a5f47d518dbe65f027,controls,5,400,binary,0.8,zero,superiority_null,0.0,0.05,0.0,1.0,100000,100000,True,4999,100000,type1,unadjusted,original_R_normal,RT,0.00397,0.00022834822624475166,460,63,-0.025465266214657244,0.026427334712208303
3,40a5f47d518dbe65f027,controls,5,400,binary,0.8,zero,superiority_null,0.0,0.05,0.0,1.0,100000,100000,True,4999,100000,type1,unadjusted,original_R_lattice,RT,-0.00037,0.00018027466818596531,144,181,0.0006711440266926169,0.0057130277995957116
3,40a5f47d518dbe65f027,controls,5,400,binary,0.8,zero,superiority_null,0.0,0.05,0.0,1.0,100000,100000,True,4999,100000,type1,unadjusted,original_CRT_lattice,original_CRT_data,-0.00036,0.00017999729995274902,144,180,0.0006711882950998237,0.00571292129541346
3,40a5f47d518dbe65f027,controls,5,400,binary,0.8,zero,superiority_null,0.0,0.05,0.0,1.0,100000,100000,True,4999,100000,type1,unadjusted,original_S_normal,original_CRT_data,0.00436,0.00023496905350399024,495,59,-0.025752051778896615,0.0266508172730751
3,40a5f47d518dbe65f027,controls,5,400,binary,0.8,zero,superiority_null,0.0,0.05,0.0,1.0,100000,100000,True,4999,100000,type1,unadjusted,refined_R_normal,RT,0.00404,0.00022942822488330357,466,62,-0.025540019552128115,0.026488877035152444
3,40a5f47d518dbe65f027,controls,5,400,binary,0.8,zero,superiority_null,0.0,0.05,0.0,1.0,100000,100000,True,4999,100000,type1,unadjusted,refined_R_lattice,RT,-0.00033,0.00018082930623209255,147,180,0.0005995363291888797,0.005700223620752852
3,40a5f47d518dbe65f027,controls,5,400,binary,0.8,zero,superiority_null,0.0,0.05,0.0,1.0,100000,100000,True,4999,100000,type1,unadjusted,refined_CRT_lattice,refined_CRT_data,-0.00032,0.00018055276789077462,147,179,0.0005995811368890203,0.005700110950924925
3,40a5f47d518dbe65f027,controls,5,400,binary,0.8,zero,superiority_null,0.0,0.05,0.0,1.0,100000,100000,True,4999,100000,type1,unadjusted,refined_S_normal,refined_CRT_data,0.00446,0.0002353755255254466,501,55,-0.025827074319620568,0.026713886476813522
3,40a5f47d518dbe65f027,controls,5,400,binary,0.8,zero,superiority_null,0.0,0.05,0.0,1.0,100000,100000,True,4999,100000,type1,adjusted,refined_S_normal,original_S_normal,-7e-05,2.6456719365408772e-05,0,7,0.00012049950440866368,0.00012049950440866368
3,40a5f47d518dbe65f027,controls,5,400,binary,0.8,zero,superiority_null,0.0,0.05,0.0,1.0,100000,100000,True,4999,100000,type1,adjusted,refined_R_normal,original_R_normal,-6e-05,2.4494285041617293e-05,0,6,0.00012031872922219582,0.00012031872922219582
3,40a5f47d518dbe65f027,controls,5,400,binary,0.8,zero,superiority_null,0.0,0.05,0.0,1.0,100000,100000,True,4999,100000,type1,adjusted,refined_CRT_data,original_CRT_data,0.0,0.0,0,0,2.680000000000095e-07,7.439999999999966e-07
3,40a5f47d518dbe65f027,controls,5,400,binary,0.8,zero,superiority_null,0.0,0.05,0.0,1.0,100000,100000,True,4999,100000,type1,adjusted,refined_R_lattice,original_R_lattice,-6e-05,2.4494285041617293e-05,0,6,0.00012031872922219582,0.00012031872922219582
3,40a5f47d518dbe65f027,controls,5,400,binary,0.8,zero,superiority_null,0.0,0.05,0.0,1.0,100000,100000,True,4999,100000,type1,adjusted,refined_CRT_lattice,original_CRT_lattice,-7e-05,2.6456719365408772e-05,0,7,0.00012049950440866368,0.00012049950440866368
3,40a5f47d518dbe65f027,controls,5,400,binary,0.8,zero,superiority_null,0.0,0.05,0.0,1.0,100000,100000,True,4999,100000,type1,adjusted,refined_CRT_noise,original_CRT_noise,1e-05,1e-05,1,0,1.3000000000000275e-07,8.099999999999975e-07
3,40a5f47d518dbe65f027,controls,5,400,binary,0.8,zero,superiority_null,0.0,0.05,0.0,1.0,100000,100000,True,4999,100000,type1,adjusted,original_R_normal,RT,-0.00059,0.00019671529165029262,164,223,-0.0001231558752709202,0.007672938243495123
3,40a5f47d518dbe65f027,controls,5,400,binary,0.8,zero,superiority_null,0.0,0.05,0.0,1.0,100000,100000,True,4999,100000,type1,adjusted,original_R_lattice,RT,-0.00059,0.00019671529165029262,164,223,-0.0001231558752709202,0.007672938243495123
3,40a5f47d518dbe65f027,controls,5,400,binary,0.8,zero,superiority_null,0.0,0.05,0.0,1.0,100000,100000,True,4999,100000,type1,adjusted,original_CRT_lattice,original_CRT_data,-0.00086,0.00020345274126975848,164,250,-9.262068173715125e-05,0.00768348126901526
3,40a5f47d518dbe65f027,controls,5,400,binary,0.8,zero,superiority_null,0.0,0.05,0.0,1.0,100000,100000,True,4999,100000,type1,adjusted,original_S_normal,original_CRT_data,-0.00086,0.00020345274126975848,164,250,-9.262068173715125e-05,0.00768348126901526
3,40a5f47d518dbe65f027,controls,5,400,binary,0.8,zero,superiority_null,0.0,0.05,0.0,1.0,100000,100000,True,4999,100000,type1,adjusted,refined_R_normal,RT,-0.00065,0.00019620438313554473,160,225,-2.8371460487243738e-06,0.007671299198411091
3,40a5f47d518dbe65f027,controls,5,400,binary,0.8,zero,superiority_null,0.0,0.05,0.0,1.0,100000,100000,True,4999,100000,type1,adjusted,refined_R_lattice,RT,-0.00065,0.00019620438313554473,160,225,-2.8371460487243738e-06,0.007671299198411091
3,40a5f47d518dbe65f027,controls,5,400,binary,0.8,zero,superiority_null,0.0,0.05,0.0,1.0,100000,100000,True,4999,100000,type1,adjusted,refined_CRT_lattice,refined_CRT_data,-0.00093,0.00020418562123146472,162,255,2.7610822671512417e-05,0.007682316143103792
3,40a5f47d518dbe65f027,controls,5,400,binary,0.8,zero,superiority_null,0.0,0.05,0.0,1.0,100000,100000,True,4999,100000,type1,adjusted,refined_S_normal,refined_CRT_data,-0.00093,0.00020418562123146472,162,255,2.7610822671512417e-05,0.007682316143103792
4,785a742969e47aa00342,sample_size,2,1000,continuous,0.8,first_factor,superiority_null,0.0,0.05,0.5,1.0,100000,100000,True,4999,100000,type1,unadjusted,refined_S_normal,original_S_normal,2e-05,3.4641131622393644e-05,7,5,-2.9791965635815158e-05,0.00014266725317544225
4,785a742969e47aa00342,sample_size,2,1000,continuous,0.8,first_factor,superiority_null,0.0,0.05,0.5,1.0,100000,100000,True,4999,100000,type1,unadjusted,refined_R_normal,original_R_normal,7e-05,3.3165675021322806e-05,9,2,-2.969483168307592e-05,0.00014217200944679763
4,785a742969e47aa00342,sample_size,2,1000,continuous,0.8,first_factor,superiority_null,0.0,0.05,0.5,1.0,100000,100000,True,4999,100000,type1,unadjusted,refined_CRT_data,original_CRT_data,0.0,0.0,0,0,-1.1200000000000925e-07,4.880000000000018e-07
4,785a742969e47aa00342,sample_size,2,1000,continuous,0.8,first_factor,superiority_null,0.0,0.05,0.5,1.0,100000,100000,True,4999,100000,type1,unadjusted,refined_R_lattice,original_R_lattice,7e-05,3.3165675021322806e-05,9,2,-2.969483168307592e-05,0.00014217200944679763
4,785a742969e47aa00342,sample_size,2,1000,continuous,0.8,first_factor,superiority_null,0.0,0.05,0.5,1.0,100000,100000,True,4999,100000,type1,unadjusted,refined_CRT_lattice,original_CRT_lattice,2e-05,3.4641131622393644e-05,7,5,-2.9791965635815158e-05,0.00014266725317544225
4,785a742969e47aa00342,sample_size,2,1000,continuous,0.8,first_factor,superiority_null,0.0,0.05,0.5,1.0,100000,100000,True,4999,100000,type1,unadjusted,refined_CRT_noise,original_CRT_noise,0.0,0.0,0,0,-1.799999999999859e-08,4.0199999999999637e-07
4,785a742969e47aa00342,sample_size,2,1000,continuous,0.8,first_factor,superiority_null,0.0,0.05,0.5,1.0,100000,100000,True,4999,100000,type1,unadjusted,original_R_normal,RT,-9e-05,0.0001646213534202049,131,140,-0.00019120638185926765,0.005165646203945136
4,785a742969e47aa00342,sample_size,2,1000,continuous,0.8,first_factor,superiority_null,0.0,0.05,0.5,1.0,100000,100000,True,4999,100000,type1,unadjusted,original_R_lattice,RT,-9e-05,0.0001646213534202049,131,140,-0.00019120638185926765,0.005165646203945136
4,785a742969e47aa00342,sample_size,2,1000,continuous,0.8,first_factor,superiority_null,0.0,0.05,0.5,1.0,100000,100000,True,4999,100000,type1,unadjusted,original_CRT_lattice,original_CRT_data,6e-05,0.00017146503434397353,150,144,-0.00019169729606586118,0.005164094145762599
4,785a742969e47aa00342,sample_size,2,1000,continuous,0.8,first_factor,superiority_null,0.0,0.05,0.5,1.0,100000,100000,True,4999,100000,type1,unadjusted,original_S_normal,original_CRT_data,6e-05,0.00017146503434397353,150,144,-0.00019169729606586118,0.005164094145762599
4,785a742969e47aa00342,sample_size,2,1000,continuous,0.8,first_factor,superiority_null,0.0,0.05,0.5,1.0,100000,100000,True,4999,100000,type1,unadjusted,refined_R_normal,RT,-2e-05,0.00016431757666987432,134,136,-0.0002209012135423436,0.005163333040495924
4,785a742969e47aa00342,sample_size,2,1000,continuous,0.8,first_factor,superiority_null,0.0,0.05,0.5,1.0,100000,100000,True,4999,100000,type1,unadjusted,refined_R_lattice,RT,-2e-05,0.00016431757666987432,134,136,-0.0002209012135423436,0.005163333040495924
4,785a742969e47aa00342,sample_size,2,1000,continuous,0.8,first_factor,superiority_null,0.0,0.05,0.5,1.0,100000,100000,True,4999,100000,type1,unadjusted,refined_CRT_lattice,refined_CRT_data,8e-05,0.0001702945272234549,149,141,-0.00022137726170167637,0.005161857639363053
4,785a742969e47aa00342,sample_size,2,1000,continuous,0.8,first_factor,superiority_null,0.0,0.05,0.5,1.0,100000,100000,True,4999,100000,type1,unadjusted,refined_S_normal,refined_CRT_data,8e-05,0.0001702945272234549,149,141,-0.00022137726170167637,0.005161857639363053
4,785a742969e47aa00342,sample_size,2,1000,continuous,0.8,first_factor,superiority_null,0.0,0.05,0.5,1.0,100000,100000,True,4999,100000,type1,adjusted,refined_S_normal,original_S_normal,0.0,0.0,0,0,2.49459346083441e-07,2.49459346083441e-07
4,785a742969e47aa00342,sample_size,2,1000,continuous,0.8,first_factor,superiority_null,0.0,0.05,0.5,1.0,100000,100000,True,4999,100000,type1,adjusted,refined_R_normal,original_R_normal,0.0,0.0,0,0,2.485843561357814e-07,2.485843561357814e-07
4,785a742969e47aa00342,sample_size,2,1000,continuous,0.8,first_factor,superiority_null,0.0,0.05,0.5,1.0,100000,100000,True,4999,100000,type1,adjusted,refined_CRT_data,original_CRT_data,0.0,0.0,0,0,0.0,0.0
4,785a742969e47aa00342,sample_size,2,1000,continuous,0.8,first_factor,superiority_null,0.0,0.05,0.5,1.0,100000,100000,True,4999,100000,type1,adjusted,refined_R_lattice,original_R_lattice,0.0,0.0,0,0,2.485843561357814e-07,2.485843561357814e-07
4,785a742969e47aa00342,sample_size,2,1000,continuous,0.8,first_factor,superiority_null,0.0,0.05,0.5,1.0,100000,100000,True,4999,100000,type1,adjusted,refined_CRT_lattice,original_CRT_lattice,0.0,0.0,0,0,2.49459346083441e-07,2.49459346083441e-07
4,785a742969e47aa00342,sample_size,2,1000,continuous,0.8,first_factor,superiority_null,0.0,0.05,0.5,1.0,100000,100000,True,4999,100000,type1,adjusted,refined_CRT_noise,original_CRT_noise,0.0,0.0,0,0,0.0,0.0
4,785a742969e47aa00342,sample_size,2,1000,continuous,0.8,first_factor,superiority_null,0.0,0.05,0.5,1.0,100000,100000,True,4999,100000,type1,adjusted,original_R_normal,RT,-0.00021,0.00017233646160508227,138,159,-0.00020994611766486735,0.005151387733566598
4,785a742969e47aa00342,sample_size,2,1000,continuous,0.8,first_factor,superiority_null,0.0,0.05,0.5,1.0,100000,100000,True,4999,100000,type1,adjusted,original_R_lattice,RT,-0.00021,0.00017233646160508227,138,159,-0.00020994611766486735,0.005151387733566598
4,785a742969e47aa00342,sample_size,2,1000,continuous,0.8,first_factor,superiority_null,0.0,0.05,0.5,1.0,100000,100000,True,4999,100000,type1,adjusted,original_CRT_lattice,original_CRT_data,-0.00033,0.0001791625853584389,144,177,-0.0002110485133148607,0.005149658966431709
4,785a742969e47aa00342,sample_size,2,1000,continuous,0.8,first_factor,superiority_null,0.0,0.05,0.5,1.0,100000,100000,True,4999,100000,type1,adjusted,original_S_normal,original_CRT_data,-0.00033,0.0001791625853584389,144,177,-0.0002110485133148607,0.005149658966431709
4,785a742969e47aa00342,sample_size,2,1000,continuous,0.8,first_factor,superiority_null,0.0,0.05,0.5,1.0,100000,100000,True,4999,100000,type1,adjusted,refined_R_normal,RT,-0.00021,0.00017233646160508227,138,159,-0.0002096975333087316,0.0051513821593632
4,785a742969e47aa00342,sample_size,2,1000,continuous,0.8,first_factor,superiority_null,0.0,0.05,0.5,1.0,100000,100000,True,4999,100000,type1,adjusted,refined_R_lattice,RT,-0.00021,0.00017233646160508227,138,159,-0.0002096975333087316,0.0051513821593632
4,785a742969e47aa00342,sample_size,2,1000,continuous,0.8,first_factor,superiority_null,0.0,0.05,0.5,1.0,100000,100000,True,4999,100000,type1,adjusted,refined_CRT_lattice,refined_CRT_data,-0.00033,0.0001791625853584389,144,177,-0.00021079905396877724,0.005149653557623428
4,785a742969e47aa00342,sample_size,2,1000,continuous,0.8,first_factor,superiority_null,0.0,0.05,0.5,1.0,100000,100000,True,4999,100000,type1,adjusted,refined_S_normal,refined_CRT_data,-0.00033,0.0001791625853584389,144,177,-0.00021079905396877724,0.005149653557623428
5,e4f6d83fe5899c2391a6,sample_size,2,1000,continuous,0.8,first_factor,superiority_power,0.19,0.05,0.5,1.0,10000,10000,True,4999,100000,power,unadjusted,refined_S_normal,original_S_normal,0.0002,0.00024495305713548467,4,2,-3.4910953398434488e-06,4.754787565453399e-05
5,e4f6d83fe5899c2391a6,sample_size,2,1000,continuous,0.8,first_factor,superiority_power,0.19,0.05,0.5,1.0,10000,10000,True,4999,100000,power,unadjusted,refined_R_normal,original_R_normal,0.0001,0.00017321085474074655,2,1,-3.5002475626371813e-06,4.762025728649391e-05
5,e4f6d83fe5899c2391a6,sample_size,2,1000,continuous,0.8,first_factor,superiority_power,0.19,0.05,0.5,1.0,10000,10000,True,4999,100000,power,unadjusted,refined_CRT_data,original_CRT_data,0.0,0.0,0,0,-9.999999999999988e-08,1.3999999999999546e-07
5,e4f6d83fe5899c2391a6,sample_size,2,1000,continuous,0.8,first_factor,superiority_power,0.19,0.05,0.5,1.0,10000,10000,True,4999,100000,power,unadjusted,refined_R_lattice,original_R_lattice,0.0001,0.00017321085474074655,2,1,-3.5002475626371813e-06,4.762025728649391e-05
5,e4f6d83fe5899c2391a6,sample_size,2,1000,continuous,0.8,first_factor,superiority_power,0.19,0.05,0.5,1.0,10000,10000,True,4999,100000,power,unadjusted,refined_CRT_lattice,original_CRT_lattice,0.0002,0.00024495305713548467,4,2,-3.4910953398434488e-06,4.754787565453399e-05
5,e4f6d83fe5899c2391a6,sample_size,2,1000,continuous,0.8,first_factor,superiority_power,0.19,0.05,0.5,1.0,10000,10000,True,4999,100000,power,unadjusted,refined_CRT_noise,original_CRT_noise,0.0,0.0,0,0,1.1999999999999946e-07,1.599999999999992e-07
5,e4f6d83fe5899c2391a6,sample_size,2,1000,continuous,0.8,first_factor,superiority_power,0.19,0.05,0.5,1.0,10000,10000,True,4999,100000,power,unadjusted,original_R_normal,RT,0.0005,0.0008544284667545202,39,34,-0.00016916134429542878,0.001637417695589103
5,e4f6d83fe5899c2391a6,sample_size,2,1000,continuous,0.8,first_factor,superiority_power,0.19,0.05,0.5,1.0,10000,10000,True,4999,100000,power,unadjusted,original_R_lattice,RT,0.0005,0.0008544284667545202,39,34,-0.00016916134429542878,0.001637417695589103
5,e4f6d83fe5899c2391a6,sample_size,2,1000,continuous,0.8,first_factor,superiority_power,0.19,0.05,0.5,1.0,10000,10000,True,4999,100000,power,unadjusted,original_CRT_lattice,original_CRT_data,0.0007,0.0008775123946704569,42,35,-0.00017062088982208986,0.0016357634591786685
5,e4f6d83fe5899c2391a6,sample_size,2,1000,continuous,0.8,first_factor,superiority_power,0.19,0.05,0.5,1.0,10000,10000,True,4999,100000,power,unadjusted,original_S_normal,original_CRT_data,0.0007,0.0008775123946704569,42,35,-0.00017062088982208986,0.0016357634591786685
5,e4f6d83fe5899c2391a6,sample_size,2,1000,continuous,0.8,first_factor,superiority_power,0.19,0.05,0.5,1.0,10000,10000,True,4999,100000,power,unadjusted,refined_R_normal,RT,0.0006,0.0008485493524836137,39,33,-0.00017266159185806598,0.0016361119840944095
5,e4f6d83fe5899c2391a6,sample_size,2,1000,continuous,0.8,first_factor,superiority_power,0.19,0.05,0.5,1.0,10000,10000,True,4999,100000,power,unadjusted,refined_R_lattice,RT,0.0006,0.0008485493524836137,39,33,-0.00017266159185806598,0.0016361119840944095
5,e4f6d83fe5899c2391a6,sample_size,2,1000,continuous,0.8,first_factor,superiority_power,0.19,0.05,0.5,1.0,10000,10000,True,4999,100000,power,unadjusted,refined_CRT_lattice,refined_CRT_data,0.0009,0.0008999999999999999,45,36,-0.0001740119851619333,0.0016343062129583331
5,e4f6d83fe5899c2391a6,sample_size,2,1000,continuous,0.8,first_factor,superiority_power,0.19,0.05,0.5,1.0,10000,10000,True,4999,100000,power,unadjusted,refined_S_normal,refined_CRT_data,0.0009,0.0008999999999999999,45,36,-0.0001740119851619333,0.0016343062129583331
5,e4f6d83fe5899c2391a6,sample_size,2,1000,continuous,0.8,first_factor,superiority_power,0.19,0.05,0.5,1.0,10000,10000,True,4999,100000,power,adjusted,refined_S_normal,original_S_normal,0.0,0.0,0,0,8.554836457820665e-08,8.554836457820665e-08
5,e4f6d83fe5899c2391a6,sample_size,2,1000,continuous,0.8,first_factor,superiority_power,0.19,0.05,0.5,1.0,10000,10000,True,4999,100000,power,adjusted,refined_R_normal,original_R_normal,0.0,0.0,0,0,8.567656866836711e-08,8.567656866836711e-08
5,e4f6d83fe5899c2391a6,sample_size,2,1000,continuous,0.8,first_factor,superiority_power,0.19,0.05,0.5,1.0,10000,10000,True,4999,100000,power,adjusted,refined_CRT_data,original_CRT_data,0.0,0.0,0,0,0.0,0.0
5,e4f6d83fe5899c2391a6,sample_size,2,1000,continuous,0.8,first_factor,superiority_power,0.19,0.05,0.5,1.0,10000,10000,True,4999,100000,power,adjusted,refined_R_lattice,original_R_lattice,0.0,0.0,0,0,8.567656866836711e-08,8.567656866836711e-08
5,e4f6d83fe5899c2391a6,sample_size,2,1000,continuous,0.8,first_factor,superiority_power,0.19,0.05,0.5,1.0,10000,10000,True,4999,100000,power,adjusted,refined_CRT_lattice,original_CRT_lattice,0.0,0.0,0,0,8.554836457820665e-08,8.554836457820665e-08
5,e4f6d83fe5899c2391a6,sample_size,2,1000,continuous,0.8,first_factor,superiority_power,0.19,0.05,0.5,1.0,10000,10000,True,4999,100000,power,adjusted,refined_CRT_noise,original_CRT_noise,0.0,0.0,0,0,0.0,0.0
5,e4f6d83fe5899c2391a6,sample_size,2,1000,continuous,0.8,first_factor,superiority_power,0.19,0.05,0.5,1.0,10000,10000,True,4999,100000,power,adjusted,original_R_normal,RT,0.0002,0.0008718210866919427,39,37,-0.00017451276480080676,0.0016344693957898648
5,e4f6d83fe5899c2391a6,sample_size,2,1000,continuous,0.8,first_factor,superiority_power,0.19,0.05,0.5,1.0,10000,10000,True,4999,100000,power,adjusted,original_R_lattice,RT,0.0002,0.0008718210866919427,39,37,-0.00017451276480080676,0.0016344693957898648
5,e4f6d83fe5899c2391a6,sample_size,2,1000,continuous,0.8,first_factor,superiority_power,0.19,0.05,0.5,1.0,10000,10000,True,4999,100000,power,adjusted,original_CRT_lattice,original_CRT_data,0.0005,0.00085442846675452,39,34,-0.00017677950724355283,0.0016258188619875493
5,e4f6d83fe5899c2391a6,sample_size,2,1000,continuous,0.8,first_factor,superiority_power,0.19,0.05,0.5,1.0,10000,10000,True,4999,100000,power,adjusted,original_S_normal,original_CRT_data,0.0005,0.00085442846675452,39,34,-0.00017677950724355283,0.0016258188619875493
5,e4f6d83fe5899c2391a6,sample_size,2,1000,continuous,0.8,first_factor,superiority_power,0.19,0.05,0.5,1.0,10000,10000,True,4999,100000,power,adjusted,refined_R_normal,RT,0.0002,0.0008718210866919427,39,37,-0.0001744270882321384,0.0016344665784340303
5,e4f6d83fe5899c2391a6,sample_size,2,1000,continuous,0.8,first_factor,superiority_power,0.19,0.05,0.5,1.0,10000,10000,True,4999,100000,power,adjusted,refined_R_lattice,RT,0.0002,0.0008718210866919427,39,37,-0.0001744270882321384,0.0016344665784340303
5,e4f6d83fe5899c2391a6,sample_size,2,1000,continuous,0.8,first_factor,superiority_power,0.19,0.05,0.5,1.0,10000,10000,True,4999,100000,power,adjusted,refined_CRT_lattice,refined_CRT_data,0.0005,0.00085442846675452,39,34,-0.0001766939588789746,0.0016258163024596669
5,e4f6d83fe5899c2391a6,sample_size,2,1000,continuous,0.8,first_factor,superiority_power,0.19,0.05,0.5,1.0,10000,10000,True,4999,100000,power,adjusted,refined_S_normal,refined_CRT_data,0.0005,0.00085442846675452,39,34,-0.0001766939588789746,0.0016258163024596669
6,31a65d543f5a39d6e2ef,sample_size,2,1000,binary,0.8,first_factor,superiority_null,0.0,0.05,0.12,1.0,100000,100000,True,4999,100000,type1,unadjusted,refined_S_normal,original_S_normal,-1e-05,9.999999999999999e-06,0,1,-4.889392430459947e-06,3.21676746921418e-05
6,31a65d543f5a39d6e2ef,sample_size,2,1000,binary,0.8,first_factor,superiority_null,0.0,0.05,0.12,1.0,100000,100000,True,4999,100000,type1,unadjusted,refined_R_normal,original_R_normal,2e-05,1.4142064912168937e-05,2,0,-4.8838913167606375e-06,3.212986961923587e-05
6,31a65d543f5a39d6e2ef,sample_size,2,1000,binary,0.8,first_factor,superiority_null,0.0,0.05,0.12,1.0,100000,100000,True,4999,100000,type1,unadjusted,refined_CRT_data,original_CRT_data,0.0,0.0,0,0,0.0,0.0
6,31a65d543f5a39d6e2ef,sample_size,2,1000,binary,0.8,first_factor,superiority_null,0.0,0.05,0.12,1.0,100000,100000,True,4999,100000,type1,unadjusted,refined_R_lattice,original_R_lattice,-2e-05,1.4142064912168937e-05,0,2,-4.730211754133102e-06,3.117061812962561e-05
6,31a65d543f5a39d6e2ef,sample_size,2,1000,binary,0.8,first_factor,superiority_null,0.0,0.05,0.12,1.0,100000,100000,True,4999,100000,type1,unadjusted,refined_CRT_lattice,original_CRT_lattice,-2e-05,1.4142064912168937e-05,0,2,-4.7302115047231555e-06,3.117061681700097e-05
6,31a65d543f5a39d6e2ef,sample_size,2,1000,binary,0.8,first_factor,superiority_null,0.0,0.05,0.12,1.0,100000,100000,True,4999,100000,type1,unadjusted,refined_CRT_noise,original_CRT_noise,0.0,0.0,0,0,0.0,0.0
6,31a65d543f5a39d6e2ef,sample_size,2,1000,binary,0.8,first_factor,superiority_null,0.0,0.05,0.12,1.0,100000,100000,True,4999,100000,type1,unadjusted,original_R_normal,RT,0.00377,0.0002148449035544614,420,43,-0.018200956706347447,0.01906295799599965
6,31a65d543f5a39d6e2ef,sample_size,2,1000,binary,0.8,first_factor,superiority_null,0.0,0.05,0.12,1.0,100000,100000,True,4999,100000,type1,unadjusted,original_R_lattice,RT,-0.00046,0.0001673265190626991,117,163,0.00011691542191050617,0.005071859959436644
6,31a65d543f5a39d6e2ef,sample_size,2,1000,binary,0.8,first_factor,superiority_null,0.0,0.05,0.12,1.0,100000,100000,True,4999,100000,type1,unadjusted,original_CRT_lattice,original_CRT_data,-0.00046,0.0001673265190626991,117,163,0.00011691762387584045,0.005071861660461286
6,31a65d543f5a39d6e2ef,sample_size,2,1000,binary,0.8,first_factor,superiority_null,0.0,0.05,0.12,1.0,100000,100000,True,4999,100000,type1,unadjusted,original_S_normal,original_CRT_data,0.00389,0.00021621550936846536,429,40,-0.0184013005696801,0.01922410259549271
6,31a65d543f5a39d6e2ef,sample_size,2,1000,binary,0.8,first_factor,superiority_null,0.0,0.05,0.12,1.0,100000,100000,True,4999,100000,type1,unadjusted,refined_R_normal,RT,0.00379,0.0002148413846729854,421,42,-0.018205840597664207,0.019066930629894216
6,31a65d543f5a39d6e2ef,sample_size,2,1000,binary,0.8,first_factor,superiority_null,0.0,0.05,0.12,1.0,100000,100000,True,4999,100000,type1,unadjusted,refined_R_lattice,RT,-0.00048,0.00016732595728027313,116,164,0.0001121852101563731,0.005071561333489925
6,31a65d543f5a39d6e2ef,sample_size,2,1000,binary,0.8,first_factor,superiority_null,0.0,0.05,0.12,1.0,100000,100000,True,4999,100000,type1,unadjusted,refined_CRT_lattice,refined_CRT_data,-0.00048,0.00016732595728027313,116,164,0.00011218741237111729,0.0050715629923522515
6,31a65d543f5a39d6e2ef,sample_size,2,1000,binary,0.8,first_factor,superiority_null,0.0,0.05,0.12,1.0,100000,100000,True,4999,100000,type1,unadjusted,refined_S_normal,refined_CRT_data,0.00388,0.00021598593125299852,428,40,-0.01840618996211056,0.019228121425402072
6,31a65d543f5a39d6e2ef,sample_size,2,1000,binary,0.8,first_factor,superiority_null,0.0,0.05,0.12,1.0,100000,100000,True,4999,100000,type1,adjusted,refined_S_normal,original_S_normal,0.0,0.0,0,0,2.51378975748966e-07,2.51378975748966e-07
6,31a65d543f5a39d6e2ef,sample_size,2,1000,binary,0.8,first_factor,superiority_null,0.0,0.05,0.12,1.0,100000,100000,True,4999,100000,type1,adjusted,refined_R_normal,original_R_normal,0.0,0.0,0,0,2.5108268695840587e-07,2.5108268695840587e-07
6,31a65d543f5a39d6e2ef,sample_size,2,1000,binary,0.8,first_factor,superiority_null,0.0,0.05,0.12,1.0,100000,100000,True,4999,100000,type1,adjusted,refined_CRT_data,original_CRT_data,0.0,0.0,0,0,0.0,0.0
6,31a65d543f5a39d6e2ef,sample_size,2,1000,binary,0.8,first_factor,superiority_null,0.0,0.05,0.12,1.0,100000,100000,True,4999,100000,type1,adjusted,refined_R_lattice,original_R_lattice,0.0,0.0,0,0,2.5108268695840587e-07,2.5108268695840587e-07
6,31a65d543f5a39d6e2ef,sample_size,2,1000,binary,0.8,first_factor,superiority_null,0.0,0.05,0.12,1.0,100000,100000,True,4999,100000,type1,adjusted,refined_CRT_lattice,original_CRT_lattice,0.0,0.0,0,0,2.51378975748966e-07,2.51378975748966e-07
6,31a65d543f5a39d6e2ef,sample_size,2,1000,binary,0.8,first_factor,superiority_null,0.0,0.05,0.12,1.0,100000,100000,True,4999,100000,type1,adjusted,refined_CRT_noise,original_CRT_noise,0.0,0.0,0,0,0.0,0.0
6,31a65d543f5a39d6e2ef,sample_size,2,1000,binary,0.8,first_factor,superiority_null,0.0,0.05,0.12,1.0,100000,100000,True,4999,100000,type1,adjusted,original_R_normal,RT,0.00055,0.00017406113286078464,179,124,-0.0033901781638203785,0.008057871793616042
6,31a65d543f5a39d6e2ef,sample_size,2,1000,binary,0.8,first_factor,superiority_null,0.0,0.05,0.12,1.0,100000,100000,True,4999,100000,type1,adjusted,original_R_lattice,RT,0.00055,0.00017406113286078464,179,124,-0.0033901781638203785,0.008057871793616042
6,31a65d543f5a39d6e2ef,sample_size,2,1000,binary,0.8,first_factor,superiority_null,0.0,0.05,0.12,1.0,100000,100000,True,4999,100000,type1,adjusted,original_CRT_lattice,original_CRT_data,0.00057,0.00017463406303055458,181,124,-0.003382397013917822,0.008051600400873578
6,31a65d543f5a39d6e2ef,sample_size,2,1000,binary,0.8,first_factor,superiority_null,0.0,0.05,0.12,1.0,100000,100000,True,4999,100000,type1,adjusted,original_S_normal,original_CRT_data,0.00057,0.00017463406303055458,181,124,-0.003382397013917822,0.008051600400873578
6,31a65d543f5a39d6e2ef,sample_size,2,1000,binary,0.8,first_factor,superiority_null,0.0,0.05,0.12,1.0,100000,100000,True,4999,100000,type1,adjusted,refined_R_normal,RT,0.00055,0.00017406113286078464,179,124,-0.0033899270811334195,0.008057805920168954
6,31a65d543f5a39d6e2ef,sample_size,2,1000,binary,0.8,first_factor,superiority_null,0.0,0.05,0.12,1.0,100000,100000,True,4999,100000,type1,adjusted,refined_R_lattice,RT,0.00055,0.00017406113286078464,179,124,-0.0033899270811334195,0.008057805920168954
6,31a65d543f5a39d6e2ef,sample_size,2,1000,binary,0.8,first_factor,superiority_null,0.0,0.05,0.12,1.0,100000,100000,True,4999,100000,type1,adjusted,refined_CRT_lattice,refined_CRT_data,0.00057,0.00017463406303055458,181,124,-0.0033821456349420738,0.008051534604507915
6,31a65d543f5a39d6e2ef,sample_size,2,1000,binary,0.8,first_factor,superiority_null,0.0,0.05,0.12,1.0,100000,100000,True,4999,100000,type1,adjusted,refined_S_normal,refined_CRT_data,0.00057,0.00017463406303055458,181,124,-0.0033821456349420738,0.008051534604507915
7,08d692b532ef77c4ddce,sample_size,2,1000,binary,0.8,first_factor,superiority_power,0.1,0.05,0.12,1.0,10000,10000,True,4999,100000,power,unadjusted,refined_S_normal,original_S_normal,0.0,0.0,0,0,-9.126327855171951e-07,5.672249813820422e-06
7,08d692b532ef77c4ddce,sample_size,2,1000,binary,0.8,first_factor,superiority_power,0.1,0.05,0.12,1.0,10000,10000,True,4999,100000,power,unadjusted,refined_R_normal,original_R_normal,0.0,0.0,0,0,-9.152693977880769e-07,5.684971308059868e-06
7,08d692b532ef77c4ddce,sample_size,2,1000,binary,0.8,first_factor,superiority_power,0.1,0.05,0.12,1.0,10000,10000,True,4999,100000,power,unadjusted,refined_CRT_data,original_CRT_data,0.0,0.0,0,0,0.0,0.0
7,08d692b532ef77c4ddce,sample_size,2,1000,binary,0.8,first_factor,superiority_power,0.1,0.05,0.12,1.0,10000,10000,True,4999,100000,power,unadjusted,refined_R_lattice,original_R_lattice,0.0,0.0,0,0,-9.576661737216369e-07,5.9633575012329775e-06
7,08d692b532ef77c4ddce,sample_size,2,1000,binary,0.8,first_factor,superiority_power,0.1,0.05,0.12,1.0,10000,10000,True,4999,100000,power,unadjusted,refined_CRT_lattice,original_CRT_lattice,0.0,0.0,0,0,-9.57504047623847e-07,5.962324136421117e-06
7,08d692b532ef77c4ddce,sample_size,2,1000,binary,0.8,first_factor,superiority_power,0.1,0.05,0.12,1.0,10000,10000,True,4999,100000,power,unadjusted,refined_CRT_noise,original_CRT_noise,0.0,0.0,0,0,0.0,0.0
7,08d692b532ef77c4ddce,sample_size,2,1000,binary,0.8,first_factor,superiority_power,0.1,0.05,0.12,1.0,10000,10000,True,4999,100000,power,unadjusted,original_R_normal,RT,0.0057,0.0008287458488391946,63,6,-0.0011626871438327122,0.0014237591463165933
7,08d692b532ef77c4ddce,sample_size,2,1000,binary,0.8,first_factor,superiority_power,0.1,0.05,0.12,1.0,10000,10000,True,4999,100000,power,unadjusted,original_R_lattice,RT,0.0005,0.0005567818249548561,18,13,-0.00013279295437395347,0.0009210794620884398
7,08d692b532ef77c4ddce,sample_size,2,1000,binary,0.8,first_factor,superiority_power,0.1,0.05,0.12,1.0,10000,10000,True,4999,100000,power,unadjusted,original_CRT_lattice,original_CRT_data,0.0005,0.0005567818249548561,18,13,-0.00013323788483015888,0.0009207727794630255
7,08d692b532ef77c4ddce,sample_size,2,1000,binary,0.8,first_factor,superiority_power,0.1,0.05,0.12,1.0,10000,10000,True,4999,100000,power,unadjusted,original_S_normal,original_CRT_data,0.006,0.0008464464821621723,66,6,-0.0012221321201396726,0.0014592385026903775
7,08d692b532ef77c4ddce,sample_size,2,1000,binary,0.8,first_factor,superiority_power,0.1,0.05,0.12,1.0,10000,10000,True,4999,100000,power,unadjusted,refined_R_normal,RT,0.0057,0.0008287458488391946,63,6,-0.0011636024132305,0.001424180160796819
7,08d692b532ef77c4ddce,sample_size,2,1000,binary,0.8,first_factor,superiority_power,0.1,0.05,0.12,1.0,10000,10000,True,4999,100000,power,unadjusted,refined_R_lattice,RT,0.0005,0.0005567818249548561,18,13,-0.0001337506205476751,0.0009211996252768049
7,08d692b532ef77c4ddce,sample_size,2,1000,binary,0.8,first_factor,superiority_power,0.1,0.05,0.12,1.0,10000,10000,True,4999,100000,power,unadjusted,refined_CRT_lattice,refined_CRT_data,0.0005,0.0005567818249548561,18,13,-0.00013419538887778272,0.0009208879235349365
7,08d692b532ef77c4ddce,sample_size,2,1000,binary,0.8,first_factor,superiority_power,0.1,0.05,0.12,1.0,10000,10000,True,4999,100000,power,unadjusted,refined_S_normal,refined_CRT_data,0.006,0.0008464464821621723,66,6,-0.00122304475292519,0.001459682750092055
7,08d692b532ef77c4ddce,sample_size,2,1000,binary,0.8,first_factor,superiority_power,0.1,0.05,0.12,1.0,10000,10000,True,4999,100000,power,adjusted,refined_S_normal,original_S_normal,0.0,0.0,0,0,4.0656757523664114e-08,4.0656757523664114e-08
7,08d692b532ef77c4ddce,sample_size,2,1000,binary,0.8,first_factor,superiority_power,0.1,0.05,0.12,1.0,10000,10000,True,4999,100000,power,adjusted,refined_R_normal,original_R_normal,0.0,0.0,0,0,4.075303853845082e-08,4.075303853845082e-08
7,08d692b532ef77c4ddce,sample_size,2,1000,binary,0.8,first_factor,superiority_power,0.1,0.05,0.12,1.0,10000,10000,True,4999,100000,power,adjusted,refined_CRT_data,original_CRT_data,0.0,0.0,0,0,0.0,0.0
7,08d692b532ef77c4ddce,sample_size,2,1000,binary,0.8,first_factor,superiority_power,0.1,0.05,0.12,1.0,10000,10000,True,4999,100000,power,adjusted,refined_R_lattice,original_R_lattice,0.0,0.0,0,0,4.075303853845082e-08,4.075303853845082e-08
7,08d692b532ef77c4ddce,sample_size,2,1000,binary,0.8,first_factor,superiority_power,0.1,0.05,0.12,1.0,10000,10000,True,4999,100000,power,adjusted,refined_CRT_lattice,original_CRT_lattice,0.0,0.0,0,0,4.0656757523664114e-08,4.0656757523664114e-08
7,08d692b532ef77c4ddce,sample_size,2,1000,binary,0.8,first_factor,superiority_power,0.1,0.05,0.12,1.0,10000,10000,True,4999,100000,power,adjusted,refined_CRT_noise,original_CRT_noise,0.0,0.0,0,0,0.0,0.0
7,08d692b532ef77c4ddce,sample_size,2,1000,binary,0.8,first_factor,superiority_power,0.1,0.05,0.12,1.0,10000,10000,True,4999,100000,power,adjusted,original_R_normal,RT,0.001,0.0005098293759673524,18,8,-0.0003425801385113428,0.00097417952909422
7,08d692b532ef77c4ddce,sample_size,2,1000,binary,0.8,first_factor,superiority_power,0.1,0.05,0.12,1.0,10000,10000,True,4999,100000,power,adjusted,original_R_lattice,RT,0.001,0.0005098293759673524,18,8,-0.0003425801385113428,0.00097417952909422
7,08d692b532ef77c4ddce,sample_size,2,1000,binary,0.8,first_factor,superiority_power,0.1,0.05,0.12,1.0,10000,10000,True,4999,100000,power,adjusted,original_CRT_lattice,original_CRT_data,0.0008,0.0005476915159098779,19,11,-0.0003234403578571107,0.0009672805884177343
7,08d692b532ef77c4ddce,sample_size,2,1000,binary,0.8,first_factor,superiority_power,0.1,0.05,0.12,1.0,10000,10000,True,4999,100000,power,adjusted,original_S_normal,original_CRT_data,0.0008,0.0005476915159098779,19,11,-0.0003234403578571107,0.0009672805884177343
7,08d692b532ef77c4ddce,sample_size,2,1000,binary,0.8,first_factor,superiority_power,0.1,0.05,0.12,1.0,10000,10000,True,4999,100000,power,adjusted,refined_R_normal,RT,0.001,0.0005098293759673524,18,8,-0.00034253938547280433,0.0009741725192893575
7,08d692b532ef77c4ddce,sample_size,2,1000,binary,0.8,first_factor,superiority_power,0.1,0.05,0.12,1.0,10000,10000,True,4999,100000,power,adjusted,refined_R_lattice,RT,0.001,0.0005098293759673524,18,8,-0.00034253938547280433,0.0009741725192893575
7,08d692b532ef77c4ddce,sample_size,2,1000,binary,0.8,first_factor,superiority_power,0.1,0.05,0.12,1.0,10000,10000,True,4999,100000,power,adjusted,refined_CRT_lattice,refined_CRT_data,0.0008,0.0005476915159098779,19,11,-0.0003233997010995871,0.0009672748643615673
7,08d692b532ef77c4ddce,sample_size,2,1000,binary,0.8,first_factor,superiority_power,0.1,0.05,0.12,1.0,10000,10000,True,4999,100000,power,adjusted,refined_S_normal,refined_CRT_data,0.0008,0.0005476915159098779,19,11,-0.0003233997010995871,0.0009672748643615673
8,f687cd66743b4adf626e,sample_size,5,2000,continuous,0.8,first_factor,superiority_null,0.0,0.05,0.5,1.0,100000,100000,True,4999,100000,type1,unadjusted,refined_S_normal,original_S_normal,0.00036,6.163393535561292e-05,37,1,-0.0004542918206487288,0.0004682468432818587
8,f687cd66743b4adf626e,sample_size,5,2000,continuous,0.8,first_factor,superiority_null,0.0,0.05,0.5,1.0,100000,100000,True,4999,100000,type1,unadjusted,refined_R_normal,original_R_normal,0.0003,5.656086978928023e-05,31,1,-0.00045316498788392694,0.00046708248001037917
8,f687cd66743b4adf626e,sample_size,5,2000,continuous,0.8,first_factor,superiority_null,0.0,0.05,0.5,1.0,100000,100000,True,4999,100000,type1,unadjusted,refined_CRT_data,original_CRT_data,0.0,0.0,0,0,-1.0539999999999972e-06,1.1540000000000045e-06
8,f687cd66743b4adf626e,sample_size,5,2000,continuous,0.8,first_factor,superiority_null,0.0,0.05,0.5,1.0,100000,100000,True,4999,100000,type1,unadjusted,refined_R_lattice,original_R_lattice,0.0003,5.656086978928023e-05,31,1,-0.00045316498788392694,0.00046708248001037917
8,f687cd66743b4adf626e,sample_size,5,2000,continuous,0.8,first_factor,superiority_null,0.0,0.05,0.5,1.0,100000,100000,True,4999,100000,type1,unadjusted,refined_CRT_lattice,original_CRT_lattice,0.00036,6.163393535561292e-05,37,1,-0.0004542918206487288,0.0004682468432818587
8,f687cd66743b4adf626e,sample_size,5,2000,continuous,0.8,first_factor,superiority_null,0.0,0.05,0.5,1.0,100000,100000,True,4999,100000,type1,unadjusted,refined_CRT_noise,original_CRT_noise,0.0,0.0,0,0,-9.82000000000004e-07,1.122000000000009e-06
8,f687cd66743b4adf626e,sample_size,5,2000,continuous,0.8,first_factor,superiority_null,0.0,0.05,0.5,1.0,100000,100000,True,4999,100000,type1,unadjusted,original_R_normal,RT,-0.00054,0.00016369896753956555,107,161,0.00040919563947215513,0.004752475720642476
8,f687cd66743b4adf626e,sample_size,5,2000,continuous,0.8,first_factor,superiority_null,0.0,0.05,0.5,1.0,100000,100000,True,4999,100000,type1,unadjusted,original_R_lattice,RT,-0.00054,0.00016369896753956555,107,161,0.00040919563947215513,0.004752475720642476
8,f687cd66743b4adf626e,sample_size,5,2000,continuous,0.8,first_factor,superiority_null,0.0,0.05,0.5,1.0,100000,100000,True,4999,100000,type1,unadjusted,original_CRT_lattice,original_CRT_data,-0.00051,0.00016216553880717,106,157,0.00040833107347130093,0.004751331826792556
8,f687cd66743b4adf626e,sample_size,5,2000,continuous,0.8,first_factor,superiority_null,0.0,0.05,0.5,1.0,100000,100000,True,4999,100000,type1,unadjusted,original_S_normal,original_CRT_data,-0.00051,0.00016216553880717,106,157,0.00040833107347130093,0.004751331826792556
8,f687cd66743b4adf626e,sample_size,5,2000,continuous,0.8,first_factor,superiority_null,0.0,0.05,0.5,1.0,100000,100000,True,4999,100000,type1,unadjusted,refined_R_normal,RT,-0.00024,0.00016431583611125245,123,147,-4.3969348411771756e-05,0.004733184481960462
8,f687cd66743b4adf626e,sample_size,5,2000,continuous,0.8,first_factor,superiority_null,0.0,0.05,0.5,1.0,100000,100000,True,4999,100000,type1,unadjusted,refined_R_lattice,RT,-0.00024,0.00016431583611125245,123,147,-4.3969348411771756e-05,0.004733184481960462
8,f687cd66743b4adf626e,sample_size,5,2000,continuous,0.8,first_factor,superiority_null,0.0,0.05,0.5,1.0,100000,100000,True,4999,100000,type1,unadjusted,refined_CRT_lattice,refined_CRT_data,-0.00015,0.0001615550556323138,123,138,-4.4906747177427846e-05,0.004732166455150598
8,f687cd66743b4adf626e,sample_size,5,2000,continuous,0.8,first_factor,superiority_null,0.0,0.05,0.5,1.0,100000,100000,True,4999,100000,type1,unadjusted,refined_S_normal,refined_CRT_data,-0.00015,0.0001615550556323138,123,138,-4.4906747177427846e-05,0.004732166455150598
8,f687cd66743b4adf626e,sample_size,5,2000,continuous,0.8,first_factor,superiority_null,0.0,0.05,0.5,1.0,100000,100000,True,4999,100000,type1,adjusted,refined_S_normal,original_S_normal,0.0,0.0,0,0,6.239205605655165e-06,6.239205605655165e-06
8,f687cd66743b4adf626e,sample_size,5,2000,continuous,0.8,first_factor,superiority_null,0.0,0.05,0.5,1.0,100000,100000,True,4999,100000,type1,adjusted,refined_R_normal,original_R_normal,0.0,0.0,0,0,6.223430357328533e-06,6.223430357328533e-06
8,f687cd66743b4adf626e,sample_size,5,2000,continuous,0.8,first_factor,superiority_null,0.0,0.05,0.5,1.0,100000,100000,True,4999,100000,type1,adjusted,refined_CRT_data,original_CRT_data,0.0,0.0,0,0,1.0000000000000217e-08,1.0000000000000217e-08
8,f687cd66743b4adf626e,sample_size,5,2000,continuous,0.8,first_factor,superiority_null,0.0,0.05,0.5,1.0,100000,100000,True,4999,100000,type1,adjusted,refined_R_lattice,original_R_lattice,0.0,0.0,0,0,6.223430357328533e-06,6.223430357328533e-06
8,f687cd66743b4adf626e,sample_size,5,2000,continuous,0.8,first_factor,superiority_null,0.0,0.05,0.5,1.0,100000,100000,True,4999,100000,type1,adjusted,refined_CRT_lattice,original_CRT_lattice,0.0,0.0,0,0,6.239205605655165e-06,6.239205605655165e-06
8,f687cd66743b4adf626e,sample_size,5,2000,continuous,0.8,first_factor,superiority_null,0.0,0.05,0.5,1.0,100000,100000,True,4999,100000,type1,adjusted,refined_CRT_noise,original_CRT_noise,0.0,0.0,0,0,1.7999999999999337e-08,1.7999999999999337e-08
8,f687cd66743b4adf626e,sample_size,5,2000,continuous,0.8,first_factor,superiority_null,0.0,0.05,0.5,1.0,100000,100000,True,4999,100000,type1,adjusted,original_R_normal,RT,-0.00033,0.00016217020068970718,115,148,-5.1984729577978024e-05,0.004724767748831984
8,f687cd66743b4adf626e,sample_size,5,2000,continuous,0.8,first_factor,superiority_null,0.0,0.05,0.5,1.0,100000,100000,True,4999,100000,type1,adjusted,original_R_lattice,RT,-0.00033,0.00016217020068970718,115,148,-5.1984729577978024e-05,0.004724767748831984
8,f687cd66743b4adf626e,sample_size,5,2000,continuous,0.8,first_factor,superiority_null,0.0,0.05,0.5,1.0,100000,100000,True,4999,100000,type1,adjusted,original_CRT_lattice,original_CRT_data,-0.0002,0.00016124472083947424,120,140,-5.155071333630371e-05,0.004722499692781748
8,f687cd66743b4adf626e,sample_size,5,2000,continuous,0.8,first_factor,superiority_null,0.0,0.05,0.5,1.0,100000,100000,True,4999,100000,type1,adjusted,original_S_normal,original_CRT_data,-0.0002,0.00016124472083947424,120,140,-5.155071333630371e-05,0.004722499692781748
8,f687cd66743b4adf626e,sample_size,5,2000,continuous,0.8,first_factor,superiority_null,0.0,0.05,0.5,1.0,100000,100000,True,4999,100000,type1,adjusted,refined_R_normal,RT,-0.00033,0.00016217020068970718,115,148,-4.57612992206495e-05,0.004724748544933546
8,f687cd66743b4adf626e,sample_size,5,2000,continuous,0.8,first_factor,superiority_null,0.0,0.05,0.5,1.0,100000,100000,True,4999,100000,type1,adjusted,refined_R_lattice,RT,-0.00033,0.00016217020068970718,115,148,-4.57612992206495e-05,0.004724748544933546
8,f687cd66743b4adf626e,sample_size,5,2000,continuous,0.8,first_factor,superiority_null,0.0,0.05,0.5,1.0,100000,100000,True,4999,100000,type1,adjusted,refined_CRT_lattice,refined_CRT_data,-0.0002,0.00016124472083947424,120,140,-4.532150773064854e-05,0.004722485649058877
8,f687cd66743b4adf626e,sample_size,5,2000,continuous,0.8,first_factor,superiority_null,0.0,0.05,0.5,1.0,100000,100000,True,4999,100000,type1,adjusted,refined_S_normal,refined_CRT_data,-0.0002,0.00016124472083947424,120,140,-4.532150773064854e-05,0.004722485649058877
9,17431ebc449c2d76da55,sample_size,5,2000,continuous,0.8,first_factor,superiority_power,0.135,0.05,0.5,1.0,10000,10000,True,4999,100000,power,unadjusted,refined_S_normal,original_S_normal,0.0004,0.00019996999474891224,4,0,-0.00014159868737143722,0.00014643804444129077
9,17431ebc449c2d76da55,sample_size,5,2000,continuous,0.8,first_factor,superiority_power,0.135,0.05,0.5,1.0,10000,10000,True,4999,100000,power,unadjusted,refined_R_normal,original_R_normal,0.0005,0.0002235620674439204,5,0,-0.00014174291882665477,0.00014658368049861716
9,17431ebc449c2d76da55,sample_size,5,2000,continuous,0.8,first_factor,superiority_power,0.135,0.05,0.5,1.0,10000,10000,True,4999,100000,power,unadjusted,refined_CRT_data,original_CRT_data,0.0,0.0,0,0,-4.200000000000036e-07,4.200000000000036e-07
9,17431ebc449c2d76da55,sample_size,5,2000,continuous,0.8,first_factor,superiority_power,0.135,0.05,0.5,1.0,10000,10000,True,4999,100000,power,unadjusted,refined_R_lattice,original_R_lattice,0.0005,0.0002235620674439204,5,0,-0.00014174291882665477,0.00014658368049861716
9,17431ebc449c2d76da55,sample_size,5,2000,continuous,0.8,first_factor,superiority_power,0.135,0.05,0.5,1.0,10000,10000,True,4999,100000,power,unadjusted,refined_CRT_lattice,original_CRT_lattice,0.0004,0.00019996999474891224,4,0,-0.00014159868737143722,0.00014643804444129077
9,17431ebc449c2d76da55,sample_size,5,2000,continuous,0.8,first_factor,superiority_power,0.135,0.05,0.5,1.0,10000,10000,True,4999,100000,power,unadjusted,refined_CRT_noise,original_CRT_noise,0.0,0.0,0,0,-3.200000000000102e-07,3.6000000000001026e-07
9,17431ebc449c2d76da55,sample_size,5,2000,continuous,0.8,first_factor,superiority_power,0.135,0.05,0.5,1.0,10000,10000,True,4999,100000,power,unadjusted,original_R_normal,RT,-0.002,0.0007871861064555316,21,41,-4.1625035116771316e-05,0.001427470711961378
9,17431ebc449c2d76da55,sample_size,5,2000,continuous,0.8,first_factor,superiority_power,0.135,0.05,0.5,1.0,10000,10000,True,4999,100000,power,unadjusted,original_R_lattice,RT,-0.002,0.0007871861064555316,21,41,-4.1625035116771316e-05,0.001427470711961378
9,17431ebc449c2d76da55,sample_size,5,2000,continuous,0.8,first_factor,superiority_power,0.135,0.05,0.5,1.0,10000,10000,True,4999,100000,power,unadjusted,original_CRT_lattice,original_CRT_data,-0.0019,0.0007935376299817293,22,41,-4.269968061919873e-05,0.0014243774554095765
9,17431ebc449c2d76da55,sample_size,5,2000,continuous,0.8,first_factor,superiority_power,0.135,0.05,0.5,1.0,10000,10000,True,4999,100000,power,unadjusted,original_S_normal,original_CRT_data,-0.0019,0.0007935376299817293,22,41,-4.269968061919873e-05,0.0014243774554095765
9,17431ebc449c2d76da55,sample_size,5,2000,continuous,0.8,first_factor,superiority_power,0.135,0.05,0.5,1.0,10000,10000,True,4999,100000,power,unadjusted,refined_R_normal,RT,-0.0015,0.0007680064995807912,22,37,-0.00018336795394342608,0.001428216544094147
9,17431ebc449c2d76da55,sample_size,5,2000,continuous,0.8,first_factor,superiority_power,0.135,0.05,0.5,1.0,10000,10000,True,4999,100000,power,unadjusted,refined_R_lattice,RT,-0.0015,0.0007680064995807912,22,37,-0.00018336795394342608,0.001428216544094147
9,17431ebc449c2d76da55,sample_size,5,2000,continuous,0.8,first_factor,superiority_power,0.135,0.05,0.5,1.0,10000,10000,True,4999,100000,power,unadjusted,refined_CRT_lattice,refined_CRT_data,-0.0015,0.0007680064995807912,22,37,-0.00018387836799063596,0.0014250986130314976
9,17431ebc449c2d76da55,sample_size,5,2000,continuous,0.8,first_factor,superiority_power,0.135,0.05,0.5,1.0,10000,10000,True,4999,100000,power,unadjusted,refined_S_normal,refined_CRT_data,-0.0015,0.0007680064995807912,22,37,-0.00018387836799063596,0.0014250986130314976
9,17431ebc449c2d76da55,sample_size,5,2000,continuous,0.8,first_factor,superiority_power,0.135,0.05,0.5,1.0,10000,10000,True,4999,100000,power,adjusted,refined_S_normal,original_S_normal,0.0,0.0,0,0,1.997176335323958e-06,1.997176335323958e-06
9,17431ebc449c2d76da55,sample_size,5,2000,continuous,0.8,first_factor,superiority_power,0.135,0.05,0.5,1.0,10000,10000,True,4999,100000,power,adjusted,refined_R_normal,original_R_normal,-0.0001,0.00010000000000000002,0,1,1.9991220371709743e-06,1.9991220371709743e-06
9,17431ebc449c2d76da55,sample_size,5,2000,continuous,0.8,first_factor,superiority_power,0.135,0.05,0.5,1.0,10000,10000,True,4999,100000,power,adjusted,refined_CRT_data,original_CRT_data,0.0,0.0,0,0,1.9999999999999878e-08,1.9999999999999878e-08
9,17431ebc449c2d76da55,sample_size,5,2000,continuous,0.8,first_factor,superiority_power,0.135,0.05,0.5,1.0,10000,10000,True,4999,100000,power,adjusted,refined_R_lattice,original_R_lattice,-0.0001,0.00010000000000000002,0,1,1.9991220371709743e-06,1.9991220371709743e-06
9,17431ebc449c2d76da55,sample_size,5,2000,continuous,0.8,first_factor,superiority_power,0.135,0.05,0.5,1.0,10000,10000,True,4999,100000,power,adjusted,refined_CRT_lattice,original_CRT_lattice,0.0,0.0,0,0,1.997176335323958e-06,1.997176335323958e-06
9,17431ebc449c2d76da55,sample_size,5,2000,continuous,0.8,first_factor,superiority_power,0.135,0.05,0.5,1.0,10000,10000,True,4999,100000,power,adjusted,refined_CRT_noise,original_CRT_noise,0.0,0.0,0,0,2.0000000000000573e-08,2.0000000000000573e-08
9,17431ebc449c2d76da55,sample_size,5,2000,continuous,0.8,first_factor,superiority_power,0.135,0.05,0.5,1.0,10000,10000,True,4999,100000,power,adjusted,original_R_normal,RT,-0.001,0.0007483020751003969,23,33,-0.00016889797630629725,0.001415907403214729
9,17431ebc449c2d76da55,sample_size,5,2000,continuous,0.8,first_factor,superiority_power,0.135,0.05,0.5,1.0,10000,10000,True,4999,100000,power,adjusted,original_R_lattice,RT,-0.001,0.0007483020751003969,23,33,-0.00016889797630629725,0.001415907403214729
9,17431ebc449c2d76da55,sample_size,5,2000,continuous,0.8,first_factor,superiority_power,0.135,0.05,0.5,1.0,10000,10000,True,4999,100000,power,adjusted,original_CRT_lattice,original_CRT_data,-0.0011,0.0007549410530626613,23,34,-0.00017003963850216358,0.0014106323565277158
9,17431ebc449c2d76da55,sample_size,5,2000,continuous,0.8,first_factor,superiority_power,0.135,0.05,0.5,1.0,10000,10000,True,4999,100000,power,adjusted,original_S_normal,original_CRT_data,-0.0011,0.0007549410530626613,23,34,-0.00017003963850216358,0.0014106323565277158
9,17431ebc449c2d76da55,sample_size,5,2000,continuous,0.8,first_factor,superiority_power,0.135,0.05,0.5,1.0,10000,10000,True,4999,100000,power,adjusted,refined_R_normal,RT,-0.0011,0.0007549410530626613,23,34,-0.00016689885426912626,0.0014158323035054264
9,17431ebc449c2d76da55,sample_size,5,2000,continuous,0.8,first_factor,superiority_power,0.135,0.05,0.5,1.0,10000,10000,True,4999,100000,power,adjusted,refined_R_lattice,RT,-0.0011,0.0007549410530626613,23,34,-0.00016689885426912626,0.0014158323035054264
9,17431ebc449c2d76da55,sample_size,5,2000,continuous,0.8,first_factor,superiority_power,0.135,0.05,0.5,1.0,10000,10000,True,4999,100000,power,adjusted,refined_CRT_lattice,refined_CRT_data,-0.0011,0.0007549410530626613,23,34,-0.00016806246216683962,0.0014105418304038127
9,17431ebc449c2d76da55,sample_size,5,2000,continuous,0.8,first_factor,superiority_power,0.135,0.05,0.5,1.0,10000,10000,True,4999,100000,power,adjusted,refined_S_normal,refined_CRT_data,-0.0011,0.0007549410530626613,23,34,-0.00016806246216683962,0.0014105418304038127
10,a41656bbbdd53ea655cf,sample_size,5,2000,binary,0.8,first_factor,superiority_null,0.0,0.05,0.12,1.0,100000,100000,True,4999,100000,type1,unadjusted,refined_S_normal,original_S_normal,4e-05,1.999969999474989e-05,4,0,-6.573020716301407e-05,9.667260228740071e-05
10,a41656bbbdd53ea655cf,sample_size,5,2000,binary,0.8,first_factor,superiority_null,0.0,0.05,0.12,1.0,100000,100000,True,4999,100000,type1,unadjusted,refined_R_normal,original_R_normal,1e-05,2.6457626500878737e-05,4,3,-6.563672335151163e-05,9.654784698188262e-05
10,a41656bbbdd53ea655cf,sample_size,5,2000,binary,0.8,first_factor,superiority_null,0.0,0.05,0.12,1.0,100000,100000,True,4999,100000,type1,unadjusted,refined_CRT_data,original_CRT_data,0.0,0.0,0,0,0.0,0.0
10,a41656bbbdd53ea655cf,sample_size,5,2000,binary,0.8,first_factor,superiority_null,0.0,0.05,0.12,1.0,100000,100000,True,4999,100000,type1,unadjusted,refined_R_lattice,original_R_lattice,3e-05,1.7320334868009895e-05,3,0,-6.437491122742861e-05,9.469138653131125e-05
10,a41656bbbdd53ea655cf,sample_size,5,2000,binary,0.8,first_factor,superiority_null,0.0,0.05,0.12,1.0,100000,100000,True,4999,100000,type1,unadjusted,refined_CRT_lattice,original_CRT_lattice,3e-05,1.7320334868009895e-05,3,0,-6.437493853298922e-05,9.46913522101396e-05
10,a41656bbbdd53ea655cf,sample_size,5,2000,binary,0.8,first_factor,superiority_null,0.0,0.05,0.12,1.0,100000,100000,True,4999,100000,type1,unadjusted,refined_CRT_noise,original_CRT_noise,0.0,0.0,0,0,0.0,0.0
10,a41656bbbdd53ea655cf,sample_size,5,2000,binary,0.8,first_factor,superiority_null,0.0,0.05,0.12,1.0,100000,100000,True,4999,100000,type1,unadjusted,original_R_normal,RT,0.00209,0.00018071149815785287,268,59,-0.01193964877262953,0.012876004275054382
10,a41656bbbdd53ea655cf,sample_size,5,2000,binary,0.8,first_factor,superiority_null,0.0,0.05,0.12,1.0,100000,100000,True,4999,100000,type1,unadjusted,original_R_lattice,RT,-0.00046,0.00016851755986151652,119,165,0.00011930748007445247,0.0046944436649629
10,a41656bbbdd53ea655cf,sample_size,5,2000,binary,0.8,first_factor,superiority_null,0.0,0.05,0.12,1.0,100000,100000,True,4999,100000,type1,unadjusted,original_CRT_lattice,original_CRT_data,-0.00046,0.00016851755986151652,119,165,0.00011933771246444618,0.0046944543524865285
10,a41656bbbdd53ea655cf,sample_size,5,2000,binary,0.8,first_factor,superiority_null,0.0,0.05,0.12,1.0,100000,100000,True,4999,100000,type1,unadjusted,original_S_normal,original_CRT_data,0.00233,0.00018342858953956606,285,52,-0.012139311836063956,0.013024380951339126
10,a41656bbbdd53ea655cf,sample_size,5,2000,binary,0.8,first_factor,superiority_null,0.0,0.05,0.12,1.0,100000,100000,True,4999,100000,type1,unadjusted,refined_R_normal,RT,0.0021,0.0001815385071060562,270,60,-0.012005285495981038,0.012924922408323155
10,a41656bbbdd53ea655cf,sample_size,5,2000,binary,0.8,first_factor,superiority_null,0.0,0.05,0.12,1.0,100000,100000,True,4999,100000,type1,unadjusted,refined_R_lattice,RT,-0.00043,0.00016881479788324194,121,164,5.4932568847023876e-05,0.004692439616888589
10,a41656bbbdd53ea655cf,sample_size,5,2000,binary,0.8,first_factor,superiority_null,0.0,0.05,0.12,1.0,100000,100000,True,4999,100000,type1,unadjusted,refined_CRT_lattice,refined_CRT_data,-0.00043,0.00016881479788324194,121,164,5.4962773931456966e-05,0.004692447970126642
10,a41656bbbdd53ea655cf,sample_size,5,2000,binary,0.8,first_factor,superiority_null,0.0,0.05,0.12,1.0,100000,100000,True,4999,100000,type1,unadjusted,refined_S_normal,refined_CRT_data,0.00237,0.00018451062690727168,289,52,-0.01220504204322697,0.013074268389291271
10,a41656bbbdd53ea655cf,sample_size,5,2000,binary,0.8,first_factor,superiority_null,0.0,0.05,0.12,1.0,100000,100000,True,4999,100000,type1,adjusted,refined_S_normal,original_S_normal,0.0,0.0,0,0,6.2497851715275435e-06,6.2497851715275435e-06
10,a41656bbbdd53ea655cf,sample_size,5,2000,binary,0.8,first_factor,superiority_null,0.0,0.05,0.12,1.0,100000,100000,True,4999,100000,type1,adjusted,refined_R_normal,original_R_normal,0.0,0.0,0,0,6.242075559405362e-06,6.242075559405362e-06
10,a41656bbbdd53ea655cf,sample_size,5,2000,binary,0.8,first_factor,superiority_null,0.0,0.05,0.12,1.0,100000,100000,True,4999,100000,type1,adjusted,refined_CRT_data,original_CRT_data,0.0,0.0,0,0,7.999999999999675e-09,7.999999999999675e-09
10,a41656bbbdd53ea655cf,sample_size,5,2000,binary,0.8,first_factor,superiority_null,0.0,0.05,0.12,1.0,100000,100000,True,4999,100000,type1,adjusted,refined_R_lattice,original_R_lattice,0.0,0.0,0,0,6.242075559405362e-06,6.242075559405362e-06
10,a41656bbbdd53ea655cf,sample_size,5,2000,binary,0.8,first_factor,superiority_null,0.0,0.05,0.12,1.0,100000,100000,True,4999,100000,type1,adjusted,refined_CRT_lattice,original_CRT_lattice,0.0,0.0,0,0,6.2497851715275435e-06,6.2497851715275435e-06
10,a41656bbbdd53ea655cf,sample_size,5,2000,binary,0.8,first_factor,superiority_null,0.0,0.05,0.12,1.0,100000,100000,True,4999,100000,type1,adjusted,refined_CRT_noise,original_CRT_noise,0.0,0.0,0,0,6.000000000000866e-09,1.0000000000000703e-08
10,a41656bbbdd53ea655cf,sample_size,5,2000,binary,0.8,first_factor,superiority_null,0.0,0.05,0.12,1.0,100000,100000,True,4999,100000,type1,adjusted,original_R_normal,RT,-0.00028,0.00017146285310556324,133,161,-9.309260516162064e-05,0.005009040619664838
10,a41656bbbdd53ea655cf,sample_size,5,2000,binary,0.8,first_factor,superiority_null,0.0,0.05,0.12,1.0,100000,100000,True,4999,100000,type1,adjusted,original_R_lattice,RT,-0.00028,0.00017146285310556324,133,161,-9.309260516162064e-05,0.005009040619664838
10,a41656bbbdd53ea655cf,sample_size,5,2000,binary,0.8,first_factor,superiority_null,0.0,0.05,0.12,1.0,100000,100000,True,4999,100000,type1,adjusted,original_CRT_lattice,original_CRT_data,-0.00027,0.00016703158382623317,126,153,-8.092252577625695e-05,0.005009064785027357
10,a41656bbbdd53ea655cf,sample_size,5,2000,binary,0.8,first_factor,superiority_null,0.0,0.05,0.12,1.0,100000,100000,True,4999,100000,type1,adjusted,original_S_normal,original_CRT_data,-0.00027,0.00016703158382623317,126,153,-8.092252577625695e-05,0.005009064785027357
10,a41656bbbdd53ea655cf,sample_size,5,2000,binary,0.8,first_factor,superiority_null,0.0,0.05,0.12,1.0,100000,100000,True,4999,100000,type1,adjusted,refined_R_normal,RT,-0.00028,0.00017146285310556324,133,161,-8.685052960221526e-05,0.005008964804675087
10,a41656bbbdd53ea655cf,sample_size,5,2000,binary,0.8,first_factor,superiority_null,0.0,0.05,0.12,1.0,100000,100000,True,4999,100000,type1,adjusted,refined_R_lattice,RT,-0.00028,0.00017146285310556324,133,161,-8.685052960221526e-05,0.005008964804675087
10,a41656bbbdd53ea655cf,sample_size,5,2000,binary,0.8,first_factor,superiority_null,0.0,0.05,0.12,1.0,100000,100000,True,4999,100000,type1,adjusted,refined_CRT_lattice,refined_CRT_data,-0.00027,0.00016703158382623317,126,153,-7.468074060472942e-05,0.005009007854377098
10,a41656bbbdd53ea655cf,sample_size,5,2000,binary,0.8,first_factor,superiority_null,0.0,0.05,0.12,1.0,100000,100000,True,4999,100000,type1,adjusted,refined_S_normal,refined_CRT_data,-0.00027,0.00016703158382623317,126,153,-7.468074060472942e-05,0.005009007854377098
11,9ed27c582cb8e519fd6e,sample_size,5,2000,binary,0.8,first_factor,superiority_power,0.07,0.05,0.12,1.0,10000,10000,True,4999,100000,power,unadjusted,refined_S_normal,original_S_normal,0.0,0.00014142842783549566,1,1,-1.2695594530728222e-05,1.8209791896986073e-05
11,9ed27c582cb8e519fd6e,sample_size,5,2000,binary,0.8,first_factor,superiority_power,0.07,0.05,0.12,1.0,10000,10000,True,4999,100000,power,unadjusted,refined_R_normal,original_R_normal,0.0,0.0,0,0,-1.2713489877651068e-05,1.8233610676296853e-05
11,9ed27c582cb8e519fd6e,sample_size,5,2000,binary,0.8,first_factor,superiority_power,0.07,0.05,0.12,1.0,10000,10000,True,4999,100000,power,unadjusted,refined_CRT_data,original_CRT_data,0.0,0.0,0,0,0.0,0.0
11,9ed27c582cb8e519fd6e,sample_size,5,2000,binary,0.8,first_factor,superiority_power,0.07,0.05,0.12,1.0,10000,10000,True,4999,100000,power,unadjusted,refined_R_lattice,original_R_lattice,0.0,0.0,0,0,-1.3092030741405585e-05,1.87786439730449e-05
11,9ed27c582cb8e519fd6e,sample_size,5,2000,binary,0.8,first_factor,superiority_power,0.07,0.05,0.12,1.0,10000,10000,True,4999,100000,power,unadjusted,refined_CRT_lattice,original_CRT_lattice,0.0,0.0,0,0,-1.309146338095317e-05,1.8778018174050693e-05
11,9ed27c582cb8e519fd6e,sample_size,5,2000,binary,0.8,first_factor,superiority_power,0.07,0.05,0.12,1.0,10000,10000,True,4999,100000,power,unadjusted,refined_CRT_noise,original_CRT_noise,0.0,0.0,0,0,0.0,0.0
11,9ed27c582cb8e519fd6e,sample_size,5,2000,binary,0.8,first_factor,superiority_power,0.07,0.05,0.12,1.0,10000,10000,True,4999,100000,power,unadjusted,original_R_normal,RT,0.0039,0.0007540131653925936,48,9,-0.0009026674738875962,0.001226564134501483
11,9ed27c582cb8e519fd6e,sample_size,5,2000,binary,0.8,first_factor,superiority_power,0.07,0.05,0.12,1.0,10000,10000,True,4999,100000,power,unadjusted,original_R_lattice,RT,-0.0004,0.0006633460656401605,20,24,-0.00011692857925338442,0.0009074926939355685
11,9ed27c582cb8e519fd6e,sample_size,5,2000,binary,0.8,first_factor,superiority_power,0.07,0.05,0.12,1.0,10000,10000,True,4999,100000,power,unadjusted,original_CRT_lattice,original_CRT_data,-0.0004,0.0006633460656401605,20,24,-0.00011698981219457334,0.0009074492446108955
11,9ed27c582cb8e519fd6e,sample_size,5,2000,binary,0.8,first_factor,superiority_power,0.07,0.05,0.12,1.0,10000,10000,True,4999,100000,power,unadjusted,original_S_normal,original_CRT_data,0.0042,0.0007604563297014093,50,8,-0.0009492307198581438,0.0012492978720138504
11,9ed27c582cb8e519fd6e,sample_size,5,2000,binary,0.8,first_factor,superiority_power,0.07,0.05,0.12,1.0,10000,10000,True,4999,100000,power,unadjusted,refined_R_normal,RT,0.0039,0.0007540131653925936,48,9,-0.0009153809637652472,0.001232881844186802
11,9ed27c582cb8e519fd6e,sample_size,5,2000,binary,0.8,first_factor,superiority_power,0.07,0.05,0.12,1.0,10000,10000,True,4999,100000,power,unadjusted,refined_R_lattice,RT,-0.0004,0.0006633460656401605,20,24,-0.00013002060999478998,0.0009075173348273055
11,9ed27c582cb8e519fd6e,sample_size,5,2000,binary,0.8,first_factor,superiority_power,0.07,0.05,0.12,1.0,10000,10000,True,4999,100000,power,unadjusted,refined_CRT_lattice,refined_CRT_data,-0.0004,0.0006633460656401605,20,24,-0.0001300812755755265,0.0009074648001065987
11,9ed27c582cb8e519fd6e,sample_size,5,2000,binary,0.8,first_factor,superiority_power,0.07,0.05,0.12,1.0,10000,10000,True,4999,100000,power,unadjusted,refined_S_normal,refined_CRT_data,0.0042,0.0007604563297014093,50,8,-0.000961926314388872,0.001256028177385829
11,9ed27c582cb8e519fd6e,sample_size,5,2000,binary,0.8,first_factor,superiority_power,0.07,0.05,0.12,1.0,10000,10000,True,4999,100000,power,adjusted,refined_S_normal,original_S_normal,0.0,0.0,0,0,1.1254511241896344e-06,1.1254511241896344e-06
11,9ed27c582cb8e519fd6e,sample_size,5,2000,binary,0.8,first_factor,superiority_power,0.07,0.05,0.12,1.0,10000,10000,True,4999,100000,power,adjusted,refined_R_normal,original_R_normal,0.0,0.0,0,0,1.1269006925674584e-06,1.1269006925674584e-06
11,9ed27c582cb8e519fd6e,sample_size,5,2000,binary,0.8,first_factor,superiority_power,0.07,0.05,0.12,1.0,10000,10000,True,4999,100000,power,adjusted,refined_CRT_data,original_CRT_data,0.0,0.0,0,0,0.0,0.0
11,9ed27c582cb8e519fd6e,sample_size,5,2000,binary,0.8,first_factor,superiority_power,0.07,0.05,0.12,1.0,10000,10000,True,4999,100000,power,adjusted,refined_R_lattice,original_R_lattice,0.0,0.0,0,0,1.1269006925674584e-06,1.1269006925674584e-06
11,9ed27c582cb8e519fd6e,sample_size,5,2000,binary,0.8,first_factor,superiority_power,0.07,0.05,0.12,1.0,10000,10000,True,4999,100000,power,adjusted,refined_CRT_lattice,original_CRT_lattice,0.0,0.0,0,0,1.1254511241896344e-06,1.1254511241896344e-06
11,9ed27c582cb8e519fd6e,sample_size,5,2000,binary,0.8,first_factor,superiority_power,0.07,0.05,0.12,1.0,10000,10000,True,4999,100000,power,adjusted,refined_CRT_noise,original_CRT_noise,0.0,0.0,0,0,0.0,0.0
11,9ed27c582cb8e519fd6e,sample_size,5,2000,binary,0.8,first_factor,superiority_power,0.07,0.05,0.12,1.0,10000,10000,True,4999,100000,power,adjusted,original_R_normal,RT,-0.0012,0.000616355408347278,13,25,-0.0001601849277193546,0.0009009966164901883
11,9ed27c582cb8e519fd6e,sample_size,5,2000,binary,0.8,first_factor,superiority_power,0.07,0.05,0.12,1.0,10000,10000,True,4999,100000,power,adjusted,original_R_lattice,RT,-0.0012,0.000616355408347278,13,25,-0.0001601849277193546,0.0009009966164901883
11,9ed27c582cb8e519fd6e,sample_size,5,2000,binary,0.8,first_factor,superiority_power,0.07,0.05,0.12,1.0,10000,10000,True,4999,100000,power,adjusted,original_CRT_lattice,original_CRT_data,-0.0012,0.0006479953624826183,15,27,-0.0001568445453130809,0.000897213114262123
11,9ed27c582cb8e519fd6e,sample_size,5,2000,binary,0.8,first_factor,superiority_power,0.07,0.05,0.12,1.0,10000,10000,True,4999,100000,power,adjusted,original_S_normal,original_CRT_data,-0.0012,0.0006479953624826183,15,27,-0.0001568445453130809,0.000897213114262123
11,9ed27c582cb8e519fd6e,sample_size,5,2000,binary,0.8,first_factor,superiority_power,0.07,0.05,0.12,1.0,10000,10000,True,4999,100000,power,adjusted,refined_R_normal,RT,-0.0012,0.000616355408347278,13,25,-0.00015905802702678717,0.0009009549991701319
11,9ed27c582cb8e519fd6e,sample_size,5,2000,binary,0.8,first_factor,superiority_power,0.07,0.05,0.12,1.0,10000,10000,True,4999,100000,power,adjusted,refined_R_lattice,RT,-0.0012,0.000616355408347278,13,25,-0.00015905802702678717,0.0009009549991701319
11,9ed27c582cb8e519fd6e,sample_size,5,2000,binary,0.8,first_factor,superiority_power,0.07,0.05,0.12,1.0,10000,10000,True,4999,100000,power,adjusted,refined_CRT_lattice,refined_CRT_data,-0.0012,0.0006479953624826183,15,27,-0.0001557190941888913,0.0008971680325804554
11,9ed27c582cb8e519fd6e,sample_size,5,2000,binary,0.8,first_factor,superiority_power,0.07,0.05,0.12,1.0,10000,10000,True,4999,100000,power,adjusted,refined_S_normal,refined_CRT_data,-0.0012,0.0006479953624826183,15,27,-0.0001557190941888913,0.0008971680325804554
12,f39f01ae5cfde42c534f,pbc95,5,400,continuous,0.95,zero,superiority_null,0.0,0.05,0.0,1.0,100000,100000,True,4999,100000,type1,unadjusted,refined_S_normal,original_S_normal,0.00772,0.0002767756890476844,772,0,-0.011094308244560444,0.011095280452924353
12,f39f01ae5cfde42c534f,pbc95,5,400,continuous,0.95,zero,superiority_null,0.0,0.05,0.0,1.0,100000,100000,True,4999,100000,type1,unadjusted,refined_R_normal,original_R_normal,0.00753,0.0002733747214674088,753,0,-0.011043005650973624,0.011043972303222006
12,f39f01ae5cfde42c534f,pbc95,5,400,continuous,0.95,zero,superiority_null,0.0,0.05,0.0,1.0,100000,100000,True,4999,100000,type1,unadjusted,refined_CRT_data,original_CRT_data,0.00012,3.4639110824038e-05,12,0,-6.56639999999999e-05,8.467199999999987e-05
12,f39f01ae5cfde42c534f,pbc95,5,400,continuous,0.95,zero,superiority_null,0.0,0.05,0.0,1.0,100000,100000,True,4999,100000,type1,unadjusted,refined_R_lattice,original_R_lattice,0.00753,0.0002733747214674088,753,0,-0.011043005650973624,0.011043972303222006
12,f39f01ae5cfde42c534f,pbc95,5,400,continuous,0.95,zero,superiority_null,0.0,0.05,0.0,1.0,100000,100000,True,4999,100000,type1,unadjusted,refined_CRT_lattice,original_CRT_lattice,0.00772,0.0002767756890476844,772,0,-0.011094308244560444,0.011095280452924353
12,f39f01ae5cfde42c534f,pbc95,5,400,continuous,0.95,zero,superiority_null,0.0,0.05,0.0,1.0,100000,100000,True,4999,100000,type1,unadjusted,refined_CRT_noise,original_CRT_noise,6e-05,2.4494285041617296e-05,6,0,-1.646400000000002e-05,7.251600000000008e-05
12,f39f01ae5cfde42c534f,pbc95,5,400,continuous,0.95,zero,superiority_null,0.0,0.05,0.0,1.0,100000,100000,True,4999,100000,type1,unadjusted,original_R_normal,RT,-0.00892,0.00033616285644708056,123,1015,0.011399515917401097,0.01598014355887621
12,f39f01ae5cfde42c534f,pbc95,5,400,continuous,0.95,zero,superiority_null,0.0,0.05,0.0,1.0,100000,100000,True,4999,100000,type1,unadjusted,original_R_lattice,RT,-0.00892,0.00033616285644708056,123,1015,0.011399515917401097,0.01598014355887621
12,f39f01ae5cfde42c534f,pbc95,5,400,continuous,0.95,zero,superiority_null,0.0,0.05,0.0,1.0,100000,100000,True,4999,100000,type1,unadjusted,original_CRT_lattice,original_CRT_data,-0.00901,0.00033895331226214465,128,1029,0.011385244454746013,0.015958674505219768
12,f39f01ae5cfde42c534f,pbc95,5,400,continuous,0.95,zero,superiority_null,0.0,0.05,0.0,1.0,100000,100000,True,4999,100000,type1,unadjusted,original_S_normal,original_CRT_data,-0.00901,0.00033895331226214465,128,1029,0.011385244454746013,0.015958674505219768
12,f39f01ae5cfde42c534f,pbc95,5,400,continuous,0.95,zero,superiority_null,0.0,0.05,0.0,1.0,100000,100000,True,4999,100000,type1,unadjusted,refined_R_normal,RT,-0.00139,0.00029100090346124036,354,493,0.00035651026642747555,0.012228678682347977
12,f39f01ae5cfde42c534f,pbc95,5,400,continuous,0.95,zero,superiority_null,0.0,0.05,0.0,1.0,100000,100000,True,4999,100000,type1,unadjusted,refined_R_lattice,RT,-0.00139,0.00029100090346124036,354,493,0.00035651026642747555,0.012228678682347977
12,f39f01ae5cfde42c534f,pbc95,5,400,continuous,0.95,zero,superiority_null,0.0,0.05,0.0,1.0,100000,100000,True,4999,100000,type1,unadjusted,refined_CRT_lattice,refined_CRT_data,-0.00141,0.0002940764931269381,362,503,0.00035660021018556735,0.01221064168889254
12,f39f01ae5cfde42c534f,pbc95,5,400,continuous,0.95,zero,superiority_null,0.0,0.05,0.0,1.0,100000,100000,True,4999,100000,type1,unadjusted,refined_S_normal,refined_CRT_data,-0.00141,0.0002940764931269381,362,503,0.00035660021018556735,0.01221064168889254
12,f39f01ae5cfde42c534f,pbc95,5,400,continuous,0.95,zero,superiority_null,0.0,0.05,0.0,1.0,100000,100000,True,4999,100000,type1,adjusted,refined_S_normal,original_S_normal,-7e-05,2.6456719365408772e-05,0,7,0.0001292101217954086,0.0001292101217954086
12,f39f01ae5cfde42c534f,pbc95,5,400,continuous,0.95,zero,superiority_null,0.0,0.05,0.0,1.0,100000,100000,True,4999,100000,type1,adjusted,refined_R_normal,original_R_normal,-0.00011,3.316458953311481e-05,0,11,0.00012858816961373027,0.00012858816961373027
12,f39f01ae5cfde42c534f,pbc95,5,400,continuous,0.95,zero,superiority_null,0.0,0.05,0.0,1.0,100000,100000,True,4999,100000,type1,adjusted,refined_CRT_data,original_CRT_data,0.0,0.0,0,0,8.299999999999988e-07,1.0459999999999964e-06
12,f39f01ae5cfde42c534f,pbc95,5,400,continuous,0.95,zero,superiority_null,0.0,0.05,0.0,1.0,100000,100000,True,4999,100000,type1,adjusted,refined_R_lattice,original_R_lattice,-0.00011,3.316458953311481e-05,0,11,0.00012858816961373027,0.00012858816961373027
12,f39f01ae5cfde42c534f,pbc95,5,400,continuous,0.95,zero,superiority_null,0.0,0.05,0.0,1.0,100000,100000,True,4999,100000,type1,adjusted,refined_CRT_lattice,original_CRT_lattice,-7e-05,2.6456719365408772e-05,0,7,0.0001292101217954086,0.0001292101217954086
12,f39f01ae5cfde42c534f,pbc95,5,400,continuous,0.95,zero,superiority_null,0.0,0.05,0.0,1.0,100000,100000,True,4999,100000,type1,adjusted,refined_CRT_noise,original_CRT_noise,0.0,0.0,0,0,2.579999999999954e-07,9.58000000000002e-07
12,f39f01ae5cfde42c534f,pbc95,5,400,continuous,0.95,zero,superiority_null,0.0,0.05,0.0,1.0,100000,100000,True,4999,100000,type1,adjusted,original_R_normal,RT,-0.00171,0.0002930385942434497,344,515,0.00022624842365552667,0.012292667698828516
12,f39f01ae5cfde42c534f,pbc95,5,400,continuous,0.95,zero,superiority_null,0.0,0.05,0.0,1.0,100000,100000,True,4999,100000,type1,adjusted,original_R_lattice,RT,-0.00171,0.0002930385942434497,344,515,0.00022624842365552667,0.012292667698828516
12,f39f01ae5cfde42c534f,pbc95,5,400,continuous,0.95,zero,superiority_null,0.0,0.05,0.0,1.0,100000,100000,True,4999,100000,type1,adjusted,original_CRT_lattice,original_CRT_data,-0.00234,0.000299242609702219,331,565,0.00022644983587281876,0.012271508324377683
12,f39f01ae5cfde42c534f,pbc95,5,400,continuous,0.95,zero,superiority_null,0.0,0.05,0.0,1.0,100000,100000,True,4999,100000,type1,adjusted,original_S_normal,original_CRT_data,-0.00234,0.000299242609702219,331,565,0.00022644983587281876,0.012271508324377683
12,f39f01ae5cfde42c534f,pbc95,5,400,continuous,0.95,zero,superiority_null,0.0,0.05,0.0,1.0,100000,100000,True,4999,100000,type1,adjusted,refined_R_normal,RT,-0.00182,0.00029354341702272387,340,522,0.0003548365932692569,0.012297217943763929
12,f39f01ae5cfde42c534f,pbc95,5,400,continuous,0.95,zero,superiority_null,0.0,0.05,0.0,1.0,100000,100000,True,4999,100000,type1,adjusted,refined_R_lattice,RT,-0.00182,0.00029354341702272387,340,522,0.0003548365932692569,0.012297217943763929
12,f39f01ae5cfde42c534f,pbc95,5,400,continuous,0.95,zero,superiority_null,0.0,0.05,0.0,1.0,100000,100000,True,4999,100000,type1,adjusted,refined_CRT_lattice,refined_CRT_data,-0.00241,0.0002997379145656656,329,570,0.0003548299576682273,0.012276147234191358
12,f39f01ae5cfde42c534f,pbc95,5,400,continuous,0.95,zero,superiority_null,0.0,0.05,0.0,1.0,100000,100000,True,4999,100000,type1,adjusted,refined_S_normal,refined_CRT_data,-0.00241,0.0002997379145656656,329,570,0.0003548299576682273,0.012276147234191358
13,d8bb31d506f67c62d819,pbc95,5,400,continuous,0.95,zero,superiority_power,0.3,0.05,0.0,1.0,10000,10000,True,4999,100000,power,unadjusted,refined_S_normal,original_S_normal,0.0,0.0,0,0,-5.246059652790593e-11,5.246059653449694e-11
13,d8bb31d506f67c62d819,pbc95,5,400,continuous,0.95,zero,superiority_power,0.3,0.05,0.0,1.0,10000,10000,True,4999,100000,power,unadjusted,refined_R_normal,original_R_normal,0.0,0.0,0,0,-3.008792898357044e-10,3.008792944628694e-10
13,d8bb31d506f67c62d819,pbc95,5,400,continuous,0.95,zero,superiority_power,0.3,0.05,0.0,1.0,10000,10000,True,4999,100000,power,unadjusted,refined_CRT_data,original_CRT_data,0.0,0.0,0,0,0.0,0.0
13,d8bb31d506f67c62d819,pbc95,5,400,continuous,0.95,zero,superiority_power,0.3,0.05,0.0,1.0,10000,10000,True,4999,100000,power,unadjusted,refined_R_lattice,original_R_lattice,0.0,0.0,0,0,-3.008792898357044e-10,3.008792944628694e-10
13,d8bb31d506f67c62d819,pbc95,5,400,continuous,0.95,zero,superiority_power,0.3,0.05,0.0,1.0,10000,10000,True,4999,100000,power,unadjusted,refined_CRT_lattice,original_CRT_lattice,0.0,0.0,0,0,-5.246059652790593e-11,5.246059653449694e-11
13,d8bb31d506f67c62d819,pbc95,5,400,continuous,0.95,zero,superiority_power,0.3,0.05,0.0,1.0,10000,10000,True,4999,100000,power,unadjusted,refined_CRT_noise,original_CRT_noise,0.0,0.0,0,0,0.0,0.0
13,d8bb31d506f67c62d819,pbc95,5,400,continuous,0.95,zero,superiority_power,0.3,0.05,0.0,1.0,10000,10000,True,4999,100000,power,unadjusted,original_R_normal,RT,0.0,0.0,0,0,-0.00019999947890027737,0.00019999947890027737
13,d8bb31d506f67c62d819,pbc95,5,400,continuous,0.95,zero,superiority_power,0.3,0.05,0.0,1.0,10000,10000,True,4999,100000,power,unadjusted,original_R_lattice,RT,0.0,0.0,0,0,-0.00019999947890027737,0.00019999947890027737
13,d8bb31d506f67c62d819,pbc95,5,400,continuous,0.95,zero,superiority_power,0.3,0.05,0.0,1.0,10000,10000,True,4999,100000,power,unadjusted,original_CRT_lattice,original_CRT_data,0.0,0.0,0,0,-0.00019999992083655837,0.00019999992083655837
13,d8bb31d506f67c62d819,pbc95,5,400,continuous,0.95,zero,superiority_power,0.3,0.05,0.0,1.0,10000,10000,True,4999,100000,power,unadjusted,original_S_normal,original_CRT_data,0.0,0.0,0,0,-0.00019999992083655837,0.00019999992083655837
13,d8bb31d506f67c62d819,pbc95,5,400,continuous,0.95,zero,superiority_power,0.3,0.05,0.0,1.0,10000,10000,True,4999,100000,power,unadjusted,refined_R_normal,RT,0.0,0.0,0,0,-0.00019999977977956722,0.00019999977977956722
13,d8bb31d506f67c62d819,pbc95,5,400,continuous,0.95,zero,superiority_power,0.3,0.05,0.0,1.0,10000,10000,True,4999,100000,power,unadjusted,refined_R_lattice,RT,0.0,0.0,0,0,-0.00019999977977956722,0.00019999977977956722
13,d8bb31d506f67c62d819,pbc95,5,400,continuous,0.95,zero,superiority_power,0.3,0.05,0.0,1.0,10000,10000,True,4999,100000,power,unadjusted,refined_CRT_lattice,refined_CRT_data,0.0,0.0,0,0,-0.00019999997329715491,0.00019999997329715491
13,d8bb31d506f67c62d819,pbc95,5,400,continuous,0.95,zero,superiority_power,0.3,0.05,0.0,1.0,10000,10000,True,4999,100000,power,unadjusted,refined_S_normal,refined_CRT_data,0.0,0.0,0,0,-0.00019999997329715491,0.00019999997329715491
13,d8bb31d506f67c62d819,pbc95,5,400,continuous,0.95,zero,superiority_power,0.3,0.05,0.0,1.0,10000,10000,True,4999,100000,power,adjusted,refined_S_normal,original_S_normal,0.0,0.0,0,0,2.0920154476648887e-13,2.0920154476648887e-13
13,d8bb31d506f67c62d819,pbc95,5,400,continuous,0.95,zero,superiority_power,0.3,0.05,0.0,1.0,10000,10000,True,4999,100000,power,adjusted,refined_R_normal,original_R_normal,0.0,0.0,0,0,1.2660106053796072e-12,1.2660106053796072e-12
13,d8bb31d506f67c62d819,pbc95,5,400,continuous,0.95,zero,superiority_power,0.3,0.05,0.0,1.0,10000,10000,True,4999,100000,power,adjusted,refined_CRT_data,original_CRT_data,0.0,0.0,0,0,0.0,0.0
13,d8bb31d506f67c62d819,pbc95,5,400,continuous,0.95,zero,superiority_power,0.3,0.05,0.0,1.0,10000,10000,True,4999,100000,power,adjusted,refined_R_lattice,original_R_lattice,0.0,0.0,0,0,1.2660106053796072e-12,1.2660106053796072e-12
13,d8bb31d506f67c62d819,pbc95,5,400,continuous,0.95,zero,superiority_power,0.3,0.05,0.0,1.0,10000,10000,True,4999,100000,power,adjusted,refined_CRT_lattice,original_CRT_lattice,0.0,0.0,0,0,2.0920154476648887e-13,2.0920154476648887e-13
13,d8bb31d506f67c62d819,pbc95,5,400,continuous,0.95,zero,superiority_power,0.3,0.05,0.0,1.0,10000,10000,True,4999,100000,power,adjusted,refined_CRT_noise,original_CRT_noise,0.0,0.0,0,0,0.0,0.0
13,d8bb31d506f67c62d819,pbc95,5,400,continuous,0.95,zero,superiority_power,0.3,0.05,0.0,1.0,10000,10000,True,4999,100000,power,adjusted,original_R_normal,RT,0.0,0.0,0,0,-0.00019999989122749588,0.00019999989122749588
13,d8bb31d506f67c62d819,pbc95,5,400,continuous,0.95,zero,superiority_power,0.3,0.05,0.0,1.0,10000,10000,True,4999,100000,power,adjusted,original_R_lattice,RT,0.0,0.0,0,0,-0.00019999989122749588,0.00019999989122749588
13,d8bb31d506f67c62d819,pbc95,5,400,continuous,0.95,zero,superiority_power,0.3,0.05,0.0,1.0,10000,10000,True,4999,100000,power,adjusted,original_CRT_lattice,original_CRT_data,0.0,0.0,0,0,-0.00019999998546601776,0.00019999998546601776
13,d8bb31d506f67c62d819,pbc95,5,400,continuous,0.95,zero,superiority_power,0.3,0.05,0.0,1.0,10000,10000,True,4999,100000,power,adjusted,original_S_normal,original_CRT_data,0.0,0.0,0,0,-0.00019999998546601776,0.00019999998546601776
13,d8bb31d506f67c62d819,pbc95,5,400,continuous,0.95,zero,superiority_power,0.3,0.05,0.0,1.0,10000,10000,True,4999,100000,power,adjusted,refined_R_normal,RT,0.0,0.0,0,0,-0.0001999998899614853,0.0001999998899614853
13,d8bb31d506f67c62d819,pbc95,5,400,continuous,0.95,zero,superiority_power,0.3,0.05,0.0,1.0,10000,10000,True,4999,100000,power,adjusted,refined_R_lattice,RT,0.0,0.0,0,0,-0.0001999998899614853,0.0001999998899614853
13,d8bb31d506f67c62d819,pbc95,5,400,continuous,0.95,zero,superiority_power,0.3,0.05,0.0,1.0,10000,10000,True,4999,100000,power,adjusted,refined_CRT_lattice,refined_CRT_data,0.0,0.0,0,0,-0.0001999999852568162,0.0001999999852568162
13,d8bb31d506f67c62d819,pbc95,5,400,continuous,0.95,zero,superiority_power,0.3,0.05,0.0,1.0,10000,10000,True,4999,100000,power,adjusted,refined_S_normal,refined_CRT_data,0.0,0.0,0,0,-0.0001999999852568162,0.0001999999852568162
14,1522ed2ed621e75e8d2c,pbc95,5,400,continuous,0.95,first_factor,superiority_null,0.0,0.05,0.5,1.0,100000,100000,True,4999,100000,type1,unadjusted,refined_S_normal,original_S_normal,0.00914,0.00030094104016417655,914,0,-0.012740403028157411,0.012740468911219672
14,1522ed2ed621e75e8d2c,pbc95,5,400,continuous,0.95,first_factor,superiority_null,0.0,0.05,0.5,1.0,100000,100000,True,4999,100000,type1,unadjusted,refined_R_normal,original_R_normal,0.00806,0.0002827563677649632,806,0,-0.012386221473660048,0.012386285048679621
14,1522ed2ed621e75e8d2c,pbc95,5,400,continuous,0.95,first_factor,superiority_null,0.0,0.05,0.5,1.0,100000,100000,True,4999,100000,type1,unadjusted,refined_CRT_data,original_CRT_data,0.00032,5.6559773603506414e-05,32,0,-0.0003505800000000001,0.0003520520000000001
14,1522ed2ed621e75e8d2c,pbc95,5,400,continuous,0.95,first_factor,superiority_null,0.0,0.05,0.5,1.0,100000,100000,True,4999,100000,type1,unadjusted,refined_R_lattice,original_R_lattice,0.00806,0.0002827563677649632,806,0,-0.012386221473660048,0.012386285048679621
14,1522ed2ed621e75e8d2c,pbc95,5,400,continuous,0.95,first_factor,superiority_null,0.0,0.05,0.5,1.0,100000,100000,True,4999,100000,type1,unadjusted,refined_CRT_lattice,original_CRT_lattice,0.00914,0.00030094104016417655,914,0,-0.012740403028157411,0.012740468911219672
14,1522ed2ed621e75e8d2c,pbc95,5,400,continuous,0.95,first_factor,superiority_null,0.0,0.05,0.5,1.0,100000,100000,True,4999,100000,type1,unadjusted,refined_CRT_noise,original_CRT_noise,0.00024,5.0984801603026224e-05,25,1,-0.00031855199999999994,0.000321144
14,1522ed2ed621e75e8d2c,pbc95,5,400,continuous,0.95,first_factor,superiority_null,0.0,0.05,0.5,1.0,100000,100000,True,4999,100000,type1,unadjusted,original_R_normal,RT,-0.00798,0.00032336394610781277,127,925,0.011728548800202725,0.016086795168259272
14,1522ed2ed621e75e8d2c,pbc95,5,400,continuous,0.95,first_factor,superiority_null,0.0,0.05,0.5,1.0,100000,100000,True,4999,100000,type1,unadjusted,original_R_lattice,RT,-0.00798,0.00032336394610781277,127,925,0.011728548800202725,0.016086795168259272
14,1522ed2ed621e75e8d2c,pbc95,5,400,continuous,0.95,first_factor,superiority_null,0.0,0.05,0.5,1.0,100000,100000,True,4999,100000,type1,unadjusted,original_CRT_lattice,original_CRT_data,-0.00883,0.00033900067878191945,137,1020,0.011740763059583832,0.016091238748958268
14,1522ed2ed621e75e8d2c,pbc95,5,400,continuous,0.95,first_factor,superiority_null,0.0,0.05,0.5,1.0,100000,100000,True,4999,100000,type1,unadjusted,original_S_normal,original_CRT_data,-0.00883,0.00033900067878191945,137,1020,0.011740763059583832,0.016091238748958268
14,1522ed2ed621e75e8d2c,pbc95,5,400,continuous,0.95,first_factor,superiority_null,0.0,0.05,0.5,1.0,100000,100000,True,4999,100000,type1,unadjusted,refined_R_normal,RT,8e-05,0.00028600831108123426,413,405,-0.0006576726734573222,0.012214522657624939
14,1522ed2ed621e75e8d2c,pbc95,5,400,continuous,0.95,first_factor,superiority_null,0.0,0.05,0.5,1.0,100000,100000,True,4999,100000,type1,unadjusted,refined_R_lattice,RT,8e-05,0.00028600831108123426,413,405,-0.0006576726734573222,0.012214522657624939
14,1522ed2ed621e75e8d2c,pbc95,5,400,continuous,0.95,first_factor,superiority_null,0.0,0.05,0.5,1.0,100000,100000,True,4999,100000,type1,unadjusted,refined_CRT_lattice,refined_CRT_data,-1e-05,0.0002971546432563693,441,442,-0.0006490599685735743,0.012208766479166954
14,1522ed2ed621e75e8d2c,pbc95,5,400,continuous,0.95,first_factor,superiority_null,0.0,0.05,0.5,1.0,100000,100000,True,4999,100000,type1,unadjusted,refined_S_normal,refined_CRT_data,-1e-05,0.0002971546432563693,441,442,-0.0006490599685735743,0.012208766479166954
14,1522ed2ed621e75e8d2c,pbc95,5,400,continuous,0.95,first_factor,superiority_null,0.0,0.05,0.5,1.0,100000,100000,True,4999,100000,type1,adjusted,refined_S_normal,original_S_normal,-0.00014,3.741414168706776e-05,0,14,0.00013131495743434887,0.00013131495743434887
14,1522ed2ed621e75e8d2c,pbc95,5,400,continuous,0.95,first_factor,superiority_null,0.0,0.05,0.5,1.0,100000,100000,True,4999,100000,type1,adjusted,refined_R_normal,original_R_normal,-7e-05,2.6456719365408772e-05,0,7,0.0001273182507691668,0.0001273182507691668
14,1522ed2ed621e75e8d2c,pbc95,5,400,continuous,0.95,first_factor,superiority_null,0.0,0.05,0.5,1.0,100000,100000,True,4999,100000,type1,adjusted,refined_CRT_data,original_CRT_data,0.0,0.0,0,0,3.9120000000000025e-06,3.928000000000001e-06
14,1522ed2ed621e75e8d2c,pbc95,5,400,continuous,0.95,first_factor,superiority_null,0.0,0.05,0.5,1.0,100000,100000,True,4999,100000,type1,adjusted,refined_R_lattice,original_R_lattice,-7e-05,2.6456719365408772e-05,0,7,0.0001273182507691668,0.0001273182507691668
14,1522ed2ed621e75e8d2c,pbc95,5,400,continuous,0.95,first_factor,superiority_null,0.0,0.05,0.5,1.0,100000,100000,True,4999,100000,type1,adjusted,refined_CRT_lattice,original_CRT_lattice,-0.00014,3.741414168706776e-05,0,14,0.00013131495743434887,0.00013131495743434887
14,1522ed2ed621e75e8d2c,pbc95,5,400,continuous,0.95,first_factor,superiority_null,0.0,0.05,0.5,1.0,100000,100000,True,4999,100000,type1,adjusted,refined_CRT_noise,original_CRT_noise,0.0,0.0,0,0,3.662000000000006e-06,3.7100000000000073e-06
14,1522ed2ed621e75e8d2c,pbc95,5,400,continuous,0.95,first_factor,superiority_null,0.0,0.05,0.5,1.0,100000,100000,True,4999,100000,type1,adjusted,original_R_normal,RT,-0.00039,0.00029034345522711526,402,441,-0.0008960334179064818,0.01235391488920836
14,1522ed2ed621e75e8d2c,pbc95,5,400,continuous,0.95,first_factor,superiority_null,0.0,0.05,0.5,1.0,100000,100000,True,4999,100000,type1,adjusted,original_R_lattice,RT,-0.00039,0.00029034345522711526,402,441,-0.0008960334179064818,0.01235391488920836
14,1522ed2ed621e75e8d2c,pbc95,5,400,continuous,0.95,first_factor,superiority_null,0.0,0.05,0.5,1.0,100000,100000,True,4999,100000,type1,adjusted,original_CRT_lattice,original_CRT_data,-0.00017,0.0002971541586549648,433,450,-0.0008816079218083874,0.012340623135226297
14,1522ed2ed621e75e8d2c,pbc95,5,400,continuous,0.95,first_factor,superiority_null,0.0,0.05,0.5,1.0,100000,100000,True,4999,100000,type1,adjusted,original_S_normal,original_CRT_data,-0.00017,0.0002971541586549648,433,450,-0.0008816079218083874,0.012340623135226297
14,1522ed2ed621e75e8d2c,pbc95,5,400,continuous,0.95,first_factor,superiority_null,0.0,0.05,0.5,1.0,100000,100000,True,4999,100000,type1,adjusted,refined_R_normal,RT,-0.00046,0.00029085860823998286,400,446,-0.000768715167137315,0.012350466007636101
14,1522ed2ed621e75e8d2c,pbc95,5,400,continuous,0.95,first_factor,superiority_null,0.0,0.05,0.5,1.0,100000,100000,True,4999,100000,type1,adjusted,refined_R_lattice,RT,-0.00046,0.00029085860823998286,400,446,-0.000768715167137315,0.012350466007636101
14,1522ed2ed621e75e8d2c,pbc95,5,400,continuous,0.95,first_factor,superiority_null,0.0,0.05,0.5,1.0,100000,100000,True,4999,100000,type1,adjusted,refined_CRT_lattice,refined_CRT_data,-0.00031,0.0002974893678759629,427,458,-0.0007542049643740387,0.012337396115176745
14,1522ed2ed621e75e8d2c,pbc95,5,400,continuous,0.95,first_factor,superiority_null,0.0,0.05,0.5,1.0,100000,100000,True,4999,100000,type1,adjusted,refined_S_normal,refined_CRT_data,-0.00031,0.0002974893678759629,427,458,-0.0007542049643740387,0.012337396115176745
15,440bf8b99f621712fda3,pbc95,5,400,continuous,0.95,first_factor,superiority_power,0.3,0.05,0.5,1.0,10000,10000,True,4999,100000,power,unadjusted,refined_S_normal,original_S_normal,0.0,0.0,0,0,-2.52098827071302e-07,2.520988296217123e-07
15,440bf8b99f621712fda3,pbc95,5,400,continuous,0.95,first_factor,superiority_power,0.3,0.05,0.5,1.0,10000,10000,True,4999,100000,power,unadjusted,refined_R_normal,original_R_normal,0.0,0.0,0,0,-6.502713157090888e-07,6.5027135733365e-07
15,440bf8b99f621712fda3,pbc95,5,400,continuous,0.95,first_factor,superiority_power,0.3,0.05,0.5,1.0,10000,10000,True,4999,100000,power,unadjusted,refined_CRT_data,original_CRT_data,0.0,0.0,0,0,-2e-08,2e-08
15,440bf8b99f621712fda3,pbc95,5,400,continuous,0.95,first_factor,superiority_power,0.3,0.05,0.5,1.0,10000,10000,True,4999,100000,power,unadjusted,refined_R_lattice,original_R_lattice,0.0,0.0,0,0,-6.502713157090888e-07,6.5027135733365e-07
15,440bf8b99f621712fda3,pbc95,5,400,continuous,0.95,first_factor,superiority_power,0.3,0.05,0.5,1.0,10000,10000,True,4999,100000,power,unadjusted,refined_CRT_lattice,original_CRT_lattice,0.0,0.0,0,0,-2.52098827071302e-07,2.520988296217123e-07
15,440bf8b99f621712fda3,pbc95,5,400,continuous,0.95,first_factor,superiority_power,0.3,0.05,0.5,1.0,10000,10000,True,4999,100000,power,unadjusted,refined_CRT_noise,original_CRT_noise,0.0,0.0,0,0,-2e-08,2e-08
15,440bf8b99f621712fda3,pbc95,5,400,continuous,0.95,first_factor,superiority_power,0.3,0.05,0.5,1.0,10000,10000,True,4999,100000,power,unadjusted,original_R_normal,RT,0.0,0.0,0,0,-0.00019879610321753166,0.00019983309893592305
15,440bf8b99f621712fda3,pbc95,5,400,continuous,0.95,first_factor,superiority_power,0.3,0.05,0.5,1.0,10000,10000,True,4999,100000,power,unadjusted,original_R_lattice,RT,0.0,0.0,0,0,-0.00019879610321753166,0.00019983309893592305
15,440bf8b99f621712fda3,pbc95,5,400,continuous,0.95,first_factor,superiority_power,0.3,0.05,0.5,1.0,10000,10000,True,4999,100000,power,unadjusted,original_CRT_lattice,original_CRT_data,0.0,0.0,0,0,-0.00019959626827991986,0.00019990984359332203
15,440bf8b99f621712fda3,pbc95,5,400,continuous,0.95,first_factor,superiority_power,0.3,0.05,0.5,1.0,10000,10000,True,4999,100000,power,unadjusted,original_S_normal,original_CRT_data,0.0,0.0,0,0,-0.00019959626827991986,0.00019990984359332203
15,440bf8b99f621712fda3,pbc95,5,400,continuous,0.95,first_factor,superiority_power,0.3,0.05,0.5,1.0,10000,10000,True,4999,100000,power,unadjusted,refined_R_normal,RT,0.0,0.0,0,0,-0.00019944637453324073,0.00019998054448488244
15,440bf8b99f621712fda3,pbc95,5,400,continuous,0.95,first_factor,superiority_power,0.3,0.05,0.5,1.0,10000,10000,True,4999,100000,power,unadjusted,refined_R_lattice,RT,0.0,0.0,0,0,-0.00019944637453324073,0.00019998054448488244
15,440bf8b99f621712fda3,pbc95,5,400,continuous,0.95,first_factor,superiority_power,0.3,0.05,0.5,1.0,10000,10000,True,4999,100000,power,unadjusted,refined_CRT_lattice,refined_CRT_data,0.0,0.0,0,0,-0.0001998283671069912,0.00019996598927386823
15,440bf8b99f621712fda3,pbc95,5,400,continuous,0.95,first_factor,superiority_power,0.3,0.05,0.5,1.0,10000,10000,True,4999,100000,power,unadjusted,refined_S_normal,refined_CRT_data,0.0,0.0,0,0,-0.0001998283671069912,0.00019996598927386823
15,440bf8b99f621712fda3,pbc95,5,400,continuous,0.95,first_factor,superiority_power,0.3,0.05,0.5,1.0,10000,10000,True,4999,100000,power,adjusted,refined_S_normal,original_S_normal,0.0,0.0,0,0,8.386299763125811e-10,8.386299763125811e-10
15,440bf8b99f621712fda3,pbc95,5,400,continuous,0.95,first_factor,superiority_power,0.3,0.05,0.5,1.0,10000,10000,True,4999,100000,power,adjusted,refined_R_normal,original_R_normal,0.0,0.0,0,0,2.8129161210673814e-09,2.8129161210673814e-09
15,440bf8b99f621712fda3,pbc95,5,400,continuous,0.95,first_factor,superiority_power,0.3,0.05,0.5,1.0,10000,10000,True,4999,100000,power,adjusted,refined_CRT_data,original_CRT_data,0.0,0.0,0,0,0.0,0.0
15,440bf8b99f621712fda3,pbc95,5,400,continuous,0.95,first_factor,superiority_power,0.3,0.05,0.5,1.0,10000,10000,True,4999,100000,power,adjusted,refined_R_lattice,original_R_lattice,0.0,0.0,0,0,2.8129161210673814e-09,2.8129161210673814e-09
15,440bf8b99f621712fda3,pbc95,5,400,continuous,0.95,first_factor,superiority_power,0.3,0.05,0.5,1.0,10000,10000,True,4999,100000,power,adjusted,refined_CRT_lattice,original_CRT_lattice,0.0,0.0,0,0,8.386299763125811e-10,8.386299763125811e-10
15,440bf8b99f621712fda3,pbc95,5,400,continuous,0.95,first_factor,superiority_power,0.3,0.05,0.5,1.0,10000,10000,True,4999,100000,power,adjusted,refined_CRT_noise,original_CRT_noise,0.0,0.0,0,0,0.0,0.0
15,440bf8b99f621712fda3,pbc95,5,400,continuous,0.95,first_factor,superiority_power,0.3,0.05,0.5,1.0,10000,10000,True,4999,100000,power,adjusted,original_R_normal,RT,0.0,0.0,0,0,-0.000199740548190695,0.0001998141111485254
15,440bf8b99f621712fda3,pbc95,5,400,continuous,0.95,first_factor,superiority_power,0.3,0.05,0.5,1.0,10000,10000,True,4999,100000,power,adjusted,original_R_lattice,RT,0.0,0.0,0,0,-0.000199740548190695,0.0001998141111485254
15,440bf8b99f621712fda3,pbc95,5,400,continuous,0.95,first_factor,superiority_power,0.3,0.05,0.5,1.0,10000,10000,True,4999,100000,power,adjusted,original_CRT_lattice,original_CRT_data,0.0,0.0,0,0,-0.00019994433772090798,0.00019994433772090798
15,440bf8b99f621712fda3,pbc95,5,400,continuous,0.95,first_factor,superiority_power,0.3,0.05,0.5,1.0,10000,10000,True,4999,100000,power,adjusted,original_S_normal,original_CRT_data,0.0,0.0,0,0,-0.00019994433772090798,0.00019994433772090798
15,440bf8b99f621712fda3,pbc95,5,400,continuous,0.95,first_factor,superiority_power,0.3,0.05,0.5,1.0,10000,10000,True,4999,100000,power,adjusted,refined_R_normal,RT,0.0,0.0,0,0,-0.00019973773527457394,0.00019981206074411788
15,440bf8b99f621712fda3,pbc95,5,400,continuous,0.95,first_factor,superiority_power,0.3,0.05,0.5,1.0,10000,10000,True,4999,100000,power,adjusted,refined_R_lattice,RT,0.0,0.0,0,0,-0.00019973773527457394,0.00019981206074411788
15,440bf8b99f621712fda3,pbc95,5,400,continuous,0.95,first_factor,superiority_power,0.3,0.05,0.5,1.0,10000,10000,True,4999,100000,power,adjusted,refined_CRT_lattice,refined_CRT_data,0.0,0.0,0,0,-0.00019994349909093168,0.00019994349909093168
15,440bf8b99f621712fda3,pbc95,5,400,continuous,0.95,first_factor,superiority_power,0.3,0.05,0.5,1.0,10000,10000,True,4999,100000,power,adjusted,refined_S_normal,refined_CRT_data,0.0,0.0,0,0,-0.00019994349909093168,0.00019994349909093168
16,2e291590141bd519fa70,pbc95,5,400,continuous,0.95,zero,superiority_null,0.0,0.05,0.0,1.0,100000,100000,True,4999,100000,type1,unadjusted,refined_S_normal,original_S_normal,0.00086,9.269676330325277e-05,86,0,-0.0011094020378193594,0.0011733060234249335
16,2e291590141bd519fa70,pbc95,5,400,continuous,0.95,zero,superiority_null,0.0,0.05,0.0,1.0,100000,100000,True,4999,100000,type1,unadjusted,refined_R_normal,original_R_normal,0.00076,8.941087150363445e-05,78,2,-0.0011040718740008876,0.0011676345642890626
16,2e291590141bd519fa70,pbc95,5,400,continuous,0.95,zero,superiority_null,0.0,0.05,0.0,1.0,100000,100000,True,4999,100000,type1,unadjusted,refined_CRT_data,original_CRT_data,0.0,0.0,0,0,-7.228000000000008e-06,9.768000000000005e-06
16,2e291590141bd519fa70,pbc95,5,400,continuous,0.95,zero,superiority_null,0.0,0.05,0.0,1.0,100000,100000,True,4999,100000,type1,unadjusted,refined_R_lattice,original_R_lattice,0.00076,8.941087150363445e-05,78,2,-0.0011040718740008876,0.0011676345642890626
16,2e291590141bd519fa70,pbc95,5,400,continuous,0.95,zero,superiority_null,0.0,0.05,0.0,1.0,100000,100000,True,4999,100000,type1,unadjusted,refined_CRT_lattice,original_CRT_lattice,0.00086,9.269676330325277e-05,86,0,-0.0011094020378193594,0.0011733060234249335
16,2e291590141bd519fa70,pbc95,5,400,continuous,0.95,zero,superiority_null,0.0,0.05,0.0,1.0,100000,100000,True,4999,100000,type1,unadjusted,refined_CRT_noise,original_CRT_noise,2e-05,1.4142064912168937e-05,2,0,-1.721999999999988e-06,8.402000000000014e-06
16,2e291590141bd519fa70,pbc95,5,400,continuous,0.95,zero,superiority_null,0.0,0.05,0.0,1.0,100000,100000,True,4999,100000,type1,unadjusted,original_R_normal,RT,-0.00251,0.00029092584171649954,298,549,0.0016379441240781721,0.012454793516114024
16,2e291590141bd519fa70,pbc95,5,400,continuous,0.95,zero,superiority_null,0.0,0.05,0.0,1.0,100000,100000,True,4999,100000,type1,unadjusted,original_R_lattice,RT,-0.00251,0.00029092584171649954,298,549,0.0016379441240781721,0.012454793516114024
16,2e291590141bd519fa70,pbc95,5,400,continuous,0.95,zero,superiority_null,0.0,0.05,0.0,1.0,100000,100000,True,4999,100000,type1,unadjusted,original_CRT_lattice,original_CRT_data,-0.00296,0.00029105537468377264,276,572,0.0016320503723500175,0.012431560120091962
16,2e291590141bd519fa70,pbc95,5,400,continuous,0.95,zero,superiority_null,0.0,0.05,0.0,1.0,100000,100000,True,4999,100000,type1,unadjusted,original_S_normal,original_CRT_data,-0.00296,0.00029105537468377264,276,572,0.0016320503723500175,0.012431560120091962
16,2e291590141bd519fa70,pbc95,5,400,continuous,0.95,zero,superiority_null,0.0,0.05,0.0,1.0,100000,100000,True,4999,100000,type1,unadjusted,refined_R_normal,RT,-0.00175,0.00028891211414909035,330,505,0.0005338722500772846,0.012353437450914304
16,2e291590141bd519fa70,pbc95,5,400,continuous,0.95,zero,superiority_null,0.0,0.05,0.0,1.0,100000,100000,True,4999,100000,type1,unadjusted,refined_R_lattice,RT,-0.00175,0.00028891211414909035,330,505,0.0005338722500772846,0.012353437450914304
16,2e291590141bd519fa70,pbc95,5,400,continuous,0.95,zero,superiority_null,0.0,0.05,0.0,1.0,100000,100000,True,4999,100000,type1,unadjusted,refined_CRT_lattice,refined_CRT_data,-0.0021,0.0002897528939758767,315,525,0.0005298763345306583,0.012329802952314582
16,2e291590141bd519fa70,pbc95,5,400,continuous,0.95,zero,superiority_null,0.0,0.05,0.0,1.0,100000,100000,True,4999,100000,type1,unadjusted,refined_S_normal,refined_CRT_data,-0.0021,0.0002897528939758767,315,525,0.0005298763345306583,0.012329802952314582
16,2e291590141bd519fa70,pbc95,5,400,continuous,0.95,zero,superiority_null,0.0,0.05,0.0,1.0,100000,100000,True,4999,100000,type1,adjusted,refined_S_normal,original_S_normal,-0.0001,3.1621353530486184e-05,0,10,0.000133510400509901,0.000133510400509901
16,2e291590141bd519fa70,pbc95,5,400,continuous,0.95,zero,superiority_null,0.0,0.05,0.0,1.0,100000,100000,True,4999,100000,type1,adjusted,refined_R_normal,original_R_normal,-6e-05,2.4494285041617293e-05,0,6,0.0001328558960714083,0.0001328558960714083
16,2e291590141bd519fa70,pbc95,5,400,continuous,0.95,zero,superiority_null,0.0,0.05,0.0,1.0,100000,100000,True,4999,100000,type1,adjusted,refined_CRT_data,original_CRT_data,0.0,0.0,0,0,9.720000000000182e-07,1.2360000000000035e-06
16,2e291590141bd519fa70,pbc95,5,400,continuous,0.95,zero,superiority_null,0.0,0.05,0.0,1.0,100000,100000,True,4999,100000,type1,adjusted,refined_R_lattice,original_R_lattice,-6e-05,2.4494285041617293e-05,0,6,0.0001328558960714083,0.0001328558960714083
16,2e291590141bd519fa70,pbc95,5,400,continuous,0.95,zero,superiority_null,0.0,0.05,0.0,1.0,100000,100000,True,4999,100000,type1,adjusted,refined_CRT_lattice,original_CRT_lattice,-0.0001,3.1621353530486184e-05,0,10,0.000133510400509901,0.000133510400509901
16,2e291590141bd519fa70,pbc95,5,400,continuous,0.95,zero,superiority_null,0.0,0.05,0.0,1.0,100000,100000,True,4999,100000,type1,adjusted,refined_CRT_noise,original_CRT_noise,-1e-05,9.999999999999999e-06,0,1,1.7199999999999053e-07,9.359999999999983e-07
16,2e291590141bd519fa70,pbc95,5,400,continuous,0.95,zero,superiority_null,0.0,0.05,0.0,1.0,100000,100000,True,4999,100000,type1,adjusted,original_R_normal,RT,-0.00246,0.00029519545288427803,313,559,0.00041306727449345393,0.012380785626884784
16,2e291590141bd519fa70,pbc95,5,400,continuous,0.95,zero,superiority_null,0.0,0.05,0.0,1.0,100000,100000,True,4999,100000,type1,adjusted,original_R_lattice,RT,-0.00246,0.00029519545288427803,313,559,0.00041306727449345393,0.012380785626884784
16,2e291590141bd519fa70,pbc95,5,400,continuous,0.95,zero,superiority_null,0.0,0.05,0.0,1.0,100000,100000,True,4999,100000,type1,adjusted,original_CRT_lattice,original_CRT_data,-0.00245,0.00029058702553313363,300,545,0.000412107665560763,0.012355839959431214
16,2e291590141bd519fa70,pbc95,5,400,continuous,0.95,zero,superiority_null,0.0,0.05,0.0,1.0,100000,100000,True,4999,100000,type1,adjusted,original_S_normal,original_CRT_data,-0.00245,0.00029058702553313363,300,545,0.000412107665560763,0.012355839959431214
16,2e291590141bd519fa70,pbc95,5,400,continuous,0.95,zero,superiority_null,0.0,0.05,0.0,1.0,100000,100000,True,4999,100000,type1,adjusted,refined_R_normal,RT,-0.00252,0.0002948514293227247,309,561,0.0005459231705648622,0.0123866886771098
16,2e291590141bd519fa70,pbc95,5,400,continuous,0.95,zero,superiority_null,0.0,0.05,0.0,1.0,100000,100000,True,4999,100000,type1,adjusted,refined_R_lattice,RT,-0.00252,0.0002948514293227247,309,561,0.0005459231705648622,0.0123866886771098
16,2e291590141bd519fa70,pbc95,5,400,continuous,0.95,zero,superiority_null,0.0,0.05,0.0,1.0,100000,100000,True,4999,100000,type1,adjusted,refined_CRT_lattice,refined_CRT_data,-0.00255,0.00029126589803516915,297,552,0.000544646066070664,0.012361710730535776
16,2e291590141bd519fa70,pbc95,5,400,continuous,0.95,zero,superiority_null,0.0,0.05,0.0,1.0,100000,100000,True,4999,100000,type1,adjusted,refined_S_normal,refined_CRT_data,-0.00255,0.00029126589803516915,297,552,0.000544646066070664,0.012361710730535776
17,1fa2e059fdc643e3b94c,pbc95,5,400,continuous,0.95,zero,superiority_power,0.3,0.05,0.0,1.0,10000,10000,True,4999,100000,power,unadjusted,refined_S_normal,original_S_normal,0.0012,0.00037399196114181366,13,1,-0.0003423858302312144,0.00036050376066272603
17,1fa2e059fdc643e3b94c,pbc95,5,400,continuous,0.95,zero,superiority_power,0.3,0.05,0.0,1.0,10000,10000,True,4999,100000,power,unadjusted,refined_R_normal,original_R_normal,0.0019,0.00043549737748530665,19,0,-0.00034764268988754873,0.00036607829862534433
17,1fa2e059fdc643e3b94c,pbc95,5,400,continuous,0.95,zero,superiority_power,0.3,0.05,0.0,1.0,10000,10000,True,4999,100000,power,unadjusted,refined_CRT_data,original_CRT_data,0.0,0.0,0,0,-5.779999999999986e-06,6.339999999999982e-06
17,1fa2e059fdc643e3b94c,pbc95,5,400,continuous,0.95,zero,superiority_power,0.3,0.05,0.0,1.0,10000,10000,True,4999,100000,power,unadjusted,refined_R_lattice,original_R_lattice,0.0019,0.00043549737748530665,19,0,-0.00034764268988754873,0.00036607829862534433
17,1fa2e059fdc643e3b94c,pbc95,5,400,continuous,0.95,zero,superiority_power,0.3,0.05,0.0,1.0,10000,10000,True,4999,100000,power,unadjusted,refined_CRT_lattice,original_CRT_lattice,0.0012,0.00037399196114181366,13,1,-0.0003423858302312144,0.00036050376066272603
17,1fa2e059fdc643e3b94c,pbc95,5,400,continuous,0.95,zero,superiority_power,0.3,0.05,0.0,1.0,10000,10000,True,4999,100000,power,unadjusted,refined_CRT_noise,original_CRT_noise,0.0,0.0,0,0,-4.179999999999986e-06,4.939999999999989e-06
17,1fa2e059fdc643e3b94c,pbc95,5,400,continuous,0.95,zero,superiority_power,0.3,0.05,0.0,1.0,10000,10000,True,4999,100000,power,unadjusted,original_R_normal,RT,-0.0051,0.0013370032751552174,64,115,0.000522302241286081,0.003946934527381068
17,1fa2e059fdc643e3b94c,pbc95,5,400,continuous,0.95,zero,superiority_power,0.3,0.05,0.0,1.0,10000,10000,True,4999,100000,power,unadjusted,original_R_lattice,RT,-0.0051,0.0013370032751552174,64,115,0.000522302241286081,0.003946934527381068
17,1fa2e059fdc643e3b94c,pbc95,5,400,continuous,0.95,zero,superiority_power,0.3,0.05,0.0,1.0,10000,10000,True,4999,100000,power,unadjusted,original_CRT_lattice,original_CRT_data,-0.0051,0.0013219583039474952,62,113,0.0004949506393242928,0.0038293666561909226
17,1fa2e059fdc643e3b94c,pbc95,5,400,continuous,0.95,zero,superiority_power,0.3,0.05,0.0,1.0,10000,10000,True,4999,100000,power,unadjusted,original_S_normal,original_CRT_data,-0.0051,0.0013219583039474952,62,113,0.0004949506393242928,0.0038293666561909226
17,1fa2e059fdc643e3b94c,pbc95,5,400,continuous,0.95,zero,superiority_power,0.3,0.05,0.0,1.0,10000,10000,True,4999,100000,power,unadjusted,refined_R_normal,RT,-0.0032,0.001333849285111155,73,105,0.0001746595513985322,0.0039048322433425132
17,1fa2e059fdc643e3b94c,pbc95,5,400,continuous,0.95,zero,superiority_power,0.3,0.05,0.0,1.0,10000,10000,True,4999,100000,power,unadjusted,refined_R_lattice,RT,-0.0032,0.001333849285111155,73,105,0.0001746595513985322,0.0039048322433425132
17,1fa2e059fdc643e3b94c,pbc95,5,400,continuous,0.95,zero,superiority_power,0.3,0.05,0.0,1.0,10000,10000,True,4999,100000,power,unadjusted,refined_CRT_lattice,refined_CRT_data,-0.0039,0.001314782059957664,67,106,0.0001583448090930784,0.0037896729555737933
17,1fa2e059fdc643e3b94c,pbc95,5,400,continuous,0.95,zero,superiority_power,0.3,0.05,0.0,1.0,10000,10000,True,4999,100000,power,unadjusted,refined_S_normal,refined_CRT_data,-0.0039,0.001314782059957664,67,106,0.0001583448090930784,0.0037896729555737933
17,1fa2e059fdc643e3b94c,pbc95,5,400,continuous,0.95,zero,superiority_power,0.3,0.05,0.0,1.0,10000,10000,True,4999,100000,power,adjusted,refined_S_normal,original_S_normal,-0.0004,0.00019996999474891224,0,4,4.0807255897484115e-05,4.0807255897484115e-05
17,1fa2e059fdc643e3b94c,pbc95,5,400,continuous,0.95,zero,superiority_power,0.3,0.05,0.0,1.0,10000,10000,True,4999,100000,power,adjusted,refined_R_normal,original_R_normal,-0.0004,0.00019996999474891224,0,4,4.146280088958412e-05,4.146280088958412e-05
17,1fa2e059fdc643e3b94c,pbc95,5,400,continuous,0.95,zero,superiority_power,0.3,0.05,0.0,1.0,10000,10000,True,4999,100000,power,adjusted,refined_CRT_data,original_CRT_data,0.0,0.0,0,0,8.199999999999945e-07,8.599999999999957e-07
17,1fa2e059fdc643e3b94c,pbc95,5,400,continuous,0.95,zero,superiority_power,0.3,0.05,0.0,1.0,10000,10000,True,4999,100000,power,adjusted,refined_R_lattice,original_R_lattice,-0.0004,0.00019996999474891224,0,4,4.146280088958412e-05,4.146280088958412e-05
17,1fa2e059fdc643e3b94c,pbc95,5,400,continuous,0.95,zero,superiority_power,0.3,0.05,0.0,1.0,10000,10000,True,4999,100000,power,adjusted,refined_CRT_lattice,original_CRT_lattice,-0.0004,0.00019996999474891224,0,4,4.0807255897484115e-05,4.0807255897484115e-05
17,1fa2e059fdc643e3b94c,pbc95,5,400,continuous,0.95,zero,superiority_power,0.3,0.05,0.0,1.0,10000,10000,True,4999,100000,power,adjusted,refined_CRT_noise,original_CRT_noise,0.0,0.0,0,0,5.400000000000083e-07,6.20000000000005e-07
17,1fa2e059fdc643e3b94c,pbc95,5,400,continuous,0.95,zero,superiority_power,0.3,0.05,0.0,1.0,10000,10000,True,4999,100000,power,adjusted,original_R_normal,RT,-0.0021,0.0013303142386659474,78,99,0.00012944213282244804,0.003876938302176842
17,1fa2e059fdc643e3b94c,pbc95,5,400,continuous,0.95,zero,superiority_power,0.3,0.05,0.0,1.0,10000,10000,True,4999,100000,power,adjusted,original_R_lattice,RT,-0.0021,0.0013303142386659474,78,99,0.00012944213282244804,0.003876938302176842
17,1fa2e059fdc643e3b94c,pbc95,5,400,continuous,0.95,zero,superiority_power,0.3,0.05,0.0,1.0,10000,10000,True,4999,100000,power,adjusted,original_CRT_lattice,original_CRT_data,-0.002,0.001326565481835616,78,98,0.00011758131606426909,0.003755894106162834
17,1fa2e059fdc643e3b94c,pbc95,5,400,continuous,0.95,zero,superiority_power,0.3,0.05,0.0,1.0,10000,10000,True,4999,100000,power,adjusted,original_S_normal,original_CRT_data,-0.002,0.001326565481835616,78,98,0.00011758131606426909,0.003755894106162834
17,1fa2e059fdc643e3b94c,pbc95,5,400,continuous,0.95,zero,superiority_power,0.3,0.05,0.0,1.0,10000,10000,True,4999,100000,power,adjusted,refined_R_normal,RT,-0.0025,0.0013302450733588603,76,101,0.0001709049337120321,0.0038807728691057667
17,1fa2e059fdc643e3b94c,pbc95,5,400,continuous,0.95,zero,superiority_power,0.3,0.05,0.0,1.0,10000,10000,True,4999,100000,power,adjusted,refined_R_lattice,RT,-0.0025,0.0013302450733588603,76,101,0.0001709049337120321,0.0038807728691057667
17,1fa2e059fdc643e3b94c,pbc95,5,400,continuous,0.95,zero,superiority_power,0.3,0.05,0.0,1.0,10000,10000,True,4999,100000,power,adjusted,refined_CRT_lattice,refined_CRT_data,-0.0024,0.0013189381940773342,75,99,0.00015756857196175318,0.003759323913602797
17,1fa2e059fdc643e3b94c,pbc95,5,400,continuous,0.95,zero,superiority_power,0.3,0.05,0.0,1.0,10000,10000,True,4999,100000,power,adjusted,refined_S_normal,refined_CRT_data,-0.0024,0.0013189381940773342,75,99,0.00015756857196175318,0.003759323913602797
18,57b5c95f239273496f29,pbc95,5,400,continuous,0.95,first_factor,superiority_null,0.0,0.05,0.5,1.0,100000,100000,True,4999,100000,type1,unadjusted,refined_S_normal,original_S_normal,0.0016,0.0001263905049661463,160,0,-0.0020119510312675308,0.0020401200791420183
18,57b5c95f239273496f29,pbc95,5,400,continuous,0.95,first_factor,superiority_null,0.0,0.05,0.5,1.0,100000,100000,True,4999,100000,type1,unadjusted,refined_R_normal,original_R_normal,0.00149,0.0001219751932955131,149,0,-0.0019946322896605704,0.002022536768709565
18,57b5c95f239273496f29,pbc95,5,400,continuous,0.95,first_factor,superiority_null,0.0,0.05,0.5,1.0,100000,100000,True,4999,100000,type1,unadjusted,refined_CRT_data,original_CRT_data,2e-05,1.4142064912168937e-05,2,0,-2.0029999999999942e-05,2.339399999999996e-05
18,57b5c95f239273496f29,pbc95,5,400,continuous,0.95,first_factor,superiority_null,0.0,0.05,0.5,1.0,100000,100000,True,4999,100000,type1,unadjusted,refined_R_lattice,original_R_lattice,0.00149,0.0001219751932955131,149,0,-0.0019946322896605704,0.002022536768709565
18,57b5c95f239273496f29,pbc95,5,400,continuous,0.95,first_factor,superiority_null,0.0,0.05,0.5,1.0,100000,100000,True,4999,100000,type1,unadjusted,refined_CRT_lattice,original_CRT_lattice,0.0016,0.0001263905049661463,160,0,-0.0020119510312675308,0.0020401200791420183
18,57b5c95f239273496f29,pbc95,5,400,continuous,0.95,first_factor,superiority_null,0.0,0.05,0.5,1.0,100000,100000,True,4999,100000,type1,unadjusted,refined_CRT_noise,original_CRT_noise,4e-05,1.999969999474989e-05,4,0,-1.0902000000000007e-05,1.866199999999998e-05
18,57b5c95f239273496f29,pbc95,5,400,continuous,0.95,first_factor,superiority_null,0.0,0.05,0.5,1.0,100000,100000,True,4999,100000,type1,unadjusted,original_R_normal,RT,-0.00297,0.00029767881538122804,295,592,0.002361888393720699,0.012563116462180985
18,57b5c95f239273496f29,pbc95,5,400,continuous,0.95,first_factor,superiority_null,0.0,0.05,0.5,1.0,100000,100000,True,4999,100000,type1,unadjusted,original_R_lattice,RT,-0.00297,0.00029767881538122804,295,592,0.002361888393720699,0.012563116462180985
18,57b5c95f239273496f29,pbc95,5,400,continuous,0.95,first_factor,superiority_null,0.0,0.05,0.5,1.0,100000,100000,True,4999,100000,type1,unadjusted,original_CRT_lattice,original_CRT_data,-0.00306,0.0003001787218852308,298,604,0.00235528979125525,0.012545074820947175
18,57b5c95f239273496f29,pbc95,5,400,continuous,0.95,first_factor,superiority_null,0.0,0.05,0.5,1.0,100000,100000,True,4999,100000,type1,unadjusted,original_S_normal,original_CRT_data,-0.00306,0.0003001787218852308,298,604,0.00235528979125525,0.012545074820947175
18,57b5c95f239273496f29,pbc95,5,400,continuous,0.95,first_factor,superiority_null,0.0,0.05,0.5,1.0,100000,100000,True,4999,100000,type1,unadjusted,refined_R_normal,RT,-0.00148,0.00029424303184547615,359,507,0.0003672561040601288,0.012333833287219454
18,57b5c95f239273496f29,pbc95,5,400,continuous,0.95,first_factor,superiority_null,0.0,0.05,0.5,1.0,100000,100000,True,4999,100000,type1,unadjusted,refined_R_lattice,RT,-0.00148,0.00029424303184547615,359,507,0.0003672561040601288,0.012333833287219454
18,57b5c95f239273496f29,pbc95,5,400,continuous,0.95,first_factor,superiority_null,0.0,0.05,0.5,1.0,100000,100000,True,4999,100000,type1,unadjusted,refined_CRT_lattice,refined_CRT_data,-0.00148,0.0002959374457376388,364,512,0.0003633687599877192,0.012317008277365545
18,57b5c95f239273496f29,pbc95,5,400,continuous,0.95,first_factor,superiority_null,0.0,0.05,0.5,1.0,100000,100000,True,4999,100000,type1,unadjusted,refined_S_normal,refined_CRT_data,-0.00148,0.0002959374457376388,364,512,0.0003633687599877192,0.012317008277365545
18,57b5c95f239273496f29,pbc95,5,400,continuous,0.95,first_factor,superiority_null,0.0,0.05,0.5,1.0,100000,100000,True,4999,100000,type1,adjusted,refined_S_normal,original_S_normal,-9e-05,2.9998799963998438e-05,0,9,0.00013367350925160804,0.00013367350925160804
18,57b5c95f239273496f29,pbc95,5,400,continuous,0.95,first_factor,superiority_null,0.0,0.05,0.5,1.0,100000,100000,True,4999,100000,type1,adjusted,refined_R_normal,original_R_normal,-0.0001,3.1621353530486184e-05,0,10,0.00013249790539601435,0.00013249790539601435
18,57b5c95f239273496f29,pbc95,5,400,continuous,0.95,first_factor,superiority_null,0.0,0.05,0.5,1.0,100000,100000,True,4999,100000,type1,adjusted,refined_CRT_data,original_CRT_data,0.0,0.0,0,0,1.3800000000000236e-06,1.5520000000000147e-06
18,57b5c95f239273496f29,pbc95,5,400,continuous,0.95,first_factor,superiority_null,0.0,0.05,0.5,1.0,100000,100000,True,4999,100000,type1,adjusted,refined_R_lattice,original_R_lattice,-0.0001,3.1621353530486184e-05,0,10,0.00013249790539601435,0.00013249790539601435
18,57b5c95f239273496f29,pbc95,5,400,continuous,0.95,first_factor,superiority_null,0.0,0.05,0.5,1.0,100000,100000,True,4999,100000,type1,adjusted,refined_CRT_lattice,original_CRT_lattice,-9e-05,2.9998799963998438e-05,0,9,0.00013367350925160804,0.00013367350925160804
18,57b5c95f239273496f29,pbc95,5,400,continuous,0.95,first_factor,superiority_null,0.0,0.05,0.5,1.0,100000,100000,True,4999,100000,type1,adjusted,refined_CRT_noise,original_CRT_noise,0.0,0.0,0,0,7.180000000000006e-07,1.2179999999999962e-06
18,57b5c95f239273496f29,pbc95,5,400,continuous,0.95,first_factor,superiority_null,0.0,0.05,0.5,1.0,100000,100000,True,4999,100000,type1,adjusted,original_R_normal,RT,-0.00166,0.00029047080358080273,339,505,0.0002542749178722213,0.012368766715687143
18,57b5c95f239273496f29,pbc95,5,400,continuous,0.95,first_factor,superiority_null,0.0,0.05,0.5,1.0,100000,100000,True,4999,100000,type1,adjusted,original_R_lattice,RT,-0.00166,0.00029047080358080273,339,505,0.0002542749178722213,0.012368766715687143
18,57b5c95f239273496f29,pbc95,5,400,continuous,0.95,first_factor,superiority_null,0.0,0.05,0.5,1.0,100000,100000,True,4999,100000,type1,adjusted,original_CRT_lattice,original_CRT_data,-0.0019,0.0002979342001984272,349,539,0.00025526221221342345,0.012346829693470144
18,57b5c95f239273496f29,pbc95,5,400,continuous,0.95,first_factor,superiority_null,0.0,0.05,0.5,1.0,100000,100000,True,4999,100000,type1,adjusted,original_S_normal,original_CRT_data,-0.0019,0.0002979342001984272,349,539,0.00025526221221342345,0.012346829693470144
18,57b5c95f239273496f29,pbc95,5,400,continuous,0.95,first_factor,superiority_null,0.0,0.05,0.5,1.0,100000,100000,True,4999,100000,type1,adjusted,refined_R_normal,RT,-0.00176,0.00029115266046992764,336,512,0.0003867728232682356,0.012374353682530873
18,57b5c95f239273496f29,pbc95,5,400,continuous,0.95,first_factor,superiority_null,0.0,0.05,0.5,1.0,100000,100000,True,4999,100000,type1,adjusted,refined_R_lattice,RT,-0.00176,0.00029115266046992764,336,512,0.0003867728232682356,0.012374353682530873
18,57b5c95f239273496f29,pbc95,5,400,continuous,0.95,first_factor,superiority_null,0.0,0.05,0.5,1.0,100000,100000,True,4999,100000,type1,adjusted,refined_CRT_lattice,refined_CRT_data,-0.00199,0.000298431381749467,346,545,0.0003875557214650314,0.012352405581783996
18,57b5c95f239273496f29,pbc95,5,400,continuous,0.95,first_factor,superiority_null,0.0,0.05,0.5,1.0,100000,100000,True,4999,100000,type1,adjusted,refined_S_normal,refined_CRT_data,-0.00199,0.000298431381749467,346,545,0.0003875557214650314,0.012352405581783996
19,1003f28ccd9d6ccfe91c,pbc95,5,400,continuous,0.95,first_factor,superiority_power,0.3,0.05,0.5,1.0,10000,10000,True,4999,100000,power,unadjusted,refined_S_normal,original_S_normal,0.0035,0.0005906012876620731,35,0,-0.0006655694473487221,0.0006756741162524418
19,1003f28ccd9d6ccfe91c,pbc95,5,400,continuous,0.95,first_factor,superiority_power,0.3,0.05,0.5,1.0,10000,10000,True,4999,100000,power,unadjusted,refined_R_normal,original_R_normal,0.0031,0.0005736478947845264,32,1,-0.0006755102205576693,0.0006858094564168675
19,1003f28ccd9d6ccfe91c,pbc95,5,400,continuous,0.95,first_factor,superiority_power,0.3,0.05,0.5,1.0,10000,10000,True,4999,100000,power,unadjusted,refined_CRT_data,original_CRT_data,0.0001,0.00010000000000000002,1,0,-1.2479999999999989e-05,1.3040000000000002e-05
19,1003f28ccd9d6ccfe91c,pbc95,5,400,continuous,0.95,first_factor,superiority_power,0.3,0.05,0.5,1.0,10000,10000,True,4999,100000,power,unadjusted,refined_R_lattice,original_R_lattice,0.0031,0.0005736478947845264,32,1,-0.0006755102205576693,0.0006858094564168675
19,1003f28ccd9d6ccfe91c,pbc95,5,400,continuous,0.95,first_factor,superiority_power,0.3,0.05,0.5,1.0,10000,10000,True,4999,100000,power,unadjusted,refined_CRT_lattice,original_CRT_lattice,0.0035,0.0005906012876620731,35,0,-0.0006655694473487221,0.0006756741162524418
19,1003f28ccd9d6ccfe91c,pbc95,5,400,continuous,0.95,first_factor,superiority_power,0.3,0.05,0.5,1.0,10000,10000,True,4999,100000,power,unadjusted,refined_CRT_noise,original_CRT_noise,0.0,0.0,0,0,-1.0799999999999991e-05,1.1600000000000008e-05
19,1003f28ccd9d6ccfe91c,pbc95,5,400,continuous,0.95,first_factor,superiority_power,0.3,0.05,0.5,1.0,10000,10000,True,4999,100000,power,unadjusted,original_R_normal,RT,-0.0042,0.0015226515841730434,95,137,0.0008488575416455694,0.004211833689283787
19,1003f28ccd9d6ccfe91c,pbc95,5,400,continuous,0.95,first_factor,superiority_power,0.3,0.05,0.5,1.0,10000,10000,True,4999,100000,power,unadjusted,original_R_lattice,RT,-0.0042,0.0015226515841730434,95,137,0.0008488575416455694,0.004211833689283787
19,1003f28ccd9d6ccfe91c,pbc95,5,400,continuous,0.95,first_factor,superiority_power,0.3,0.05,0.5,1.0,10000,10000,True,4999,100000,power,unadjusted,original_CRT_lattice,original_CRT_data,-0.0041,0.0014520777709838058,85,126,0.0007980685263258378,0.004064116691457095
19,1003f28ccd9d6ccfe91c,pbc95,5,400,continuous,0.95,first_factor,superiority_power,0.3,0.05,0.5,1.0,10000,10000,True,4999,100000,power,unadjusted,original_S_normal,original_CRT_data,-0.0041,0.0014520777709838058,85,126,0.0007980685263258378,0.004064116691457095
19,1003f28ccd9d6ccfe91c,pbc95,5,400,continuous,0.95,first_factor,superiority_power,0.3,0.05,0.5,1.0,10000,10000,True,4999,100000,power,unadjusted,refined_R_normal,RT,-0.0011,0.001486640511354712,105,116,0.00017334732108790013,0.004099261844763316
19,1003f28ccd9d6ccfe91c,pbc95,5,400,continuous,0.95,first_factor,superiority_power,0.3,0.05,0.5,1.0,10000,10000,True,4999,100000,power,unadjusted,refined_R_lattice,RT,-0.0011,0.001486640511354712,105,116,0.00017334732108790013,0.004099261844763316
19,1003f28ccd9d6ccfe91c,pbc95,5,400,continuous,0.95,first_factor,superiority_power,0.3,0.05,0.5,1.0,10000,10000,True,4999,100000,power,unadjusted,refined_CRT_lattice,refined_CRT_data,-0.0007,0.001438804370233,100,107,0.0001449790789771158,0.003957112059618725
19,1003f28ccd9d6ccfe91c,pbc95,5,400,continuous,0.95,first_factor,superiority_power,0.3,0.05,0.5,1.0,10000,10000,True,4999,100000,power,unadjusted,refined_S_normal,refined_CRT_data,-0.0007,0.001438804370233,100,107,0.0001449790789771158,0.003957112059618725
19,1003f28ccd9d6ccfe91c,pbc95,5,400,continuous,0.95,first_factor,superiority_power,0.3,0.05,0.5,1.0,10000,10000,True,4999,100000,power,adjusted,refined_S_normal,original_S_normal,-0.0001,0.0001,0,1,4.38008433173905e-05,4.38008433173905e-05
19,1003f28ccd9d6ccfe91c,pbc95,5,400,continuous,0.95,first_factor,superiority_power,0.3,0.05,0.5,1.0,10000,10000,True,4999,100000,power,adjusted,refined_R_normal,original_R_normal,-0.0001,0.00010000000000000003,0,1,4.448654157288111e-05,4.448654157288111e-05
19,1003f28ccd9d6ccfe91c,pbc95,5,400,continuous,0.95,first_factor,superiority_power,0.3,0.05,0.5,1.0,10000,10000,True,4999,100000,power,adjusted,refined_CRT_data,original_CRT_data,0.0,0.0,0,0,8.400000000000071e-07,9.200000000000204e-07
19,1003f28ccd9d6ccfe91c,pbc95,5,400,continuous,0.95,first_factor,superiority_power,0.3,0.05,0.5,1.0,10000,10000,True,4999,100000,power,adjusted,refined_R_lattice,original_R_lattice,-0.0001,0.00010000000000000003,0,1,4.448654157288111e-05,4.448654157288111e-05
19,1003f28ccd9d6ccfe91c,pbc95,5,400,continuous,0.95,first_factor,superiority_power,0.3,0.05,0.5,1.0,10000,10000,True,4999,100000,power,adjusted,refined_CRT_lattice,original_CRT_lattice,-0.0001,0.0001,0,1,4.38008433173905e-05,4.38008433173905e-05
19,1003f28ccd9d6ccfe91c,pbc95,5,400,continuous,0.95,first_factor,superiority_power,0.3,0.05,0.5,1.0,10000,10000,True,4999,100000,power,adjusted,refined_CRT_noise,original_CRT_noise,0.0,0.0,0,0,6.999999999999969e-07,7.399999999999966e-07
19,1003f28ccd9d6ccfe91c,pbc95,5,400,continuous,0.95,first_factor,superiority_power,0.3,0.05,0.5,1.0,10000,10000,True,4999,100000,power,adjusted,original_R_normal,RT,-0.0004,0.0014629415640421118,105,109,0.00011651637277594005,0.0040537366322582835
19,1003f28ccd9d6ccfe91c,pbc95,5,400,continuous,0.95,first_factor,superiority_power,0.3,0.05,0.5,1.0,10000,10000,True,4999,100000,power,adjusted,original_R_lattice,RT,-0.0004,0.0014629415640421118,105,109,0.00011651637277594005,0.0040537366322582835
19,1003f28ccd9d6ccfe91c,pbc95,5,400,continuous,0.95,first_factor,superiority_power,0.3,0.05,0.5,1.0,10000,10000,True,4999,100000,power,adjusted,original_CRT_lattice,original_CRT_data,0.0004,0.0014283515039379769,104,100,9.79525387788742e-05,0.003907745615741972
19,1003f28ccd9d6ccfe91c,pbc95,5,400,continuous,0.95,first_factor,superiority_power,0.3,0.05,0.5,1.0,10000,10000,True,4999,100000,power,adjusted,original_S_normal,original_CRT_data,0.0004,0.0014283515039379769,104,100,9.79525387788742e-05,0.003907745615741972
19,1003f28ccd9d6ccfe91c,pbc95,5,400,continuous,0.95,first_factor,superiority_power,0.3,0.05,0.5,1.0,10000,10000,True,4999,100000,power,adjusted,refined_R_normal,RT,-0.0005,0.0014595163646913593,104,109,0.00016100291434882115,0.004058402994083586
19,1003f28ccd9d6ccfe91c,pbc95,5,400,continuous,0.95,first_factor,superiority_power,0.3,0.05,0.5,1.0,10000,10000,True,4999,100000,power,adjusted,refined_R_lattice,RT,-0.0005,0.0014595163646913593,104,109,0.00016100291434882115,0.004058402994083586
19,1003f28ccd9d6ccfe91c,pbc95,5,400,continuous,0.95,first_factor,superiority_power,0.3,0.05,0.5,1.0,10000,10000,True,4999,100000,power,adjusted,refined_CRT_lattice,refined_CRT_data,0.0003,0.0014248487707128569,103,100,0.0001409133820962647,0.003912585778235945
19,1003f28ccd9d6ccfe91c,pbc95,5,400,continuous,0.95,first_factor,superiority_power,0.3,0.05,0.5,1.0,10000,10000,True,4999,100000,power,adjusted,refined_S_normal,refined_CRT_data,0.0003,0.0014248487707128569,103,100,0.0001409133820962647,0.003912585778235945
