index,id,group,F,n,outcome,pbc,direction,role,delta,alpha,actual_amplitude,feasibility_scale,n_trials,expected_trials,complete,reference_draws,calibration_replicates,evaluation,score,method,rejections,rate,mcse,ci_lower,ci_upper,difference_from_nominal,note
0,59f8251990b2676ad583,controls,2,200,continuous,0.8,zero,superiority_null,0.0,0.05,0.0,1.0,100000,100000,True,4999,100000,type1,unadjusted,RT,5057,0.05057,0.0006929117916445065,0.049229098205330044,0.05194542980504635,0.0005699999999999941,null rejection probability
0,59f8251990b2676ad583,controls,2,200,continuous,0.8,zero,superiority_null,0.0,0.05,0.0,1.0,100000,100000,True,4999,100000,type1,unadjusted,original_S_normal,5061,0.05061,0.0006931711758288858,0.04926858835549025,0.051985936581837144,0.0006099999999999994,null rejection probability
0,59f8251990b2676ad583,controls,2,200,continuous,0.8,zero,superiority_null,0.0,0.05,0.0,1.0,100000,100000,True,4999,100000,type1,unadjusted,refined_S_normal,5064,0.05064,0.000693365635144979,0.04929820612255276,0.05201631650998788,0.0006399999999999947,null rejection probability
0,59f8251990b2676ad583,controls,2,200,continuous,0.8,zero,superiority_null,0.0,0.05,0.0,1.0,100000,100000,True,4999,100000,type1,unadjusted,original_R_normal,4992,0.04992,0.0006886798501480932,0.048587416473674254,0.051287161473748503,-8.000000000000368e-05,null rejection probability
0,59f8251990b2676ad583,controls,2,200,continuous,0.8,zero,superiority_null,0.0,0.05,0.0,1.0,100000,100000,True,4999,100000,type1,unadjusted,refined_R_normal,4999,0.04999,0.0006891371409233433,0.04865651763640037,0.051358054933186625,-1.0000000000003062e-05,null rejection probability
0,59f8251990b2676ad583,controls,2,200,continuous,0.8,zero,superiority_null,0.0,0.05,0.0,1.0,100000,100000,True,4999,100000,type1,unadjusted,original_CRT_data,5119,0.05119,0.0006969188180842873,0.049841221844166624,0.052573258533950167,0.0011899999999999966,null rejection probability
0,59f8251990b2676ad583,controls,2,200,continuous,0.8,zero,superiority_null,0.0,0.05,0.0,1.0,100000,100000,True,4999,100000,type1,unadjusted,refined_CRT_data,5119,0.05119,0.0006969188180842873,0.049841221844166624,0.052573258533950167,0.0011899999999999966,null rejection probability
0,59f8251990b2676ad583,controls,2,200,continuous,0.8,zero,superiority_null,0.0,0.05,0.0,1.0,100000,100000,True,4999,100000,type1,unadjusted,original_R_lattice,4992,0.04992,0.0006886798501480932,0.048587416473674254,0.051287161473748503,-8.000000000000368e-05,null rejection probability
0,59f8251990b2676ad583,controls,2,200,continuous,0.8,zero,superiority_null,0.0,0.05,0.0,1.0,100000,100000,True,4999,100000,type1,unadjusted,refined_R_lattice,4999,0.04999,0.0006891371409233433,0.04865651763640037,0.051358054933186625,-1.0000000000003062e-05,null rejection probability
0,59f8251990b2676ad583,controls,2,200,continuous,0.8,zero,superiority_null,0.0,0.05,0.0,1.0,100000,100000,True,4999,100000,type1,unadjusted,original_CRT_lattice,5061,0.05061,0.0006931711758288858,0.04926858835549025,0.051985936581837144,0.0006099999999999994,null rejection probability
0,59f8251990b2676ad583,controls,2,200,continuous,0.8,zero,superiority_null,0.0,0.05,0.0,1.0,100000,100000,True,4999,100000,type1,unadjusted,refined_CRT_lattice,5064,0.05064,0.000693365635144979,0.04929820612255276,0.05201631650998788,0.0006399999999999947,null rejection probability
0,59f8251990b2676ad583,controls,2,200,continuous,0.8,zero,superiority_null,0.0,0.05,0.0,1.0,100000,100000,True,4999,100000,type1,unadjusted,original_CRT_noise,5088,0.05088,0.0006949188844750156,0.04953515301093283,0.05225935118331377,0.0008799999999999988,null rejection probability
0,59f8251990b2676ad583,controls,2,200,continuous,0.8,zero,superiority_null,0.0,0.05,0.0,1.0,100000,100000,True,4999,100000,type1,unadjusted,refined_CRT_noise,5088,0.05088,0.0006949188844750156,0.04953515301093283,0.05225935118331377,0.0008799999999999988,null rejection probability
0,59f8251990b2676ad583,controls,2,200,continuous,0.8,zero,superiority_null,0.0,0.05,0.0,1.0,100000,100000,True,4999,100000,type1,adjusted,RT,5037,0.05037,0.0006916130645093396,0.04903165099357901,0.051742892382042424,0.00036999999999999533,null rejection probability
0,59f8251990b2676ad583,controls,2,200,continuous,0.8,zero,superiority_null,0.0,0.05,0.0,1.0,100000,100000,True,4999,100000,type1,adjusted,original_S_normal,5057,0.05057,0.0006929117916445065,0.049229098205330044,0.05194542980504635,0.0005699999999999941,null rejection probability
0,59f8251990b2676ad583,controls,2,200,continuous,0.8,zero,superiority_null,0.0,0.05,0.0,1.0,100000,100000,True,4999,100000,type1,adjusted,refined_S_normal,5057,0.05057,0.0006929117916445065,0.049229098205330044,0.05194542980504635,0.0005699999999999941,null rejection probability
0,59f8251990b2676ad583,controls,2,200,continuous,0.8,zero,superiority_null,0.0,0.05,0.0,1.0,100000,100000,True,4999,100000,type1,adjusted,original_R_normal,4997,0.04997,0.0006890065246425465,0.04863677437215039,0.05133779973396112,-3.0000000000002247e-05,null rejection probability
0,59f8251990b2676ad583,controls,2,200,continuous,0.8,zero,superiority_null,0.0,0.05,0.0,1.0,100000,100000,True,4999,100000,type1,adjusted,refined_R_normal,4993,0.04993,0.0006887452003462529,0.04859728802339257,0.051297289155767936,-7.000000000000062e-05,null rejection probability
0,59f8251990b2676ad583,controls,2,200,continuous,0.8,zero,superiority_null,0.0,0.05,0.0,1.0,100000,100000,True,4999,100000,type1,adjusted,original_CRT_data,5106,0.05106,0.000696081003906873,0.04971286869789757,0.052441621667628495,0.0010599999999999984,null rejection probability
0,59f8251990b2676ad583,controls,2,200,continuous,0.8,zero,superiority_null,0.0,0.05,0.0,1.0,100000,100000,True,4999,100000,type1,adjusted,refined_CRT_data,5106,0.05106,0.000696081003906873,0.04971286869789757,0.052441621667628495,0.0010599999999999984,null rejection probability
0,59f8251990b2676ad583,controls,2,200,continuous,0.8,zero,superiority_null,0.0,0.05,0.0,1.0,100000,100000,True,4999,100000,type1,adjusted,original_R_lattice,4997,0.04997,0.0006890065246425465,0.04863677437215039,0.05133779973396112,-3.0000000000002247e-05,null rejection probability
0,59f8251990b2676ad583,controls,2,200,continuous,0.8,zero,superiority_null,0.0,0.05,0.0,1.0,100000,100000,True,4999,100000,type1,adjusted,refined_R_lattice,4993,0.04993,0.0006887452003462529,0.04859728802339257,0.051297289155767936,-7.000000000000062e-05,null rejection probability
0,59f8251990b2676ad583,controls,2,200,continuous,0.8,zero,superiority_null,0.0,0.05,0.0,1.0,100000,100000,True,4999,100000,type1,adjusted,original_CRT_lattice,5057,0.05057,0.0006929117916445065,0.049229098205330044,0.05194542980504635,0.0005699999999999941,null rejection probability
0,59f8251990b2676ad583,controls,2,200,continuous,0.8,zero,superiority_null,0.0,0.05,0.0,1.0,100000,100000,True,4999,100000,type1,adjusted,refined_CRT_lattice,5057,0.05057,0.0006929117916445065,0.049229098205330044,0.05194542980504635,0.0005699999999999941,null rejection probability
0,59f8251990b2676ad583,controls,2,200,continuous,0.8,zero,superiority_null,0.0,0.05,0.0,1.0,100000,100000,True,4999,100000,type1,adjusted,original_CRT_noise,5077,0.05077,0.0006942075129239095,0.049426551306682935,0.052147961338448436,0.0007699999999999999,null rejection probability
0,59f8251990b2676ad583,controls,2,200,continuous,0.8,zero,superiority_null,0.0,0.05,0.0,1.0,100000,100000,True,4999,100000,type1,adjusted,refined_CRT_noise,5077,0.05077,0.0006942075129239095,0.049426551306682935,0.052147961338448436,0.0007699999999999999,null rejection probability
1,0861480876ebbd1accb9,controls,2,200,binary,0.8,zero,superiority_null,0.0,0.05,0.0,1.0,100000,100000,True,4999,100000,type1,unadjusted,RT,4235,0.04235,0.0006368396776269519,0.04111929710701464,0.04361586241493263,-0.007650000000000004,null rejection probability
1,0861480876ebbd1accb9,controls,2,200,binary,0.8,zero,superiority_null,0.0,0.05,0.0,1.0,100000,100000,True,4999,100000,type1,unadjusted,original_S_normal,5026,0.05026,0.0006908974771990415,0.048923057549586764,0.05163149427691944,0.00025999999999999635,null rejection probability
1,0861480876ebbd1accb9,controls,2,200,binary,0.8,zero,superiority_null,0.0,0.05,0.0,1.0,100000,100000,True,4999,100000,type1,unadjusted,refined_S_normal,5025,0.05025,0.000690832378366851,0.04891318550734933,0.05162136708741913,0.0002500000000000002,null rejection probability
1,0861480876ebbd1accb9,controls,2,200,binary,0.8,zero,superiority_null,0.0,0.05,0.0,1.0,100000,100000,True,4999,100000,type1,unadjusted,original_R_normal,5007,0.05007,0.0006896593006695407,0.04873549129174679,0.051439075131742194,7.000000000000062e-05,null rejection probability
1,0861480876ebbd1accb9,controls,2,200,binary,0.8,zero,superiority_null,0.0,0.05,0.0,1.0,100000,100000,True,4999,100000,type1,unadjusted,refined_R_normal,5006,0.05006,0.000689594057398989,0.04872561953251777,0.05142894765923347,5.9999999999997555e-05,null rejection probability
1,0861480876ebbd1accb9,controls,2,200,binary,0.8,zero,superiority_null,0.0,0.05,0.0,1.0,100000,100000,True,4999,100000,type1,unadjusted,original_CRT_data,4236,0.04236,0.0006369115354584183,0.041129155906201496,0.04362600284748352,-0.007640000000000001,null rejection probability
1,0861480876ebbd1accb9,controls,2,200,binary,0.8,zero,superiority_null,0.0,0.05,0.0,1.0,100000,100000,True,4999,100000,type1,unadjusted,refined_CRT_data,4236,0.04236,0.0006369115354584183,0.041129155906201496,0.04362600284748352,-0.007640000000000001,null rejection probability
1,0861480876ebbd1accb9,controls,2,200,binary,0.8,zero,superiority_null,0.0,0.05,0.0,1.0,100000,100000,True,4999,100000,type1,unadjusted,original_R_lattice,4016,0.04016,0.0006208637080712642,0.03896068855198661,0.04139463921939377,-0.009840000000000002,null rejection probability
1,0861480876ebbd1accb9,controls,2,200,binary,0.8,zero,superiority_null,0.0,0.05,0.0,1.0,100000,100000,True,4999,100000,type1,unadjusted,refined_R_lattice,4015,0.04015,0.0006207896382833721,0.03895083408657532,0.0413844944530673,-0.009850000000000005,null rejection probability
1,0861480876ebbd1accb9,controls,2,200,binary,0.8,zero,superiority_null,0.0,0.05,0.0,1.0,100000,100000,True,4999,100000,type1,unadjusted,original_CRT_lattice,4017,0.04017,0.0006209377674131281,0.03897054303786408,0.041404783965254044,-0.009830000000000005,null rejection probability
1,0861480876ebbd1accb9,controls,2,200,binary,0.8,zero,superiority_null,0.0,0.05,0.0,1.0,100000,100000,True,4999,100000,type1,unadjusted,refined_CRT_lattice,4016,0.04016,0.0006208637080712642,0.03896068855198661,0.04139463921939377,-0.009840000000000002,null rejection probability
1,0861480876ebbd1accb9,controls,2,200,binary,0.8,zero,superiority_null,0.0,0.05,0.0,1.0,100000,100000,True,4999,100000,type1,unadjusted,original_CRT_noise,4235,0.04235,0.0006368396776269519,0.04111929710701464,0.04361586241493263,-0.007650000000000004,null rejection probability
1,0861480876ebbd1accb9,controls,2,200,binary,0.8,zero,superiority_null,0.0,0.05,0.0,1.0,100000,100000,True,4999,100000,type1,unadjusted,refined_CRT_noise,4235,0.04235,0.0006368396776269519,0.04111929710701464,0.04361586241493263,-0.007650000000000004,null rejection probability
1,0861480876ebbd1accb9,controls,2,200,binary,0.8,zero,superiority_null,0.0,0.05,0.0,1.0,100000,100000,True,4999,100000,type1,adjusted,RT,4826,0.04826,0.0006777239290448582,0.04694895041660425,0.049605755062352284,-0.0017400000000000054,null rejection probability
1,0861480876ebbd1accb9,controls,2,200,binary,0.8,zero,superiority_null,0.0,0.05,0.0,1.0,100000,100000,True,4999,100000,type1,adjusted,original_S_normal,5001,0.05001,0.0006892677266490866,0.048676260960519004,0.05137831007254349,9.999999999996123e-06,null rejection probability
1,0861480876ebbd1accb9,controls,2,200,binary,0.8,zero,superiority_null,0.0,0.05,0.0,1.0,100000,100000,True,4999,100000,type1,adjusted,refined_S_normal,5001,0.05001,0.0006892677266490866,0.048676260960519004,0.05137831007254349,9.999999999996123e-06,null rejection probability
1,0861480876ebbd1accb9,controls,2,200,binary,0.8,zero,superiority_null,0.0,0.05,0.0,1.0,100000,100000,True,4999,100000,type1,adjusted,original_R_normal,4969,0.04969,0.0006871746786662035,0.048360374977986634,0.05105422063946791,-0.0003100000000000047,null rejection probability
1,0861480876ebbd1accb9,controls,2,200,binary,0.8,zero,superiority_null,0.0,0.05,0.0,1.0,100000,100000,True,4999,100000,type1,adjusted,refined_R_normal,4969,0.04969,0.0006871746786662035,0.048360374977986634,0.05105422063946791,-0.0003100000000000047,null rejection probability
1,0861480876ebbd1accb9,controls,2,200,binary,0.8,zero,superiority_null,0.0,0.05,0.0,1.0,100000,100000,True,4999,100000,type1,adjusted,original_CRT_data,4903,0.04903,0.0006828327694245495,0.0477089091187804,0.05038573720398274,-0.0009700000000000056,null rejection probability
1,0861480876ebbd1accb9,controls,2,200,binary,0.8,zero,superiority_null,0.0,0.05,0.0,1.0,100000,100000,True,4999,100000,type1,adjusted,refined_CRT_data,4903,0.04903,0.0006828327694245495,0.0477089091187804,0.05038573720398274,-0.0009700000000000056,null rejection probability
1,0861480876ebbd1accb9,controls,2,200,binary,0.8,zero,superiority_null,0.0,0.05,0.0,1.0,100000,100000,True,4999,100000,type1,adjusted,original_R_lattice,4969,0.04969,0.0006871746786662035,0.048360374977986634,0.05105422063946791,-0.0003100000000000047,null rejection probability
1,0861480876ebbd1accb9,controls,2,200,binary,0.8,zero,superiority_null,0.0,0.05,0.0,1.0,100000,100000,True,4999,100000,type1,adjusted,refined_R_lattice,4969,0.04969,0.0006871746786662035,0.048360374977986634,0.05105422063946791,-0.0003100000000000047,null rejection probability
1,0861480876ebbd1accb9,controls,2,200,binary,0.8,zero,superiority_null,0.0,0.05,0.0,1.0,100000,100000,True,4999,100000,type1,adjusted,original_CRT_lattice,5001,0.05001,0.0006892677266490866,0.048676260960519004,0.05137831007254349,9.999999999996123e-06,null rejection probability
1,0861480876ebbd1accb9,controls,2,200,binary,0.8,zero,superiority_null,0.0,0.05,0.0,1.0,100000,100000,True,4999,100000,type1,adjusted,refined_CRT_lattice,5001,0.05001,0.0006892677266490866,0.048676260960519004,0.05137831007254349,9.999999999996123e-06,null rejection probability
1,0861480876ebbd1accb9,controls,2,200,binary,0.8,zero,superiority_null,0.0,0.05,0.0,1.0,100000,100000,True,4999,100000,type1,adjusted,original_CRT_noise,4875,0.04875,0.0006809804512612679,0.047432549837049726,0.05010211799705648,-0.0012500000000000011,null rejection probability
1,0861480876ebbd1accb9,controls,2,200,binary,0.8,zero,superiority_null,0.0,0.05,0.0,1.0,100000,100000,True,4999,100000,type1,adjusted,refined_CRT_noise,4875,0.04875,0.0006809804512612679,0.047432549837049726,0.05010211799705648,-0.0012500000000000011,null rejection probability
2,cb400cec395cd0bf412e,controls,5,400,continuous,0.8,zero,superiority_null,0.0,0.05,0.0,1.0,100000,100000,True,4999,100000,type1,unadjusted,RT,4963,0.04963,0.0006867813560369851,0.048301148072926965,0.050993452154101095,-0.00037000000000000227,null rejection probability
2,cb400cec395cd0bf412e,controls,5,400,continuous,0.8,zero,superiority_null,0.0,0.05,0.0,1.0,100000,100000,True,4999,100000,type1,unadjusted,original_S_normal,4881,0.04881,0.0006813778973521228,0.04749176866276042,0.05016289456177227,-0.0011900000000000036,null rejection probability
2,cb400cec395cd0bf412e,controls,5,400,continuous,0.8,zero,superiority_null,0.0,0.05,0.0,1.0,100000,100000,True,4999,100000,type1,unadjusted,refined_S_normal,4950,0.0495,0.0006859282032399601,0.04817282498074237,0.050861785233694966,-0.0005000000000000004,null rejection probability
2,cb400cec395cd0bf412e,controls,5,400,continuous,0.8,zero,superiority_null,0.0,0.05,0.0,1.0,100000,100000,True,4999,100000,type1,unadjusted,original_R_normal,4847,0.04847,0.0006791219264609264,0.0471562027163262,0.04981848662912304,-0.0015300000000000036,null rejection probability
2,cb400cec395cd0bf412e,controls,5,400,continuous,0.8,zero,superiority_null,0.0,0.05,0.0,1.0,100000,100000,True,4999,100000,type1,unadjusted,refined_R_normal,4930,0.0493,0.0006846131024162479,0.047975409851088155,0.05065921572859419,-0.0007000000000000062,null rejection probability
2,cb400cec395cd0bf412e,controls,5,400,continuous,0.8,zero,superiority_null,0.0,0.05,0.0,1.0,100000,100000,True,4999,100000,type1,unadjusted,original_CRT_data,4989,0.04989,0.0006884837536209551,0.048557801914518334,0.05125677833769117,-0.00011000000000000593,null rejection probability
2,cb400cec395cd0bf412e,controls,5,400,continuous,0.8,zero,superiority_null,0.0,0.05,0.0,1.0,100000,100000,True,4999,100000,type1,unadjusted,refined_CRT_data,4989,0.04989,0.0006884837536209551,0.048557801914518334,0.05125677833769117,-0.00011000000000000593,null rejection probability
2,cb400cec395cd0bf412e,controls,5,400,continuous,0.8,zero,superiority_null,0.0,0.05,0.0,1.0,100000,100000,True,4999,100000,type1,unadjusted,original_R_lattice,4847,0.04847,0.0006791219264609264,0.0471562027163262,0.04981848662912304,-0.0015300000000000036,null rejection probability
2,cb400cec395cd0bf412e,controls,5,400,continuous,0.8,zero,superiority_null,0.0,0.05,0.0,1.0,100000,100000,True,4999,100000,type1,unadjusted,refined_R_lattice,4930,0.0493,0.0006846131024162479,0.047975409851088155,0.05065921572859419,-0.0007000000000000062,null rejection probability
2,cb400cec395cd0bf412e,controls,5,400,continuous,0.8,zero,superiority_null,0.0,0.05,0.0,1.0,100000,100000,True,4999,100000,type1,unadjusted,original_CRT_lattice,4881,0.04881,0.0006813778973521228,0.04749176866276042,0.05016289456177227,-0.0011900000000000036,null rejection probability
2,cb400cec395cd0bf412e,controls,5,400,continuous,0.8,zero,superiority_null,0.0,0.05,0.0,1.0,100000,100000,True,4999,100000,type1,unadjusted,refined_CRT_lattice,4950,0.0495,0.0006859282032399601,0.04817282498074237,0.050861785233694966,-0.0005000000000000004,null rejection probability
2,cb400cec395cd0bf412e,controls,5,400,continuous,0.8,zero,superiority_null,0.0,0.05,0.0,1.0,100000,100000,True,4999,100000,type1,unadjusted,original_CRT_noise,4987,0.04987,0.0006883529843038381,0.048538058950122955,0.051236522838611055,-0.0001300000000000051,null rejection probability
2,cb400cec395cd0bf412e,controls,5,400,continuous,0.8,zero,superiority_null,0.0,0.05,0.0,1.0,100000,100000,True,4999,100000,type1,unadjusted,refined_CRT_noise,4987,0.04987,0.0006883529843038381,0.048538058950122955,0.051236522838611055,-0.0001300000000000051,null rejection probability
2,cb400cec395cd0bf412e,controls,5,400,continuous,0.8,zero,superiority_null,0.0,0.05,0.0,1.0,100000,100000,True,4999,100000,type1,adjusted,RT,4972,0.04972,0.0006873712359416852,0.04838998863436722,0.051084604678300574,-0.00028000000000000247,null rejection probability
2,cb400cec395cd0bf412e,controls,5,400,continuous,0.8,zero,superiority_null,0.0,0.05,0.0,1.0,100000,100000,True,4999,100000,type1,adjusted,original_S_normal,4974,0.04974,0.0006875022356327287,0.0484097311473754,0.05110486062876789,-0.0002600000000000033,null rejection probability
2,cb400cec395cd0bf412e,controls,5,400,continuous,0.8,zero,superiority_null,0.0,0.05,0.0,1.0,100000,100000,True,4999,100000,type1,adjusted,refined_S_normal,4970,0.0497,0.0006872402054594885,0.04837024618169019,0.05106434866750211,-0.00030000000000000165,null rejection probability
2,cb400cec395cd0bf412e,controls,5,400,continuous,0.8,zero,superiority_null,0.0,0.05,0.0,1.0,100000,100000,True,4999,100000,type1,adjusted,original_R_normal,4950,0.0495,0.0006859282032399601,0.04817282498074237,0.050861785233694966,-0.0005000000000000004,null rejection probability
2,cb400cec395cd0bf412e,controls,5,400,continuous,0.8,zero,superiority_null,0.0,0.05,0.0,1.0,100000,100000,True,4999,100000,type1,adjusted,refined_R_normal,4944,0.04944,0.0006855339991568616,0.04811359980277238,0.050801015021238446,-0.0005600000000000049,null rejection probability
2,cb400cec395cd0bf412e,controls,5,400,continuous,0.8,zero,superiority_null,0.0,0.05,0.0,1.0,100000,100000,True,4999,100000,type1,adjusted,original_CRT_data,4999,0.04999,0.0006891371409233433,0.04865651763640037,0.051358054933186625,-1.0000000000003062e-05,null rejection probability
2,cb400cec395cd0bf412e,controls,5,400,continuous,0.8,zero,superiority_null,0.0,0.05,0.0,1.0,100000,100000,True,4999,100000,type1,adjusted,refined_CRT_data,4999,0.04999,0.0006891371409233433,0.04865651763640037,0.051358054933186625,-1.0000000000003062e-05,null rejection probability
2,cb400cec395cd0bf412e,controls,5,400,continuous,0.8,zero,superiority_null,0.0,0.05,0.0,1.0,100000,100000,True,4999,100000,type1,adjusted,original_R_lattice,4950,0.0495,0.0006859282032399601,0.04817282498074237,0.050861785233694966,-0.0005000000000000004,null rejection probability
2,cb400cec395cd0bf412e,controls,5,400,continuous,0.8,zero,superiority_null,0.0,0.05,0.0,1.0,100000,100000,True,4999,100000,type1,adjusted,refined_R_lattice,4944,0.04944,0.0006855339991568616,0.04811359980277238,0.050801015021238446,-0.0005600000000000049,null rejection probability
2,cb400cec395cd0bf412e,controls,5,400,continuous,0.8,zero,superiority_null,0.0,0.05,0.0,1.0,100000,100000,True,4999,100000,type1,adjusted,original_CRT_lattice,4974,0.04974,0.0006875022356327287,0.0484097311473754,0.05110486062876789,-0.0002600000000000033,null rejection probability
2,cb400cec395cd0bf412e,controls,5,400,continuous,0.8,zero,superiority_null,0.0,0.05,0.0,1.0,100000,100000,True,4999,100000,type1,adjusted,refined_CRT_lattice,4970,0.0497,0.0006872402054594885,0.04837024618169019,0.05106434866750211,-0.00030000000000000165,null rejection probability
2,cb400cec395cd0bf412e,controls,5,400,continuous,0.8,zero,superiority_null,0.0,0.05,0.0,1.0,100000,100000,True,4999,100000,type1,adjusted,original_CRT_noise,5000,0.05,0.0006892024376045111,0.04866638929097824,0.051368182510346506,0.0,null rejection probability
2,cb400cec395cd0bf412e,controls,5,400,continuous,0.8,zero,superiority_null,0.0,0.05,0.0,1.0,100000,100000,True,4999,100000,type1,adjusted,refined_CRT_noise,5000,0.05,0.0006892024376045111,0.04866638929097824,0.051368182510346506,0.0,null rejection probability
3,40a5f47d518dbe65f027,controls,5,400,binary,0.8,zero,superiority_null,0.0,0.05,0.0,1.0,100000,100000,True,4999,100000,type1,unadjusted,RT,4522,0.04522,0.0006570780136330845,0.04394952652624247,0.046525412504438576,-0.0047799999999999995,null rejection probability
3,40a5f47d518dbe65f027,controls,5,400,binary,0.8,zero,superiority_null,0.0,0.05,0.0,1.0,100000,100000,True,4999,100000,type1,unadjusted,original_S_normal,4958,0.04958,0.000686453374964389,0.048251792734517164,0.05094281133382215,-0.0004200000000000037,null rejection probability
3,40a5f47d518dbe65f027,controls,5,400,binary,0.8,zero,superiority_null,0.0,0.05,0.0,1.0,100000,100000,True,4999,100000,type1,unadjusted,refined_S_normal,4968,0.04968,0.0006871091441685229,0.04835050378937883,0.05104409259633798,-0.00032000000000000084,null rejection probability
3,40a5f47d518dbe65f027,controls,5,400,binary,0.8,zero,superiority_null,0.0,0.05,0.0,1.0,100000,100000,True,4999,100000,type1,unadjusted,original_R_normal,4919,0.04919,0.000683888469708329,0.04786683413035123,0.05054779990021589,-0.0008100000000000052,null rejection probability
3,40a5f47d518dbe65f027,controls,5,400,binary,0.8,zero,superiority_null,0.0,0.05,0.0,1.0,100000,100000,True,4999,100000,type1,unadjusted,refined_R_normal,4926,0.04926,0.0006843497088477498,0.04793592755679058,0.05061870109594078,-0.0007400000000000045,null rejection probability
3,40a5f47d518dbe65f027,controls,5,400,binary,0.8,zero,superiority_null,0.0,0.05,0.0,1.0,100000,100000,True,4999,100000,type1,unadjusted,original_CRT_data,4522,0.04522,0.0006570780136330845,0.04394952652624247,0.046525412504438576,-0.0047799999999999995,null rejection probability
3,40a5f47d518dbe65f027,controls,5,400,binary,0.8,zero,superiority_null,0.0,0.05,0.0,1.0,100000,100000,True,4999,100000,type1,unadjusted,refined_CRT_data,4522,0.04522,0.0006570780136330845,0.04394952652624247,0.046525412504438576,-0.0047799999999999995,null rejection probability
3,40a5f47d518dbe65f027,controls,5,400,binary,0.8,zero,superiority_null,0.0,0.05,0.0,1.0,100000,100000,True,4999,100000,type1,unadjusted,original_R_lattice,4485,0.04485,0.0006545110961626243,0.043584571050008264,0.04615039640637608,-0.005150000000000002,null rejection probability
3,40a5f47d518dbe65f027,controls,5,400,binary,0.8,zero,superiority_null,0.0,0.05,0.0,1.0,100000,100000,True,4999,100000,type1,unadjusted,refined_R_lattice,4489,0.04489,0.0006547891866853025,0.043624024548068394,0.04619093983526695,-0.005110000000000003,null rejection probability
3,40a5f47d518dbe65f027,controls,5,400,binary,0.8,zero,superiority_null,0.0,0.05,0.0,1.0,100000,100000,True,4999,100000,type1,unadjusted,original_CRT_lattice,4486,0.04486,0.0006545806321607751,0.04359443439833232,0.04616053228978977,-0.005140000000000006,null rejection probability
3,40a5f47d518dbe65f027,controls,5,400,binary,0.8,zero,superiority_null,0.0,0.05,0.0,1.0,100000,100000,True,4999,100000,type1,unadjusted,refined_CRT_lattice,4490,0.0449,0.000654858687046297,0.04363388796621653,0.04620107564885657,-0.0051,null rejection probability
3,40a5f47d518dbe65f027,controls,5,400,binary,0.8,zero,superiority_null,0.0,0.05,0.0,1.0,100000,100000,True,4999,100000,type1,unadjusted,original_CRT_noise,4522,0.04522,0.0006570780136330845,0.04394952652624247,0.046525412504438576,-0.0047799999999999995,null rejection probability
3,40a5f47d518dbe65f027,controls,5,400,binary,0.8,zero,superiority_null,0.0,0.05,0.0,1.0,100000,100000,True,4999,100000,type1,unadjusted,refined_CRT_noise,4522,0.04522,0.0006570780136330845,0.04394952652624247,0.046525412504438576,-0.0047799999999999995,null rejection probability
3,40a5f47d518dbe65f027,controls,5,400,binary,0.8,zero,superiority_null,0.0,0.05,0.0,1.0,100000,100000,True,4999,100000,type1,adjusted,RT,5060,0.0506,0.0006931063410473172,0.04925871579587875,0.051975809909710895,0.0005999999999999964,null rejection probability
3,40a5f47d518dbe65f027,controls,5,400,binary,0.8,zero,superiority_null,0.0,0.05,0.0,1.0,100000,100000,True,4999,100000,type1,adjusted,original_S_normal,5024,0.05024,0.000690767271951994,0.04890331347996916,0.05161123988306155,0.00023999999999999716,null rejection probability
3,40a5f47d518dbe65f027,controls,5,400,binary,0.8,zero,superiority_null,0.0,0.05,0.0,1.0,100000,100000,True,4999,100000,type1,adjusted,refined_S_normal,5017,0.05017,0.000690311314553079,0.048834209704664615,0.05154034903620185,0.00016999999999999654,null rejection probability
3,40a5f47d518dbe65f027,controls,5,400,binary,0.8,zero,superiority_null,0.0,0.05,0.0,1.0,100000,100000,True,4999,100000,type1,adjusted,original_R_normal,5001,0.05001,0.0006892677266490866,0.048676260960519004,0.05137831007254349,9.999999999996123e-06,null rejection probability
3,40a5f47d518dbe65f027,controls,5,400,binary,0.8,zero,superiority_null,0.0,0.05,0.0,1.0,100000,100000,True,4999,100000,type1,adjusted,refined_R_normal,4995,0.04995,0.0006888758777893156,0.048617031167803096,0.051317544474832916,-5.000000000000143e-05,null rejection probability
3,40a5f47d518dbe65f027,controls,5,400,binary,0.8,zero,superiority_null,0.0,0.05,0.0,1.0,100000,100000,True,4999,100000,type1,adjusted,original_CRT_data,5110,0.0511,0.0006963389260984912,0.04975236171265564,0.05248212557982142,0.0010999999999999968,null rejection probability
3,40a5f47d518dbe65f027,controls,5,400,binary,0.8,zero,superiority_null,0.0,0.05,0.0,1.0,100000,100000,True,4999,100000,type1,adjusted,refined_CRT_data,5110,0.0511,0.0006963389260984912,0.04975236171265564,0.05248212557982142,0.0010999999999999968,null rejection probability
3,40a5f47d518dbe65f027,controls,5,400,binary,0.8,zero,superiority_null,0.0,0.05,0.0,1.0,100000,100000,True,4999,100000,type1,adjusted,original_R_lattice,5001,0.05001,0.0006892677266490866,0.048676260960519004,0.05137831007254349,9.999999999996123e-06,null rejection probability
3,40a5f47d518dbe65f027,controls,5,400,binary,0.8,zero,superiority_null,0.0,0.05,0.0,1.0,100000,100000,True,4999,100000,type1,adjusted,refined_R_lattice,4995,0.04995,0.0006888758777893156,0.048617031167803096,0.051317544474832916,-5.000000000000143e-05,null rejection probability
3,40a5f47d518dbe65f027,controls,5,400,binary,0.8,zero,superiority_null,0.0,0.05,0.0,1.0,100000,100000,True,4999,100000,type1,adjusted,original_CRT_lattice,5024,0.05024,0.000690767271951994,0.04890331347996916,0.05161123988306155,0.00023999999999999716,null rejection probability
3,40a5f47d518dbe65f027,controls,5,400,binary,0.8,zero,superiority_null,0.0,0.05,0.0,1.0,100000,100000,True,4999,100000,type1,adjusted,refined_CRT_lattice,5017,0.05017,0.000690311314553079,0.048834209704664615,0.05154034903620185,0.00016999999999999654,null rejection probability
3,40a5f47d518dbe65f027,controls,5,400,binary,0.8,zero,superiority_null,0.0,0.05,0.0,1.0,100000,100000,True,4999,100000,type1,adjusted,original_CRT_noise,5093,0.05093,0.0006952419370262412,0.04958451800615192,0.052309982346783426,0.0009300000000000003,null rejection probability
3,40a5f47d518dbe65f027,controls,5,400,binary,0.8,zero,superiority_null,0.0,0.05,0.0,1.0,100000,100000,True,4999,100000,type1,adjusted,refined_CRT_noise,5094,0.05094,0.0006953065252102845,0.04959439104894125,0.052320108535731845,0.0009399999999999964,null rejection probability
4,785a742969e47aa00342,sample_size,2,1000,continuous,0.8,first_factor,superiority_null,0.0,0.05,0.5,1.0,100000,100000,True,4999,100000,type1,unadjusted,RT,4823,0.04823,0.0006775239265147763,0.04691934351071031,0.04957536427303298,-0.0017700000000000007,null rejection probability
4,785a742969e47aa00342,sample_size,2,1000,continuous,0.8,first_factor,superiority_null,0.0,0.05,0.5,1.0,100000,100000,True,4999,100000,type1,unadjusted,original_S_normal,4868,0.04868,0.0006805164039169078,0.04736346191288885,0.050031211299053115,-0.0013200000000000017,null rejection probability
4,785a742969e47aa00342,sample_size,2,1000,continuous,0.8,first_factor,superiority_null,0.0,0.05,0.5,1.0,100000,100000,True,4999,100000,type1,unadjusted,refined_S_normal,4870,0.0487,0.0006806490285014737,0.04738320124214462,0.05005147043327284,-0.0013000000000000025,null rejection probability
4,785a742969e47aa00342,sample_size,2,1000,continuous,0.8,first_factor,superiority_null,0.0,0.05,0.5,1.0,100000,100000,True,4999,100000,type1,unadjusted,original_R_normal,4814,0.04814,0.0006769234845977794,0.046830523644026095,0.04948419105407746,-0.0018600000000000005,null rejection probability
4,785a742969e47aa00342,sample_size,2,1000,continuous,0.8,first_factor,superiority_null,0.0,0.05,0.5,1.0,100000,100000,True,4999,100000,type1,unadjusted,refined_R_normal,4821,0.04821,0.000677390551306999,0.04689960565218946,0.04955510366807834,-0.00179,null rejection probability
4,785a742969e47aa00342,sample_size,2,1000,continuous,0.8,first_factor,superiority_null,0.0,0.05,0.5,1.0,100000,100000,True,4999,100000,type1,unadjusted,original_CRT_data,4862,0.04862,0.0006801183397027314,0.0473042442983011,0.04997043352321437,-0.0013800000000000062,null rejection probability
4,785a742969e47aa00342,sample_size,2,1000,continuous,0.8,first_factor,superiority_null,0.0,0.05,0.5,1.0,100000,100000,True,4999,100000,type1,unadjusted,refined_CRT_data,4862,0.04862,0.0006801183397027314,0.0473042442983011,0.04997043352321437,-0.0013800000000000062,null rejection probability
4,785a742969e47aa00342,sample_size,2,1000,continuous,0.8,first_factor,superiority_null,0.0,0.05,0.5,1.0,100000,100000,True,4999,100000,type1,unadjusted,original_R_lattice,4814,0.04814,0.0006769234845977794,0.046830523644026095,0.04948419105407746,-0.0018600000000000005,null rejection probability
4,785a742969e47aa00342,sample_size,2,1000,continuous,0.8,first_factor,superiority_null,0.0,0.05,0.5,1.0,100000,100000,True,4999,100000,type1,unadjusted,refined_R_lattice,4821,0.04821,0.000677390551306999,0.04689960565218946,0.04955510366807834,-0.00179,null rejection probability
4,785a742969e47aa00342,sample_size,2,1000,continuous,0.8,first_factor,superiority_null,0.0,0.05,0.5,1.0,100000,100000,True,4999,100000,type1,unadjusted,original_CRT_lattice,4868,0.04868,0.0006805164039169078,0.04736346191288885,0.050031211299053115,-0.0013200000000000017,null rejection probability
4,785a742969e47aa00342,sample_size,2,1000,continuous,0.8,first_factor,superiority_null,0.0,0.05,0.5,1.0,100000,100000,True,4999,100000,type1,unadjusted,refined_CRT_lattice,4870,0.0487,0.0006806490285014737,0.04738320124214462,0.05005147043327284,-0.0013000000000000025,null rejection probability
4,785a742969e47aa00342,sample_size,2,1000,continuous,0.8,first_factor,superiority_null,0.0,0.05,0.5,1.0,100000,100000,True,4999,100000,type1,unadjusted,original_CRT_noise,4859,0.04859,0.0006799192003466294,0.047274635701146,0.04994004442515623,-0.0014100000000000015,null rejection probability
4,785a742969e47aa00342,sample_size,2,1000,continuous,0.8,first_factor,superiority_null,0.0,0.05,0.5,1.0,100000,100000,True,4999,100000,type1,unadjusted,refined_CRT_noise,4859,0.04859,0.0006799192003466294,0.047274635701146,0.04994004442515623,-0.0014100000000000015,null rejection probability
4,785a742969e47aa00342,sample_size,2,1000,continuous,0.8,first_factor,superiority_null,0.0,0.05,0.5,1.0,100000,100000,True,4999,100000,type1,adjusted,RT,4845,0.04845,0.0006789889358450548,0.04713646410425505,0.049798226777718696,-0.0015500000000000028,null rejection probability
4,785a742969e47aa00342,sample_size,2,1000,continuous,0.8,first_factor,superiority_null,0.0,0.05,0.5,1.0,100000,100000,True,4999,100000,type1,adjusted,original_S_normal,4863,0.04863,0.0006801847035916054,0.047314113861832985,0.04998056319142023,-0.0013700000000000032,null rejection probability
4,785a742969e47aa00342,sample_size,2,1000,continuous,0.8,first_factor,superiority_null,0.0,0.05,0.5,1.0,100000,100000,True,4999,100000,type1,adjusted,refined_S_normal,4863,0.04863,0.0006801847035916054,0.047314113861832985,0.04998056319142023,-0.0013700000000000032,null rejection probability
4,785a742969e47aa00342,sample_size,2,1000,continuous,0.8,first_factor,superiority_null,0.0,0.05,0.5,1.0,100000,100000,True,4999,100000,type1,adjusted,original_R_normal,4824,0.04824,0.0006775906020599755,0.046929212463597915,0.04958549455188312,-0.0017600000000000046,null rejection probability
4,785a742969e47aa00342,sample_size,2,1000,continuous,0.8,first_factor,superiority_null,0.0,0.05,0.5,1.0,100000,100000,True,4999,100000,type1,adjusted,refined_R_normal,4824,0.04824,0.0006775906020599755,0.046929212463597915,0.04958549455188312,-0.0017600000000000046,null rejection probability
4,785a742969e47aa00342,sample_size,2,1000,continuous,0.8,first_factor,superiority_null,0.0,0.05,0.5,1.0,100000,100000,True,4999,100000,type1,adjusted,original_CRT_data,4896,0.04896,0.0006823702689889118,0.04763981816367381,0.050314833536925105,-0.0010400000000000062,null rejection probability
4,785a742969e47aa00342,sample_size,2,1000,continuous,0.8,first_factor,superiority_null,0.0,0.05,0.5,1.0,100000,100000,True,4999,100000,type1,adjusted,refined_CRT_data,4896,0.04896,0.0006823702689889118,0.04763981816367381,0.050314833536925105,-0.0010400000000000062,null rejection probability
4,785a742969e47aa00342,sample_size,2,1000,continuous,0.8,first_factor,superiority_null,0.0,0.05,0.5,1.0,100000,100000,True,4999,100000,type1,adjusted,original_R_lattice,4824,0.04824,0.0006775906020599755,0.046929212463597915,0.04958549455188312,-0.0017600000000000046,null rejection probability
4,785a742969e47aa00342,sample_size,2,1000,continuous,0.8,first_factor,superiority_null,0.0,0.05,0.5,1.0,100000,100000,True,4999,100000,type1,adjusted,refined_R_lattice,4824,0.04824,0.0006775906020599755,0.046929212463597915,0.04958549455188312,-0.0017600000000000046,null rejection probability
4,785a742969e47aa00342,sample_size,2,1000,continuous,0.8,first_factor,superiority_null,0.0,0.05,0.5,1.0,100000,100000,True,4999,100000,type1,adjusted,original_CRT_lattice,4863,0.04863,0.0006801847035916054,0.047314113861832985,0.04998056319142023,-0.0013700000000000032,null rejection probability
4,785a742969e47aa00342,sample_size,2,1000,continuous,0.8,first_factor,superiority_null,0.0,0.05,0.5,1.0,100000,100000,True,4999,100000,type1,adjusted,refined_CRT_lattice,4863,0.04863,0.0006801847035916054,0.047314113861832985,0.04998056319142023,-0.0013700000000000032,null rejection probability
4,785a742969e47aa00342,sample_size,2,1000,continuous,0.8,first_factor,superiority_null,0.0,0.05,0.5,1.0,100000,100000,True,4999,100000,type1,adjusted,original_CRT_noise,4893,0.04893,0.0006821719365379963,0.04761020798550453,0.05028444601988115,-0.0010700000000000015,null rejection probability
4,785a742969e47aa00342,sample_size,2,1000,continuous,0.8,first_factor,superiority_null,0.0,0.05,0.5,1.0,100000,100000,True,4999,100000,type1,adjusted,refined_CRT_noise,4893,0.04893,0.0006821719365379963,0.04761020798550453,0.05028444601988115,-0.0010700000000000015,null rejection probability
5,e4f6d83fe5899c2391a6,sample_size,2,1000,continuous,0.8,first_factor,superiority_power,0.19,0.05,0.5,1.0,10000,10000,True,4999,100000,power,unadjusted,RT,8033,0.8033,0.003975035974679977,0.7953932312919646,0.810973835296383,nan,power under fixed alternative
5,e4f6d83fe5899c2391a6,sample_size,2,1000,continuous,0.8,first_factor,superiority_power,0.19,0.05,0.5,1.0,10000,10000,True,4999,100000,power,unadjusted,original_S_normal,8051,0.8051,0.003961237054254643,0.7972195668559101,0.812746117338303,nan,power under fixed alternative
5,e4f6d83fe5899c2391a6,sample_size,2,1000,continuous,0.8,first_factor,superiority_power,0.19,0.05,0.5,1.0,10000,10000,True,4999,100000,power,unadjusted,refined_S_normal,8053,0.8053,0.003959695821650951,0.7974225087326816,0.8129430218621831,nan,power under fixed alternative
5,e4f6d83fe5899c2391a6,sample_size,2,1000,continuous,0.8,first_factor,superiority_power,0.19,0.05,0.5,1.0,10000,10000,True,4999,100000,power,unadjusted,original_R_normal,8038,0.8038,0.003971215934698087,0.7959005212829301,0.8114661613070467,nan,power under fixed alternative
5,e4f6d83fe5899c2391a6,sample_size,2,1000,continuous,0.8,first_factor,superiority_power,0.19,0.05,0.5,1.0,10000,10000,True,4999,100000,power,unadjusted,refined_R_normal,8039,0.8039,0.003970450730080907,0.7960019816243172,0.8115646241659854,nan,power under fixed alternative
5,e4f6d83fe5899c2391a6,sample_size,2,1000,continuous,0.8,first_factor,superiority_power,0.19,0.05,0.5,1.0,10000,10000,True,4999,100000,power,unadjusted,original_CRT_data,8044,0.8044,0.003966618711194712,0.7965092950720701,0.812056926719862,nan,power under fixed alternative
5,e4f6d83fe5899c2391a6,sample_size,2,1000,continuous,0.8,first_factor,superiority_power,0.19,0.05,0.5,1.0,10000,10000,True,4999,100000,power,unadjusted,refined_CRT_data,8044,0.8044,0.003966618711194712,0.7965092950720701,0.812056926719862,nan,power under fixed alternative
5,e4f6d83fe5899c2391a6,sample_size,2,1000,continuous,0.8,first_factor,superiority_power,0.19,0.05,0.5,1.0,10000,10000,True,4999,100000,power,unadjusted,original_R_lattice,8038,0.8038,0.003971215934698087,0.7959005212829301,0.8114661613070467,nan,power under fixed alternative
5,e4f6d83fe5899c2391a6,sample_size,2,1000,continuous,0.8,first_factor,superiority_power,0.19,0.05,0.5,1.0,10000,10000,True,4999,100000,power,unadjusted,refined_R_lattice,8039,0.8039,0.003970450730080907,0.7960019816243172,0.8115646241659854,nan,power under fixed alternative
5,e4f6d83fe5899c2391a6,sample_size,2,1000,continuous,0.8,first_factor,superiority_power,0.19,0.05,0.5,1.0,10000,10000,True,4999,100000,power,unadjusted,original_CRT_lattice,8051,0.8051,0.003961237054254643,0.7972195668559101,0.812746117338303,nan,power under fixed alternative
5,e4f6d83fe5899c2391a6,sample_size,2,1000,continuous,0.8,first_factor,superiority_power,0.19,0.05,0.5,1.0,10000,10000,True,4999,100000,power,unadjusted,refined_CRT_lattice,8053,0.8053,0.003959695821650951,0.7974225087326816,0.8129430218621831,nan,power under fixed alternative
5,e4f6d83fe5899c2391a6,sample_size,2,1000,continuous,0.8,first_factor,superiority_power,0.19,0.05,0.5,1.0,10000,10000,True,4999,100000,power,unadjusted,original_CRT_noise,8044,0.8044,0.003966618711194712,0.7965092950720701,0.812056926719862,nan,power under fixed alternative
5,e4f6d83fe5899c2391a6,sample_size,2,1000,continuous,0.8,first_factor,superiority_power,0.19,0.05,0.5,1.0,10000,10000,True,4999,100000,power,unadjusted,refined_CRT_noise,8044,0.8044,0.003966618711194712,0.7965092950720701,0.812056926719862,nan,power under fixed alternative
5,e4f6d83fe5899c2391a6,sample_size,2,1000,continuous,0.8,first_factor,superiority_power,0.19,0.05,0.5,1.0,10000,10000,True,4999,100000,power,adjusted,RT,8052,0.8052,0.003960466639172712,0.797321037400274,0.8128445699942649,nan,power under fixed alternative
5,e4f6d83fe5899c2391a6,sample_size,2,1000,continuous,0.8,first_factor,superiority_power,0.19,0.05,0.5,1.0,10000,10000,True,4999,100000,power,adjusted,original_S_normal,8066,0.8066,0.003949638464467349,0.7987417079760905,0.8142228242230106,nan,power under fixed alternative
5,e4f6d83fe5899c2391a6,sample_size,2,1000,continuous,0.8,first_factor,superiority_power,0.19,0.05,0.5,1.0,10000,10000,True,4999,100000,power,adjusted,refined_S_normal,8066,0.8066,0.003949638464467349,0.7987417079760905,0.8142228242230106,nan,power under fixed alternative
5,e4f6d83fe5899c2391a6,sample_size,2,1000,continuous,0.8,first_factor,superiority_power,0.19,0.05,0.5,1.0,10000,10000,True,4999,100000,power,adjusted,original_R_normal,8054,0.8054,0.003958924601454289,0.7975239808535931,0.8130414729415977,nan,power under fixed alternative
5,e4f6d83fe5899c2391a6,sample_size,2,1000,continuous,0.8,first_factor,superiority_power,0.19,0.05,0.5,1.0,10000,10000,True,4999,100000,power,adjusted,refined_R_normal,8054,0.8054,0.003958924601454289,0.7975239808535931,0.8130414729415977,nan,power under fixed alternative
5,e4f6d83fe5899c2391a6,sample_size,2,1000,continuous,0.8,first_factor,superiority_power,0.19,0.05,0.5,1.0,10000,10000,True,4999,100000,power,adjusted,original_CRT_data,8061,0.8061,0.003953514765370176,0.7982343078168455,0.8137306083806264,nan,power under fixed alternative
5,e4f6d83fe5899c2391a6,sample_size,2,1000,continuous,0.8,first_factor,superiority_power,0.19,0.05,0.5,1.0,10000,10000,True,4999,100000,power,adjusted,refined_CRT_data,8061,0.8061,0.003953514765370176,0.7982343078168455,0.8137306083806264,nan,power under fixed alternative
5,e4f6d83fe5899c2391a6,sample_size,2,1000,continuous,0.8,first_factor,superiority_power,0.19,0.05,0.5,1.0,10000,10000,True,4999,100000,power,adjusted,original_R_lattice,8054,0.8054,0.003958924601454289,0.7975239808535931,0.8130414729415977,nan,power under fixed alternative
5,e4f6d83fe5899c2391a6,sample_size,2,1000,continuous,0.8,first_factor,superiority_power,0.19,0.05,0.5,1.0,10000,10000,True,4999,100000,power,adjusted,refined_R_lattice,8054,0.8054,0.003958924601454289,0.7975239808535931,0.8130414729415977,nan,power under fixed alternative
5,e4f6d83fe5899c2391a6,sample_size,2,1000,continuous,0.8,first_factor,superiority_power,0.19,0.05,0.5,1.0,10000,10000,True,4999,100000,power,adjusted,original_CRT_lattice,8066,0.8066,0.003949638464467349,0.7987417079760905,0.8142228242230106,nan,power under fixed alternative
5,e4f6d83fe5899c2391a6,sample_size,2,1000,continuous,0.8,first_factor,superiority_power,0.19,0.05,0.5,1.0,10000,10000,True,4999,100000,power,adjusted,refined_CRT_lattice,8066,0.8066,0.003949638464467349,0.7987417079760905,0.8142228242230106,nan,power under fixed alternative
5,e4f6d83fe5899c2391a6,sample_size,2,1000,continuous,0.8,first_factor,superiority_power,0.19,0.05,0.5,1.0,10000,10000,True,4999,100000,power,adjusted,original_CRT_noise,8060,0.806,0.00395428881089887,0.7981328301634768,0.8136321628336692,nan,power under fixed alternative
5,e4f6d83fe5899c2391a6,sample_size,2,1000,continuous,0.8,first_factor,superiority_power,0.19,0.05,0.5,1.0,10000,10000,True,4999,100000,power,adjusted,refined_CRT_noise,8060,0.806,0.00395428881089887,0.7981328301634768,0.8136321628336692,nan,power under fixed alternative
6,31a65d543f5a39d6e2ef,sample_size,2,1000,binary,0.8,first_factor,superiority_null,0.0,0.05,0.12,1.0,100000,100000,True,4999,100000,type1,unadjusted,RT,4520,0.0452,0.0006569395710413553,0.043929798596397174,0.046505141970808364,-0.004800000000000006,null rejection probability
6,31a65d543f5a39d6e2ef,sample_size,2,1000,binary,0.8,first_factor,superiority_null,0.0,0.05,0.12,1.0,100000,100000,True,4999,100000,type1,unadjusted,original_S_normal,4909,0.04909,0.0006832288920998585,0.047768130537535015,0.050446511175654636,-0.0009100000000000011,null rejection probability
6,31a65d543f5a39d6e2ef,sample_size,2,1000,binary,0.8,first_factor,superiority_null,0.0,0.05,0.12,1.0,100000,100000,True,4999,100000,type1,unadjusted,refined_S_normal,4908,0.04908,0.0006831628912638625,0.04775826026265309,0.0504363822187988,-0.0009200000000000041,null rejection probability
6,31a65d543f5a39d6e2ef,sample_size,2,1000,binary,0.8,first_factor,superiority_null,0.0,0.05,0.12,1.0,100000,100000,True,4999,100000,type1,unadjusted,original_R_normal,4897,0.04897,0.0006824363640662769,0.047649688253903096,0.05032496267843357,-0.0010300000000000031,null rejection probability
6,31a65d543f5a39d6e2ef,sample_size,2,1000,binary,0.8,first_factor,superiority_null,0.0,0.05,0.12,1.0,100000,100000,True,4999,100000,type1,unadjusted,refined_R_normal,4899,0.04899,0.0006825685306253138,0.047669428480594064,0.05034522091521809,-0.001010000000000004,null rejection probability
6,31a65d543f5a39d6e2ef,sample_size,2,1000,binary,0.8,first_factor,superiority_null,0.0,0.05,0.12,1.0,100000,100000,True,4999,100000,type1,unadjusted,original_CRT_data,4520,0.0452,0.0006569395710413553,0.043929798596397174,0.046505141970808364,-0.004800000000000006,null rejection probability
6,31a65d543f5a39d6e2ef,sample_size,2,1000,binary,0.8,first_factor,superiority_null,0.0,0.05,0.12,1.0,100000,100000,True,4999,100000,type1,unadjusted,refined_CRT_data,4520,0.0452,0.0006569395710413553,0.043929798596397174,0.046505141970808364,-0.004800000000000006,null rejection probability
6,31a65d543f5a39d6e2ef,sample_size,2,1000,binary,0.8,first_factor,superiority_null,0.0,0.05,0.12,1.0,100000,100000,True,4999,100000,type1,unadjusted,original_R_lattice,4474,0.04474,0.0006537456110751338,0.04347607537268536,0.04603890053458376,-0.005260000000000001,null rejection probability
6,31a65d543f5a39d6e2ef,sample_size,2,1000,binary,0.8,first_factor,superiority_null,0.0,0.05,0.12,1.0,100000,100000,True,4999,100000,type1,unadjusted,refined_R_lattice,4472,0.04472,0.0006536063157589591,0.04345634911358883,0.04601862833020479,-0.00528,null rejection probability
6,31a65d543f5a39d6e2ef,sample_size,2,1000,binary,0.8,first_factor,superiority_null,0.0,0.05,0.12,1.0,100000,100000,True,4999,100000,type1,unadjusted,original_CRT_lattice,4474,0.04474,0.0006537456110751338,0.04347607537268536,0.04603890053458376,-0.005260000000000001,null rejection probability
6,31a65d543f5a39d6e2ef,sample_size,2,1000,binary,0.8,first_factor,superiority_null,0.0,0.05,0.12,1.0,100000,100000,True,4999,100000,type1,unadjusted,refined_CRT_lattice,4472,0.04472,0.0006536063157589591,0.04345634911358883,0.04601862833020479,-0.00528,null rejection probability
6,31a65d543f5a39d6e2ef,sample_size,2,1000,binary,0.8,first_factor,superiority_null,0.0,0.05,0.12,1.0,100000,100000,True,4999,100000,type1,unadjusted,original_CRT_noise,4520,0.0452,0.0006569395710413553,0.043929798596397174,0.046505141970808364,-0.004800000000000006,null rejection probability
6,31a65d543f5a39d6e2ef,sample_size,2,1000,binary,0.8,first_factor,superiority_null,0.0,0.05,0.12,1.0,100000,100000,True,4999,100000,type1,unadjusted,refined_CRT_noise,4520,0.0452,0.0006569395710413553,0.043929798596397174,0.046505141970808364,-0.004800000000000006,null rejection probability
6,31a65d543f5a39d6e2ef,sample_size,2,1000,binary,0.8,first_factor,superiority_null,0.0,0.05,0.12,1.0,100000,100000,True,4999,100000,type1,adjusted,RT,4816,0.04816,0.0006770569724919757,0.04685026128175497,0.04950445187982408,-0.0018400000000000014,null rejection probability
6,31a65d543f5a39d6e2ef,sample_size,2,1000,binary,0.8,first_factor,superiority_null,0.0,0.05,0.12,1.0,100000,100000,True,4999,100000,type1,adjusted,original_S_normal,4892,0.04892,0.0006821058099737899,0.04760033795696922,0.050274316816678696,-0.0010800000000000046,null rejection probability
6,31a65d543f5a39d6e2ef,sample_size,2,1000,binary,0.8,first_factor,superiority_null,0.0,0.05,0.12,1.0,100000,100000,True,4999,100000,type1,adjusted,refined_S_normal,4892,0.04892,0.0006821058099737899,0.04760033795696922,0.050274316816678696,-0.0010800000000000046,null rejection probability
6,31a65d543f5a39d6e2ef,sample_size,2,1000,binary,0.8,first_factor,superiority_null,0.0,0.05,0.12,1.0,100000,100000,True,4999,100000,type1,adjusted,original_R_normal,4871,0.04871,0.0006807153289004149,0.04739307093007578,0.050061599977079436,-0.0012899999999999995,null rejection probability
6,31a65d543f5a39d6e2ef,sample_size,2,1000,binary,0.8,first_factor,superiority_null,0.0,0.05,0.12,1.0,100000,100000,True,4999,100000,type1,adjusted,refined_R_normal,4871,0.04871,0.0006807153289004149,0.04739307093007578,0.050061599977079436,-0.0012899999999999995,null rejection probability
6,31a65d543f5a39d6e2ef,sample_size,2,1000,binary,0.8,first_factor,superiority_null,0.0,0.05,0.12,1.0,100000,100000,True,4999,100000,type1,adjusted,original_CRT_data,4835,0.04835,0.0006783235032047761,0.04703777198352765,0.04969692658106862,-0.0016500000000000056,null rejection probability
6,31a65d543f5a39d6e2ef,sample_size,2,1000,binary,0.8,first_factor,superiority_null,0.0,0.05,0.12,1.0,100000,100000,True,4999,100000,type1,adjusted,refined_CRT_data,4835,0.04835,0.0006783235032047761,0.04703777198352765,0.04969692658106862,-0.0016500000000000056,null rejection probability
6,31a65d543f5a39d6e2ef,sample_size,2,1000,binary,0.8,first_factor,superiority_null,0.0,0.05,0.12,1.0,100000,100000,True,4999,100000,type1,adjusted,original_R_lattice,4871,0.04871,0.0006807153289004149,0.04739307093007578,0.050061599977079436,-0.0012899999999999995,null rejection probability
6,31a65d543f5a39d6e2ef,sample_size,2,1000,binary,0.8,first_factor,superiority_null,0.0,0.05,0.12,1.0,100000,100000,True,4999,100000,type1,adjusted,refined_R_lattice,4871,0.04871,0.0006807153289004149,0.04739307093007578,0.050061599977079436,-0.0012899999999999995,null rejection probability
6,31a65d543f5a39d6e2ef,sample_size,2,1000,binary,0.8,first_factor,superiority_null,0.0,0.05,0.12,1.0,100000,100000,True,4999,100000,type1,adjusted,original_CRT_lattice,4892,0.04892,0.0006821058099737899,0.04760033795696922,0.050274316816678696,-0.0010800000000000046,null rejection probability
6,31a65d543f5a39d6e2ef,sample_size,2,1000,binary,0.8,first_factor,superiority_null,0.0,0.05,0.12,1.0,100000,100000,True,4999,100000,type1,adjusted,refined_CRT_lattice,4892,0.04892,0.0006821058099737899,0.04760033795696922,0.050274316816678696,-0.0010800000000000046,null rejection probability
6,31a65d543f5a39d6e2ef,sample_size,2,1000,binary,0.8,first_factor,superiority_null,0.0,0.05,0.12,1.0,100000,100000,True,4999,100000,type1,adjusted,original_CRT_noise,4832,0.04832,0.0006781237173259758,0.04700816465313806,0.049666536216244964,-0.001680000000000001,null rejection probability
6,31a65d543f5a39d6e2ef,sample_size,2,1000,binary,0.8,first_factor,superiority_null,0.0,0.05,0.12,1.0,100000,100000,True,4999,100000,type1,adjusted,refined_CRT_noise,4832,0.04832,0.0006781237173259758,0.04700816465313806,0.049666536216244964,-0.001680000000000001,null rejection probability
7,08d692b532ef77c4ddce,sample_size,2,1000,binary,0.8,first_factor,superiority_power,0.1,0.05,0.12,1.0,10000,10000,True,4999,100000,power,unadjusted,RT,9247,0.9247,0.002638747998578114,0.91936348681479,0.9297103449691573,nan,power under fixed alternative
7,08d692b532ef77c4ddce,sample_size,2,1000,binary,0.8,first_factor,superiority_power,0.1,0.05,0.12,1.0,10000,10000,True,4999,100000,power,unadjusted,original_S_normal,9307,0.9307,0.0025396359975398053,0.9255552251949613,0.9355139986085379,nan,power under fixed alternative
7,08d692b532ef77c4ddce,sample_size,2,1000,binary,0.8,first_factor,superiority_power,0.1,0.05,0.12,1.0,10000,10000,True,4999,100000,power,unadjusted,refined_S_normal,9307,0.9307,0.0025396359975398053,0.9255552251949613,0.9355139986085379,nan,power under fixed alternative
7,08d692b532ef77c4ddce,sample_size,2,1000,binary,0.8,first_factor,superiority_power,0.1,0.05,0.12,1.0,10000,10000,True,4999,100000,power,unadjusted,original_R_normal,9304,0.9304,0.002544716880126353,0.925245393259669,0.9352240609428525,nan,power under fixed alternative
7,08d692b532ef77c4ddce,sample_size,2,1000,binary,0.8,first_factor,superiority_power,0.1,0.05,0.12,1.0,10000,10000,True,4999,100000,power,unadjusted,refined_R_normal,9304,0.9304,0.002544716880126353,0.925245393259669,0.9352240609428525,nan,power under fixed alternative
7,08d692b532ef77c4ddce,sample_size,2,1000,binary,0.8,first_factor,superiority_power,0.1,0.05,0.12,1.0,10000,10000,True,4999,100000,power,unadjusted,original_CRT_data,9247,0.9247,0.002638747998578114,0.91936348681479,0.9297103449691573,nan,power under fixed alternative
7,08d692b532ef77c4ddce,sample_size,2,1000,binary,0.8,first_factor,superiority_power,0.1,0.05,0.12,1.0,10000,10000,True,4999,100000,power,unadjusted,refined_CRT_data,9247,0.9247,0.002638747998578114,0.91936348681479,0.9297103449691573,nan,power under fixed alternative
7,08d692b532ef77c4ddce,sample_size,2,1000,binary,0.8,first_factor,superiority_power,0.1,0.05,0.12,1.0,10000,10000,True,4999,100000,power,unadjusted,original_R_lattice,9252,0.9252,0.0026306835613581496,0.9198790838345907,0.930194363950986,nan,power under fixed alternative
7,08d692b532ef77c4ddce,sample_size,2,1000,binary,0.8,first_factor,superiority_power,0.1,0.05,0.12,1.0,10000,10000,True,4999,100000,power,unadjusted,refined_R_lattice,9252,0.9252,0.0026306835613581496,0.9198790838345907,0.930194363950986,nan,power under fixed alternative
7,08d692b532ef77c4ddce,sample_size,2,1000,binary,0.8,first_factor,superiority_power,0.1,0.05,0.12,1.0,10000,10000,True,4999,100000,power,unadjusted,original_CRT_lattice,9252,0.9252,0.0026306835613581496,0.9198790838345907,0.930194363950986,nan,power under fixed alternative
7,08d692b532ef77c4ddce,sample_size,2,1000,binary,0.8,first_factor,superiority_power,0.1,0.05,0.12,1.0,10000,10000,True,4999,100000,power,unadjusted,refined_CRT_lattice,9252,0.9252,0.0026306835613581496,0.9198790838345907,0.930194363950986,nan,power under fixed alternative
7,08d692b532ef77c4ddce,sample_size,2,1000,binary,0.8,first_factor,superiority_power,0.1,0.05,0.12,1.0,10000,10000,True,4999,100000,power,unadjusted,original_CRT_noise,9247,0.9247,0.002638747998578114,0.91936348681479,0.9297103449691573,nan,power under fixed alternative
7,08d692b532ef77c4ddce,sample_size,2,1000,binary,0.8,first_factor,superiority_power,0.1,0.05,0.12,1.0,10000,10000,True,4999,100000,power,unadjusted,refined_CRT_noise,9247,0.9247,0.002638747998578114,0.91936348681479,0.9297103449691573,nan,power under fixed alternative
7,08d692b532ef77c4ddce,sample_size,2,1000,binary,0.8,first_factor,superiority_power,0.1,0.05,0.12,1.0,10000,10000,True,4999,100000,power,adjusted,RT,9291,0.9291,0.0025665772928162513,0.9239030947424598,0.9339673578558256,nan,power under fixed alternative
7,08d692b532ef77c4ddce,sample_size,2,1000,binary,0.8,first_factor,superiority_power,0.1,0.05,0.12,1.0,10000,10000,True,4999,100000,power,adjusted,original_S_normal,9304,0.9304,0.002544716880126353,0.925245393259669,0.9352240609428525,nan,power under fixed alternative
7,08d692b532ef77c4ddce,sample_size,2,1000,binary,0.8,first_factor,superiority_power,0.1,0.05,0.12,1.0,10000,10000,True,4999,100000,power,adjusted,refined_S_normal,9304,0.9304,0.002544716880126353,0.925245393259669,0.9352240609428525,nan,power under fixed alternative
7,08d692b532ef77c4ddce,sample_size,2,1000,binary,0.8,first_factor,superiority_power,0.1,0.05,0.12,1.0,10000,10000,True,4999,100000,power,adjusted,original_R_normal,9301,0.9301,0.002549784108508012,0.924935588026703,0.9349340965748412,nan,power under fixed alternative
7,08d692b532ef77c4ddce,sample_size,2,1000,binary,0.8,first_factor,superiority_power,0.1,0.05,0.12,1.0,10000,10000,True,4999,100000,power,adjusted,refined_R_normal,9301,0.9301,0.002549784108508012,0.924935588026703,0.9349340965748412,nan,power under fixed alternative
7,08d692b532ef77c4ddce,sample_size,2,1000,binary,0.8,first_factor,superiority_power,0.1,0.05,0.12,1.0,10000,10000,True,4999,100000,power,adjusted,original_CRT_data,9296,0.9296,0.0025581993667421624,0.9244193048801211,0.9344507637197935,nan,power under fixed alternative
7,08d692b532ef77c4ddce,sample_size,2,1000,binary,0.8,first_factor,superiority_power,0.1,0.05,0.12,1.0,10000,10000,True,4999,100000,power,adjusted,refined_CRT_data,9296,0.9296,0.0025581993667421624,0.9244193048801211,0.9344507637197935,nan,power under fixed alternative
7,08d692b532ef77c4ddce,sample_size,2,1000,binary,0.8,first_factor,superiority_power,0.1,0.05,0.12,1.0,10000,10000,True,4999,100000,power,adjusted,original_R_lattice,9301,0.9301,0.002549784108508012,0.924935588026703,0.9349340965748412,nan,power under fixed alternative
7,08d692b532ef77c4ddce,sample_size,2,1000,binary,0.8,first_factor,superiority_power,0.1,0.05,0.12,1.0,10000,10000,True,4999,100000,power,adjusted,refined_R_lattice,9301,0.9301,0.002549784108508012,0.924935588026703,0.9349340965748412,nan,power under fixed alternative
7,08d692b532ef77c4ddce,sample_size,2,1000,binary,0.8,first_factor,superiority_power,0.1,0.05,0.12,1.0,10000,10000,True,4999,100000,power,adjusted,original_CRT_lattice,9304,0.9304,0.002544716880126353,0.925245393259669,0.9352240609428525,nan,power under fixed alternative
7,08d692b532ef77c4ddce,sample_size,2,1000,binary,0.8,first_factor,superiority_power,0.1,0.05,0.12,1.0,10000,10000,True,4999,100000,power,adjusted,refined_CRT_lattice,9304,0.9304,0.002544716880126353,0.925245393259669,0.9352240609428525,nan,power under fixed alternative
7,08d692b532ef77c4ddce,sample_size,2,1000,binary,0.8,first_factor,superiority_power,0.1,0.05,0.12,1.0,10000,10000,True,4999,100000,power,adjusted,original_CRT_noise,9295,0.9295,0.0025598779267769784,0.924316057034826,0.9343540883647626,nan,power under fixed alternative
7,08d692b532ef77c4ddce,sample_size,2,1000,binary,0.8,first_factor,superiority_power,0.1,0.05,0.12,1.0,10000,10000,True,4999,100000,power,adjusted,refined_CRT_noise,9295,0.9295,0.0025598779267769784,0.924316057034826,0.9343540883647626,nan,power under fixed alternative
8,f687cd66743b4adf626e,sample_size,5,2000,continuous,0.8,first_factor,superiority_null,0.0,0.05,0.5,1.0,100000,100000,True,4999,100000,type1,unadjusted,RT,4939,0.04939,0.0006852052823789379,0.04806424590587724,0.050750372759444856,-0.0006099999999999994,null rejection probability
8,f687cd66743b4adf626e,sample_size,5,2000,continuous,0.8,first_factor,superiority_null,0.0,0.05,0.5,1.0,100000,100000,True,4999,100000,type1,unadjusted,original_S_normal,4914,0.04914,0.0006835587787454712,0.047817482142236654,0.050497155729641745,-0.0008599999999999997,null rejection probability
8,f687cd66743b4adf626e,sample_size,5,2000,continuous,0.8,first_factor,superiority_null,0.0,0.05,0.5,1.0,100000,100000,True,4999,100000,type1,unadjusted,refined_S_normal,4950,0.0495,0.0006859282032399601,0.04817282498074237,0.050861785233694966,-0.0005000000000000004,null rejection probability
8,f687cd66743b4adf626e,sample_size,5,2000,continuous,0.8,first_factor,superiority_null,0.0,0.05,0.5,1.0,100000,100000,True,4999,100000,type1,unadjusted,original_R_normal,4885,0.04885,0.0006816427033277772,0.04753124818964549,0.05020341196183818,-0.0011500000000000052,null rejection probability
8,f687cd66743b4adf626e,sample_size,5,2000,continuous,0.8,first_factor,superiority_null,0.0,0.05,0.5,1.0,100000,100000,True,4999,100000,type1,unadjusted,refined_R_normal,4915,0.04915,0.000683624732583601,0.04782735250920428,0.05050728459441185,-0.0008500000000000035,null rejection probability
8,f687cd66743b4adf626e,sample_size,5,2000,continuous,0.8,first_factor,superiority_null,0.0,0.05,0.5,1.0,100000,100000,True,4999,100000,type1,unadjusted,original_CRT_data,4965,0.04965,0.0006869124944270559,0.04832089031417297,0.05101370837633058,-0.0003500000000000031,null rejection probability
8,f687cd66743b4adf626e,sample_size,5,2000,continuous,0.8,first_factor,superiority_null,0.0,0.05,0.5,1.0,100000,100000,True,4999,100000,type1,unadjusted,refined_CRT_data,4965,0.04965,0.0006869124944270559,0.04832089031417297,0.05101370837633058,-0.0003500000000000031,null rejection probability
8,f687cd66743b4adf626e,sample_size,5,2000,continuous,0.8,first_factor,superiority_null,0.0,0.05,0.5,1.0,100000,100000,True,4999,100000,type1,unadjusted,original_R_lattice,4885,0.04885,0.0006816427033277772,0.04753124818964549,0.05020341196183818,-0.0011500000000000052,null rejection probability
8,f687cd66743b4adf626e,sample_size,5,2000,continuous,0.8,first_factor,superiority_null,0.0,0.05,0.5,1.0,100000,100000,True,4999,100000,type1,unadjusted,refined_R_lattice,4915,0.04915,0.000683624732583601,0.04782735250920428,0.05050728459441185,-0.0008500000000000035,null rejection probability
8,f687cd66743b4adf626e,sample_size,5,2000,continuous,0.8,first_factor,superiority_null,0.0,0.05,0.5,1.0,100000,100000,True,4999,100000,type1,unadjusted,original_CRT_lattice,4914,0.04914,0.0006835587787454712,0.047817482142236654,0.050497155729641745,-0.0008599999999999997,null rejection probability
8,f687cd66743b4adf626e,sample_size,5,2000,continuous,0.8,first_factor,superiority_null,0.0,0.05,0.5,1.0,100000,100000,True,4999,100000,type1,unadjusted,refined_CRT_lattice,4950,0.0495,0.0006859282032399601,0.04817282498074237,0.050861785233694966,-0.0005000000000000004,null rejection probability
8,f687cd66743b4adf626e,sample_size,5,2000,continuous,0.8,first_factor,superiority_null,0.0,0.05,0.5,1.0,100000,100000,True,4999,100000,type1,unadjusted,original_CRT_noise,4962,0.04962,0.0006867157752665946,0.04829127697498431,0.05098332402030599,-0.00038000000000000533,null rejection probability
8,f687cd66743b4adf626e,sample_size,5,2000,continuous,0.8,first_factor,superiority_null,0.0,0.05,0.5,1.0,100000,100000,True,4999,100000,type1,unadjusted,refined_CRT_noise,4962,0.04962,0.0006867157752665946,0.04829127697498431,0.05098332402030599,-0.00038000000000000533,null rejection probability
8,f687cd66743b4adf626e,sample_size,5,2000,continuous,0.8,first_factor,superiority_null,0.0,0.05,0.5,1.0,100000,100000,True,4999,100000,type1,adjusted,RT,4947,0.04947,0.0006857311360876069,0.04814321232339675,0.05083140019582733,-0.0005300000000000027,null rejection probability
8,f687cd66743b4adf626e,sample_size,5,2000,continuous,0.8,first_factor,superiority_null,0.0,0.05,0.5,1.0,100000,100000,True,4999,100000,type1,adjusted,original_S_normal,4950,0.0495,0.0006859282032399601,0.04817282498074237,0.050861785233694966,-0.0005000000000000004,null rejection probability
8,f687cd66743b4adf626e,sample_size,5,2000,continuous,0.8,first_factor,superiority_null,0.0,0.05,0.5,1.0,100000,100000,True,4999,100000,type1,adjusted,refined_S_normal,4950,0.0495,0.0006859282032399601,0.04817282498074237,0.050861785233694966,-0.0005000000000000004,null rejection probability
8,f687cd66743b4adf626e,sample_size,5,2000,continuous,0.8,first_factor,superiority_null,0.0,0.05,0.5,1.0,100000,100000,True,4999,100000,type1,adjusted,original_R_normal,4914,0.04914,0.0006835587787454712,0.047817482142236654,0.050497155729641745,-0.0008599999999999997,null rejection probability
8,f687cd66743b4adf626e,sample_size,5,2000,continuous,0.8,first_factor,superiority_null,0.0,0.05,0.5,1.0,100000,100000,True,4999,100000,type1,adjusted,refined_R_normal,4914,0.04914,0.0006835587787454712,0.047817482142236654,0.050497155729641745,-0.0008599999999999997,null rejection probability
8,f687cd66743b4adf626e,sample_size,5,2000,continuous,0.8,first_factor,superiority_null,0.0,0.05,0.5,1.0,100000,100000,True,4999,100000,type1,adjusted,original_CRT_data,4970,0.0497,0.0006872402054594885,0.04837024618169019,0.05106434866750211,-0.00030000000000000165,null rejection probability
8,f687cd66743b4adf626e,sample_size,5,2000,continuous,0.8,first_factor,superiority_null,0.0,0.05,0.5,1.0,100000,100000,True,4999,100000,type1,adjusted,refined_CRT_data,4970,0.0497,0.0006872402054594885,0.04837024618169019,0.05106434866750211,-0.00030000000000000165,null rejection probability
8,f687cd66743b4adf626e,sample_size,5,2000,continuous,0.8,first_factor,superiority_null,0.0,0.05,0.5,1.0,100000,100000,True,4999,100000,type1,adjusted,original_R_lattice,4914,0.04914,0.0006835587787454712,0.047817482142236654,0.050497155729641745,-0.0008599999999999997,null rejection probability
8,f687cd66743b4adf626e,sample_size,5,2000,continuous,0.8,first_factor,superiority_null,0.0,0.05,0.5,1.0,100000,100000,True,4999,100000,type1,adjusted,refined_R_lattice,4914,0.04914,0.0006835587787454712,0.047817482142236654,0.050497155729641745,-0.0008599999999999997,null rejection probability
8,f687cd66743b4adf626e,sample_size,5,2000,continuous,0.8,first_factor,superiority_null,0.0,0.05,0.5,1.0,100000,100000,True,4999,100000,type1,adjusted,original_CRT_lattice,4950,0.0495,0.0006859282032399601,0.04817282498074237,0.050861785233694966,-0.0005000000000000004,null rejection probability
8,f687cd66743b4adf626e,sample_size,5,2000,continuous,0.8,first_factor,superiority_null,0.0,0.05,0.5,1.0,100000,100000,True,4999,100000,type1,adjusted,refined_CRT_lattice,4950,0.0495,0.0006859282032399601,0.04817282498074237,0.050861785233694966,-0.0005000000000000004,null rejection probability
8,f687cd66743b4adf626e,sample_size,5,2000,continuous,0.8,first_factor,superiority_null,0.0,0.05,0.5,1.0,100000,100000,True,4999,100000,type1,adjusted,original_CRT_noise,4962,0.04962,0.0006867157752665946,0.04829127697498431,0.05098332402030599,-0.00038000000000000533,null rejection probability
8,f687cd66743b4adf626e,sample_size,5,2000,continuous,0.8,first_factor,superiority_null,0.0,0.05,0.5,1.0,100000,100000,True,4999,100000,type1,adjusted,refined_CRT_noise,4962,0.04962,0.0006867157752665946,0.04829127697498431,0.05098332402030599,-0.00038000000000000533,null rejection probability
9,17431ebc449c2d76da55,sample_size,5,2000,continuous,0.8,first_factor,superiority_power,0.135,0.05,0.5,1.0,10000,10000,True,4999,100000,power,unadjusted,RT,8238,0.8238,0.003809902360953624,0.8162087884450779,0.8311425342100718,nan,power under fixed alternative
9,17431ebc449c2d76da55,sample_size,5,2000,continuous,0.8,first_factor,superiority_power,0.135,0.05,0.5,1.0,10000,10000,True,4999,100000,power,unadjusted,original_S_normal,8223,0.8223,0.003822600031392246,0.8146844952207509,0.8296679794295109,nan,power under fixed alternative
9,17431ebc449c2d76da55,sample_size,5,2000,continuous,0.8,first_factor,superiority_power,0.135,0.05,0.5,1.0,10000,10000,True,4999,100000,power,unadjusted,refined_S_normal,8227,0.8227,0.0038192238740351425,0.8150909540527422,0.830061213398823,nan,power under fixed alternative
9,17431ebc449c2d76da55,sample_size,5,2000,continuous,0.8,first_factor,superiority_power,0.135,0.05,0.5,1.0,10000,10000,True,4999,100000,power,unadjusted,original_R_normal,8218,0.8218,0.0038268101599112543,0.8141764413945917,0.8291764172540407,nan,power under fixed alternative
9,17431ebc449c2d76da55,sample_size,5,2000,continuous,0.8,first_factor,superiority_power,0.135,0.05,0.5,1.0,10000,10000,True,4999,100000,power,unadjusted,refined_R_normal,8223,0.8223,0.003822600031392246,0.8146844952207509,0.8296679794295109,nan,power under fixed alternative
9,17431ebc449c2d76da55,sample_size,5,2000,continuous,0.8,first_factor,superiority_power,0.135,0.05,0.5,1.0,10000,10000,True,4999,100000,power,unadjusted,original_CRT_data,8242,0.8242,0.0038064991790357707,0.8166153001918401,0.8315357152646132,nan,power under fixed alternative
9,17431ebc449c2d76da55,sample_size,5,2000,continuous,0.8,first_factor,superiority_power,0.135,0.05,0.5,1.0,10000,10000,True,4999,100000,power,unadjusted,refined_CRT_data,8242,0.8242,0.0038064991790357707,0.8166153001918401,0.8315357152646132,nan,power under fixed alternative
9,17431ebc449c2d76da55,sample_size,5,2000,continuous,0.8,first_factor,superiority_power,0.135,0.05,0.5,1.0,10000,10000,True,4999,100000,power,unadjusted,original_R_lattice,8218,0.8218,0.0038268101599112543,0.8141764413945917,0.8291764172540407,nan,power under fixed alternative
9,17431ebc449c2d76da55,sample_size,5,2000,continuous,0.8,first_factor,superiority_power,0.135,0.05,0.5,1.0,10000,10000,True,4999,100000,power,unadjusted,refined_R_lattice,8223,0.8223,0.003822600031392246,0.8146844952207509,0.8296679794295109,nan,power under fixed alternative
9,17431ebc449c2d76da55,sample_size,5,2000,continuous,0.8,first_factor,superiority_power,0.135,0.05,0.5,1.0,10000,10000,True,4999,100000,power,unadjusted,original_CRT_lattice,8223,0.8223,0.003822600031392246,0.8146844952207509,0.8296679794295109,nan,power under fixed alternative
9,17431ebc449c2d76da55,sample_size,5,2000,continuous,0.8,first_factor,superiority_power,0.135,0.05,0.5,1.0,10000,10000,True,4999,100000,power,unadjusted,refined_CRT_lattice,8227,0.8227,0.0038192238740351425,0.8150909540527422,0.830061213398823,nan,power under fixed alternative
9,17431ebc449c2d76da55,sample_size,5,2000,continuous,0.8,first_factor,superiority_power,0.135,0.05,0.5,1.0,10000,10000,True,4999,100000,power,unadjusted,original_CRT_noise,8241,0.8241,0.003807350653669819,0.8165136709253524,0.8314374213307751,nan,power under fixed alternative
9,17431ebc449c2d76da55,sample_size,5,2000,continuous,0.8,first_factor,superiority_power,0.135,0.05,0.5,1.0,10000,10000,True,4999,100000,power,unadjusted,refined_CRT_noise,8241,0.8241,0.003807350653669819,0.8165136709253524,0.8314374213307751,nan,power under fixed alternative
9,17431ebc449c2d76da55,sample_size,5,2000,continuous,0.8,first_factor,superiority_power,0.135,0.05,0.5,1.0,10000,10000,True,4999,100000,power,adjusted,RT,8262,0.8262,0.003789374090796526,0.8186480726987903,0.8335014067641805,nan,power under fixed alternative
9,17431ebc449c2d76da55,sample_size,5,2000,continuous,0.8,first_factor,superiority_power,0.135,0.05,0.5,1.0,10000,10000,True,4999,100000,power,adjusted,original_S_normal,8256,0.8256,0.0037945308010345624,0.8180382033847557,0.8329117368762595,nan,power under fixed alternative
9,17431ebc449c2d76da55,sample_size,5,2000,continuous,0.8,first_factor,superiority_power,0.135,0.05,0.5,1.0,10000,10000,True,4999,100000,power,adjusted,refined_S_normal,8256,0.8256,0.0037945308010345624,0.8180382033847557,0.8329117368762595,nan,power under fixed alternative
9,17431ebc449c2d76da55,sample_size,5,2000,continuous,0.8,first_factor,superiority_power,0.135,0.05,0.5,1.0,10000,10000,True,4999,100000,power,adjusted,original_R_normal,8252,0.8252,0.0037979594521268915,0.8176316417690291,0.8325186056906829,nan,power under fixed alternative
9,17431ebc449c2d76da55,sample_size,5,2000,continuous,0.8,first_factor,superiority_power,0.135,0.05,0.5,1.0,10000,10000,True,4999,100000,power,adjusted,refined_R_normal,8251,0.8251,0.0037988154732758474,0.8175300036004057,0.8324203206589803,nan,power under fixed alternative
9,17431ebc449c2d76da55,sample_size,5,2000,continuous,0.8,first_factor,superiority_power,0.135,0.05,0.5,1.0,10000,10000,True,4999,100000,power,adjusted,original_CRT_data,8267,0.8267,0.003785064200248128,0.8191563218606365,0.8339927736039633,nan,power under fixed alternative
9,17431ebc449c2d76da55,sample_size,5,2000,continuous,0.8,first_factor,superiority_power,0.135,0.05,0.5,1.0,10000,10000,True,4999,100000,power,adjusted,refined_CRT_data,8267,0.8267,0.003785064200248128,0.8191563218606365,0.8339927736039633,nan,power under fixed alternative
9,17431ebc449c2d76da55,sample_size,5,2000,continuous,0.8,first_factor,superiority_power,0.135,0.05,0.5,1.0,10000,10000,True,4999,100000,power,adjusted,original_R_lattice,8252,0.8252,0.0037979594521268915,0.8176316417690291,0.8325186056906829,nan,power under fixed alternative
9,17431ebc449c2d76da55,sample_size,5,2000,continuous,0.8,first_factor,superiority_power,0.135,0.05,0.5,1.0,10000,10000,True,4999,100000,power,adjusted,refined_R_lattice,8251,0.8251,0.0037988154732758474,0.8175300036004057,0.8324203206589803,nan,power under fixed alternative
9,17431ebc449c2d76da55,sample_size,5,2000,continuous,0.8,first_factor,superiority_power,0.135,0.05,0.5,1.0,10000,10000,True,4999,100000,power,adjusted,original_CRT_lattice,8256,0.8256,0.0037945308010345624,0.8180382033847557,0.8329117368762595,nan,power under fixed alternative
9,17431ebc449c2d76da55,sample_size,5,2000,continuous,0.8,first_factor,superiority_power,0.135,0.05,0.5,1.0,10000,10000,True,4999,100000,power,adjusted,refined_CRT_lattice,8256,0.8256,0.0037945308010345624,0.8180382033847557,0.8329117368762595,nan,power under fixed alternative
9,17431ebc449c2d76da55,sample_size,5,2000,continuous,0.8,first_factor,superiority_power,0.135,0.05,0.5,1.0,10000,10000,True,4999,100000,power,adjusted,original_CRT_noise,8265,0.8265,0.0037867895373257807,0.8189530194921817,0.8337962295717665,nan,power under fixed alternative
9,17431ebc449c2d76da55,sample_size,5,2000,continuous,0.8,first_factor,superiority_power,0.135,0.05,0.5,1.0,10000,10000,True,4999,100000,power,adjusted,refined_CRT_noise,8265,0.8265,0.0037867895373257807,0.8189530194921817,0.8337962295717665,nan,power under fixed alternative
10,a41656bbbdd53ea655cf,sample_size,5,2000,binary,0.8,first_factor,superiority_null,0.0,0.05,0.12,1.0,100000,100000,True,4999,100000,type1,unadjusted,RT,4725,0.04725,0.0006709503521125837,0.0459522632690473,0.04858251980439666,-0.0027500000000000024,null rejection probability
10,a41656bbbdd53ea655cf,sample_size,5,2000,binary,0.8,first_factor,superiority_null,0.0,0.05,0.12,1.0,100000,100000,True,4999,100000,type1,unadjusted,original_S_normal,4958,0.04958,0.000686453374964389,0.048251792734517164,0.05094281133382215,-0.0004200000000000037,null rejection probability
10,a41656bbbdd53ea655cf,sample_size,5,2000,binary,0.8,first_factor,superiority_null,0.0,0.05,0.12,1.0,100000,100000,True,4999,100000,type1,unadjusted,refined_S_normal,4962,0.04962,0.0006867157752665946,0.04829127697498431,0.05098332402030599,-0.00038000000000000533,null rejection probability
10,a41656bbbdd53ea655cf,sample_size,5,2000,binary,0.8,first_factor,superiority_null,0.0,0.05,0.12,1.0,100000,100000,True,4999,100000,type1,unadjusted,original_R_normal,4934,0.04934,0.0006848763713255116,0.048014892389638276,0.050699730116995086,-0.0006600000000000009,null rejection probability
10,a41656bbbdd53ea655cf,sample_size,5,2000,binary,0.8,first_factor,superiority_null,0.0,0.05,0.12,1.0,100000,100000,True,4999,100000,type1,unadjusted,refined_R_normal,4935,0.04935,0.0006849421690916686,0.04802476306240726,0.05070985867596384,-0.0006500000000000047,null rejection probability
10,a41656bbbdd53ea655cf,sample_size,5,2000,binary,0.8,first_factor,superiority_null,0.0,0.05,0.12,1.0,100000,100000,True,4999,100000,type1,unadjusted,original_CRT_data,4725,0.04725,0.0006709503521125837,0.0459522632690473,0.04858251980439666,-0.0027500000000000024,null rejection probability
10,a41656bbbdd53ea655cf,sample_size,5,2000,binary,0.8,first_factor,superiority_null,0.0,0.05,0.12,1.0,100000,100000,True,4999,100000,type1,unadjusted,refined_CRT_data,4725,0.04725,0.0006709503521125837,0.0459522632690473,0.04858251980439666,-0.0027500000000000024,null rejection probability
10,a41656bbbdd53ea655cf,sample_size,5,2000,binary,0.8,first_factor,superiority_null,0.0,0.05,0.12,1.0,100000,100000,True,4999,100000,type1,unadjusted,original_R_lattice,4679,0.04679,0.0006678375244024553,0.04549838108124674,0.04811643733226078,-0.0032100000000000045,null rejection probability
10,a41656bbbdd53ea655cf,sample_size,5,2000,binary,0.8,first_factor,superiority_null,0.0,0.05,0.12,1.0,100000,100000,True,4999,100000,type1,unadjusted,refined_R_lattice,4682,0.04682,0.0006680410735875452,0.04552798103803659,0.04814683507068419,-0.0031800000000000023,null rejection probability
10,a41656bbbdd53ea655cf,sample_size,5,2000,binary,0.8,first_factor,superiority_null,0.0,0.05,0.12,1.0,100000,100000,True,4999,100000,type1,unadjusted,original_CRT_lattice,4679,0.04679,0.0006678375244024553,0.04549838108124674,0.04811643733226078,-0.0032100000000000045,null rejection probability
10,a41656bbbdd53ea655cf,sample_size,5,2000,binary,0.8,first_factor,superiority_null,0.0,0.05,0.12,1.0,100000,100000,True,4999,100000,type1,unadjusted,refined_CRT_lattice,4682,0.04682,0.0006680410735875452,0.04552798103803659,0.04814683507068419,-0.0031800000000000023,null rejection probability
10,a41656bbbdd53ea655cf,sample_size,5,2000,binary,0.8,first_factor,superiority_null,0.0,0.05,0.12,1.0,100000,100000,True,4999,100000,type1,unadjusted,original_CRT_noise,4725,0.04725,0.0006709503521125837,0.0459522632690473,0.04858251980439666,-0.0027500000000000024,null rejection probability
10,a41656bbbdd53ea655cf,sample_size,5,2000,binary,0.8,first_factor,superiority_null,0.0,0.05,0.12,1.0,100000,100000,True,4999,100000,type1,unadjusted,refined_CRT_noise,4725,0.04725,0.0006709503521125837,0.0459522632690473,0.04858251980439666,-0.0027500000000000024,null rejection probability
10,a41656bbbdd53ea655cf,sample_size,5,2000,binary,0.8,first_factor,superiority_null,0.0,0.05,0.12,1.0,100000,100000,True,4999,100000,type1,adjusted,RT,4947,0.04947,0.0006857311360876069,0.04814321232339675,0.05083140019582733,-0.0005300000000000027,null rejection probability
10,a41656bbbdd53ea655cf,sample_size,5,2000,binary,0.8,first_factor,superiority_null,0.0,0.05,0.12,1.0,100000,100000,True,4999,100000,type1,adjusted,original_S_normal,4940,0.0494,0.000685271041267614,0.0480741166548213,0.05076050124223854,-0.0006000000000000033,null rejection probability
10,a41656bbbdd53ea655cf,sample_size,5,2000,binary,0.8,first_factor,superiority_null,0.0,0.05,0.12,1.0,100000,100000,True,4999,100000,type1,adjusted,refined_S_normal,4940,0.0494,0.000685271041267614,0.0480741166548213,0.05076050124223854,-0.0006000000000000033,null rejection probability
10,a41656bbbdd53ea655cf,sample_size,5,2000,binary,0.8,first_factor,superiority_null,0.0,0.05,0.12,1.0,100000,100000,True,4999,100000,type1,adjusted,original_R_normal,4919,0.04919,0.000683888469708329,0.04786683413035123,0.05054779990021589,-0.0008100000000000052,null rejection probability
10,a41656bbbdd53ea655cf,sample_size,5,2000,binary,0.8,first_factor,superiority_null,0.0,0.05,0.12,1.0,100000,100000,True,4999,100000,type1,adjusted,refined_R_normal,4919,0.04919,0.000683888469708329,0.04786683413035123,0.05054779990021589,-0.0008100000000000052,null rejection probability
10,a41656bbbdd53ea655cf,sample_size,5,2000,binary,0.8,first_factor,superiority_null,0.0,0.05,0.12,1.0,100000,100000,True,4999,100000,type1,adjusted,original_CRT_data,4967,0.04967,0.0006870436019642422,0.04834063261587106,0.05103396453810799,-0.0003300000000000039,null rejection probability
10,a41656bbbdd53ea655cf,sample_size,5,2000,binary,0.8,first_factor,superiority_null,0.0,0.05,0.12,1.0,100000,100000,True,4999,100000,type1,adjusted,refined_CRT_data,4967,0.04967,0.0006870436019642422,0.04834063261587106,0.05103396453810799,-0.0003300000000000039,null rejection probability
10,a41656bbbdd53ea655cf,sample_size,5,2000,binary,0.8,first_factor,superiority_null,0.0,0.05,0.12,1.0,100000,100000,True,4999,100000,type1,adjusted,original_R_lattice,4919,0.04919,0.000683888469708329,0.04786683413035123,0.05054779990021589,-0.0008100000000000052,null rejection probability
10,a41656bbbdd53ea655cf,sample_size,5,2000,binary,0.8,first_factor,superiority_null,0.0,0.05,0.12,1.0,100000,100000,True,4999,100000,type1,adjusted,refined_R_lattice,4919,0.04919,0.000683888469708329,0.04786683413035123,0.05054779990021589,-0.0008100000000000052,null rejection probability
10,a41656bbbdd53ea655cf,sample_size,5,2000,binary,0.8,first_factor,superiority_null,0.0,0.05,0.12,1.0,100000,100000,True,4999,100000,type1,adjusted,original_CRT_lattice,4940,0.0494,0.000685271041267614,0.0480741166548213,0.05076050124223854,-0.0006000000000000033,null rejection probability
10,a41656bbbdd53ea655cf,sample_size,5,2000,binary,0.8,first_factor,superiority_null,0.0,0.05,0.12,1.0,100000,100000,True,4999,100000,type1,adjusted,refined_CRT_lattice,4940,0.0494,0.000685271041267614,0.0480741166548213,0.05076050124223854,-0.0006000000000000033,null rejection probability
10,a41656bbbdd53ea655cf,sample_size,5,2000,binary,0.8,first_factor,superiority_null,0.0,0.05,0.12,1.0,100000,100000,True,4999,100000,type1,adjusted,original_CRT_noise,4958,0.04958,0.000686453374964389,0.048251792734517164,0.05094281133382215,-0.0004200000000000037,null rejection probability
10,a41656bbbdd53ea655cf,sample_size,5,2000,binary,0.8,first_factor,superiority_null,0.0,0.05,0.12,1.0,100000,100000,True,4999,100000,type1,adjusted,refined_CRT_noise,4958,0.04958,0.000686453374964389,0.048251792734517164,0.05094281133382215,-0.0004200000000000037,null rejection probability
11,9ed27c582cb8e519fd6e,sample_size,5,2000,binary,0.8,first_factor,superiority_power,0.07,0.05,0.12,1.0,10000,10000,True,4999,100000,power,unadjusted,RT,9122,0.9122,0.002830038162286862,0.9064937496847149,0.9175896820584993,nan,power under fixed alternative
11,9ed27c582cb8e519fd6e,sample_size,5,2000,binary,0.8,first_factor,superiority_power,0.07,0.05,0.12,1.0,10000,10000,True,4999,100000,power,unadjusted,original_S_normal,9164,0.9164,0.0027678699391409274,0.910813862984116,0.9216663431727845,nan,power under fixed alternative
11,9ed27c582cb8e519fd6e,sample_size,5,2000,binary,0.8,first_factor,superiority_power,0.07,0.05,0.12,1.0,10000,10000,True,4999,100000,power,unadjusted,refined_S_normal,9164,0.9164,0.0027678699391409274,0.910813862984116,0.9216663431727845,nan,power under fixed alternative
11,9ed27c582cb8e519fd6e,sample_size,5,2000,binary,0.8,first_factor,superiority_power,0.07,0.05,0.12,1.0,10000,10000,True,4999,100000,power,unadjusted,original_R_normal,9161,0.9161,0.0027723778602492116,0.9105051517348901,0.9213752848210328,nan,power under fixed alternative
11,9ed27c582cb8e519fd6e,sample_size,5,2000,binary,0.8,first_factor,superiority_power,0.07,0.05,0.12,1.0,10000,10000,True,4999,100000,power,unadjusted,refined_R_normal,9161,0.9161,0.0027723778602492116,0.9105051517348901,0.9213752848210328,nan,power under fixed alternative
11,9ed27c582cb8e519fd6e,sample_size,5,2000,binary,0.8,first_factor,superiority_power,0.07,0.05,0.12,1.0,10000,10000,True,4999,100000,power,unadjusted,original_CRT_data,9122,0.9122,0.002830038162286862,0.9064937496847149,0.9175896820584993,nan,power under fixed alternative
11,9ed27c582cb8e519fd6e,sample_size,5,2000,binary,0.8,first_factor,superiority_power,0.07,0.05,0.12,1.0,10000,10000,True,4999,100000,power,unadjusted,refined_CRT_data,9122,0.9122,0.002830038162286862,0.9064937496847149,0.9175896820584993,nan,power under fixed alternative
11,9ed27c582cb8e519fd6e,sample_size,5,2000,binary,0.8,first_factor,superiority_power,0.07,0.05,0.12,1.0,10000,10000,True,4999,100000,power,unadjusted,original_R_lattice,9118,0.9118,0.0028358554264983245,0.9060825128469575,0.9172012260949532,nan,power under fixed alternative
11,9ed27c582cb8e519fd6e,sample_size,5,2000,binary,0.8,first_factor,superiority_power,0.07,0.05,0.12,1.0,10000,10000,True,4999,100000,power,unadjusted,refined_R_lattice,9118,0.9118,0.0028358554264983245,0.9060825128469575,0.9172012260949532,nan,power under fixed alternative
11,9ed27c582cb8e519fd6e,sample_size,5,2000,binary,0.8,first_factor,superiority_power,0.07,0.05,0.12,1.0,10000,10000,True,4999,100000,power,unadjusted,original_CRT_lattice,9118,0.9118,0.0028358554264983245,0.9060825128469575,0.9172012260949532,nan,power under fixed alternative
11,9ed27c582cb8e519fd6e,sample_size,5,2000,binary,0.8,first_factor,superiority_power,0.07,0.05,0.12,1.0,10000,10000,True,4999,100000,power,unadjusted,refined_CRT_lattice,9118,0.9118,0.0028358554264983245,0.9060825128469575,0.9172012260949532,nan,power under fixed alternative
11,9ed27c582cb8e519fd6e,sample_size,5,2000,binary,0.8,first_factor,superiority_power,0.07,0.05,0.12,1.0,10000,10000,True,4999,100000,power,unadjusted,original_CRT_noise,9122,0.9122,0.002830038162286862,0.9064937496847149,0.9175896820584993,nan,power under fixed alternative
11,9ed27c582cb8e519fd6e,sample_size,5,2000,binary,0.8,first_factor,superiority_power,0.07,0.05,0.12,1.0,10000,10000,True,4999,100000,power,unadjusted,refined_CRT_noise,9122,0.9122,0.002830038162286862,0.9064937496847149,0.9175896820584993,nan,power under fixed alternative
11,9ed27c582cb8e519fd6e,sample_size,5,2000,binary,0.8,first_factor,superiority_power,0.07,0.05,0.12,1.0,10000,10000,True,4999,100000,power,adjusted,RT,9166,0.9166,0.0027648587667365586,0.9110196820093808,0.9218603705481714,nan,power under fixed alternative
11,9ed27c582cb8e519fd6e,sample_size,5,2000,binary,0.8,first_factor,superiority_power,0.07,0.05,0.12,1.0,10000,10000,True,4999,100000,power,adjusted,original_S_normal,9158,0.9158,0.0027768752222597265,0.9101964611423878,0.9210842058125575,nan,power under fixed alternative
11,9ed27c582cb8e519fd6e,sample_size,5,2000,binary,0.8,first_factor,superiority_power,0.07,0.05,0.12,1.0,10000,10000,True,4999,100000,power,adjusted,refined_S_normal,9158,0.9158,0.0027768752222597265,0.9101964611423878,0.9210842058125575,nan,power under fixed alternative
11,9ed27c582cb8e519fd6e,sample_size,5,2000,binary,0.8,first_factor,superiority_power,0.07,0.05,0.12,1.0,10000,10000,True,4999,100000,power,adjusted,original_R_normal,9154,0.9154,0.002782855368142585,0.9097849056455499,0.9206960685080919,nan,power under fixed alternative
11,9ed27c582cb8e519fd6e,sample_size,5,2000,binary,0.8,first_factor,superiority_power,0.07,0.05,0.12,1.0,10000,10000,True,4999,100000,power,adjusted,refined_R_normal,9154,0.9154,0.002782855368142585,0.9097849056455499,0.9206960685080919,nan,power under fixed alternative
11,9ed27c582cb8e519fd6e,sample_size,5,2000,binary,0.8,first_factor,superiority_power,0.07,0.05,0.12,1.0,10000,10000,True,4999,100000,power,adjusted,original_CRT_data,9170,0.917,0.0027588222124667614,0.9114313478575047,0.9222483975013511,nan,power under fixed alternative
11,9ed27c582cb8e519fd6e,sample_size,5,2000,binary,0.8,first_factor,superiority_power,0.07,0.05,0.12,1.0,10000,10000,True,4999,100000,power,adjusted,refined_CRT_data,9170,0.917,0.0027588222124667614,0.9114313478575047,0.9222483975013511,nan,power under fixed alternative
11,9ed27c582cb8e519fd6e,sample_size,5,2000,binary,0.8,first_factor,superiority_power,0.07,0.05,0.12,1.0,10000,10000,True,4999,100000,power,adjusted,original_R_lattice,9154,0.9154,0.002782855368142585,0.9097849056455499,0.9206960685080919,nan,power under fixed alternative
11,9ed27c582cb8e519fd6e,sample_size,5,2000,binary,0.8,first_factor,superiority_power,0.07,0.05,0.12,1.0,10000,10000,True,4999,100000,power,adjusted,refined_R_lattice,9154,0.9154,0.002782855368142585,0.9097849056455499,0.9206960685080919,nan,power under fixed alternative
11,9ed27c582cb8e519fd6e,sample_size,5,2000,binary,0.8,first_factor,superiority_power,0.07,0.05,0.12,1.0,10000,10000,True,4999,100000,power,adjusted,original_CRT_lattice,9158,0.9158,0.0027768752222597265,0.9101964611423878,0.9210842058125575,nan,power under fixed alternative
11,9ed27c582cb8e519fd6e,sample_size,5,2000,binary,0.8,first_factor,superiority_power,0.07,0.05,0.12,1.0,10000,10000,True,4999,100000,power,adjusted,refined_CRT_lattice,9158,0.9158,0.0027768752222597265,0.9101964611423878,0.9210842058125575,nan,power under fixed alternative
11,9ed27c582cb8e519fd6e,sample_size,5,2000,binary,0.8,first_factor,superiority_power,0.07,0.05,0.12,1.0,10000,10000,True,4999,100000,power,adjusted,original_CRT_noise,9169,0.9169,0.0027603331320693878,0.9113284279112934,0.9221513942472366,nan,power under fixed alternative
11,9ed27c582cb8e519fd6e,sample_size,5,2000,binary,0.8,first_factor,superiority_power,0.07,0.05,0.12,1.0,10000,10000,True,4999,100000,power,adjusted,refined_CRT_noise,9169,0.9169,0.0027603331320693878,0.9113284279112934,0.9221513942472366,nan,power under fixed alternative
12,f39f01ae5cfde42c534f,pbc95,5,400,continuous,0.95,zero,superiority_null,0.0,0.05,0.0,1.0,100000,100000,True,4999,100000,type1,unadjusted,RT,5146,0.05146,0.0006986549105245021,0.05010780926018383,0.052846650374852165,0.001459999999999996,null rejection probability
12,f39f01ae5cfde42c534f,pbc95,5,400,continuous,0.95,zero,superiority_null,0.0,0.05,0.0,1.0,100000,100000,True,4999,100000,type1,unadjusted,original_S_normal,4415,0.04415,0.0006496212550401965,0.04289418040139399,0.045440840833347984,-0.005850000000000001,null rejection probability
12,f39f01ae5cfde42c534f,pbc95,5,400,continuous,0.95,zero,superiority_null,0.0,0.05,0.0,1.0,100000,100000,True,4999,100000,type1,unadjusted,refined_S_normal,5187,0.05187,0.0007012809928979967,0.050512647185993055,0.053261780950290626,0.0018699999999999967,null rejection probability
12,f39f01ae5cfde42c534f,pbc95,5,400,continuous,0.95,zero,superiority_null,0.0,0.05,0.0,1.0,100000,100000,True,4999,100000,type1,unadjusted,original_R_normal,4254,0.04254,0.000638203324967835,0.041306617527213464,0.04380852739775102,-0.007460000000000001,null rejection probability
12,f39f01ae5cfde42c534f,pbc95,5,400,continuous,0.95,zero,superiority_null,0.0,0.05,0.0,1.0,100000,100000,True,4999,100000,type1,unadjusted,refined_R_normal,5007,0.05007,0.0006896593006695407,0.04873549129174679,0.051439075131742194,7.000000000000062e-05,null rejection probability
12,f39f01ae5cfde42c534f,pbc95,5,400,continuous,0.95,zero,superiority_null,0.0,0.05,0.0,1.0,100000,100000,True,4999,100000,type1,unadjusted,original_CRT_data,5316,0.05316,0.0007094646883390322,0.05178656004864148,0.05456776898181174,0.003159999999999996,null rejection probability
12,f39f01ae5cfde42c534f,pbc95,5,400,continuous,0.95,zero,superiority_null,0.0,0.05,0.0,1.0,100000,100000,True,4999,100000,type1,unadjusted,refined_CRT_data,5328,0.05328,0.0007102199771901661,0.0519050752980336,0.054689244513272596,0.003279999999999998,null rejection probability
12,f39f01ae5cfde42c534f,pbc95,5,400,continuous,0.95,zero,superiority_null,0.0,0.05,0.0,1.0,100000,100000,True,4999,100000,type1,unadjusted,original_R_lattice,4254,0.04254,0.000638203324967835,0.041306617527213464,0.04380852739775102,-0.007460000000000001,null rejection probability
12,f39f01ae5cfde42c534f,pbc95,5,400,continuous,0.95,zero,superiority_null,0.0,0.05,0.0,1.0,100000,100000,True,4999,100000,type1,unadjusted,refined_R_lattice,5007,0.05007,0.0006896593006695407,0.04873549129174679,0.051439075131742194,7.000000000000062e-05,null rejection probability
12,f39f01ae5cfde42c534f,pbc95,5,400,continuous,0.95,zero,superiority_null,0.0,0.05,0.0,1.0,100000,100000,True,4999,100000,type1,unadjusted,original_CRT_lattice,4415,0.04415,0.0006496212550401965,0.04289418040139399,0.045440840833347984,-0.005850000000000001,null rejection probability
12,f39f01ae5cfde42c534f,pbc95,5,400,continuous,0.95,zero,superiority_null,0.0,0.05,0.0,1.0,100000,100000,True,4999,100000,type1,unadjusted,refined_CRT_lattice,5187,0.05187,0.0007012809928979967,0.050512647185993055,0.053261780950290626,0.0018699999999999967,null rejection probability
12,f39f01ae5cfde42c534f,pbc95,5,400,continuous,0.95,zero,superiority_null,0.0,0.05,0.0,1.0,100000,100000,True,4999,100000,type1,unadjusted,original_CRT_noise,5260,0.0526,0.000705926625082239,0.051233515105430213,0.054000856947709105,0.002599999999999998,null rejection probability
12,f39f01ae5cfde42c534f,pbc95,5,400,continuous,0.95,zero,superiority_null,0.0,0.05,0.0,1.0,100000,100000,True,4999,100000,type1,unadjusted,refined_CRT_noise,5266,0.05266,0.000706306763382597,0.05129276784362594,0.05406159959993986,0.0026599999999999957,null rejection probability
12,f39f01ae5cfde42c534f,pbc95,5,400,continuous,0.95,zero,superiority_null,0.0,0.05,0.0,1.0,100000,100000,True,4999,100000,type1,adjusted,RT,5174,0.05174,0.0007004496584337807,0.050384281343466425,0.053130156780226534,0.0017399999999999985,null rejection probability
12,f39f01ae5cfde42c534f,pbc95,5,400,continuous,0.95,zero,superiority_null,0.0,0.05,0.0,1.0,100000,100000,True,4999,100000,type1,adjusted,original_S_normal,5146,0.05146,0.0006986549105245021,0.05010780926018383,0.052846650374852165,0.001459999999999996,null rejection probability
12,f39f01ae5cfde42c534f,pbc95,5,400,continuous,0.95,zero,superiority_null,0.0,0.05,0.0,1.0,100000,100000,True,4999,100000,type1,adjusted,refined_S_normal,5139,0.05139,0.0006982053272497998,0.050038692995556126,0.05277577201731564,0.0013899999999999954,null rejection probability
12,f39f01ae5cfde42c534f,pbc95,5,400,continuous,0.95,zero,superiority_null,0.0,0.05,0.0,1.0,100000,100000,True,4999,100000,type1,adjusted,original_R_normal,5003,0.05003,0.0006893982818371395,0.048696004344472264,0.05139856515206572,2.9999999999995308e-05,null rejection probability
12,f39f01ae5cfde42c534f,pbc95,5,400,continuous,0.95,zero,superiority_null,0.0,0.05,0.0,1.0,100000,100000,True,4999,100000,type1,adjusted,refined_R_normal,4992,0.04992,0.0006886798501480932,0.048587416473674254,0.051287161473748503,-8.000000000000368e-05,null rejection probability
12,f39f01ae5cfde42c534f,pbc95,5,400,continuous,0.95,zero,superiority_null,0.0,0.05,0.0,1.0,100000,100000,True,4999,100000,type1,adjusted,original_CRT_data,5380,0.0538,0.0007134813242124842,0.05241866405166763,0.05521561581000148,0.003799999999999998,null rejection probability
12,f39f01ae5cfde42c534f,pbc95,5,400,continuous,0.95,zero,superiority_null,0.0,0.05,0.0,1.0,100000,100000,True,4999,100000,type1,adjusted,refined_CRT_data,5380,0.0538,0.0007134813242124842,0.05241866405166763,0.05521561581000148,0.003799999999999998,null rejection probability
12,f39f01ae5cfde42c534f,pbc95,5,400,continuous,0.95,zero,superiority_null,0.0,0.05,0.0,1.0,100000,100000,True,4999,100000,type1,adjusted,original_R_lattice,5003,0.05003,0.0006893982818371395,0.048696004344472264,0.05139856515206572,2.9999999999995308e-05,null rejection probability
12,f39f01ae5cfde42c534f,pbc95,5,400,continuous,0.95,zero,superiority_null,0.0,0.05,0.0,1.0,100000,100000,True,4999,100000,type1,adjusted,refined_R_lattice,4992,0.04992,0.0006886798501480932,0.048587416473674254,0.051287161473748503,-8.000000000000368e-05,null rejection probability
12,f39f01ae5cfde42c534f,pbc95,5,400,continuous,0.95,zero,superiority_null,0.0,0.05,0.0,1.0,100000,100000,True,4999,100000,type1,adjusted,original_CRT_lattice,5146,0.05146,0.0006986549105245021,0.05010780926018383,0.052846650374852165,0.001459999999999996,null rejection probability
12,f39f01ae5cfde42c534f,pbc95,5,400,continuous,0.95,zero,superiority_null,0.0,0.05,0.0,1.0,100000,100000,True,4999,100000,type1,adjusted,refined_CRT_lattice,5139,0.05139,0.0006982053272497998,0.050038692995556126,0.05277577201731564,0.0013899999999999954,null rejection probability
12,f39f01ae5cfde42c534f,pbc95,5,400,continuous,0.95,zero,superiority_null,0.0,0.05,0.0,1.0,100000,100000,True,4999,100000,type1,adjusted,original_CRT_noise,5318,0.05318,0.0007095906397353336,0.051806312453203156,0.05458801504072556,0.0031799999999999953,null rejection probability
12,f39f01ae5cfde42c534f,pbc95,5,400,continuous,0.95,zero,superiority_null,0.0,0.05,0.0,1.0,100000,100000,True,4999,100000,type1,adjusted,refined_CRT_noise,5318,0.05318,0.0007095906397353336,0.051806312453203156,0.05458801504072556,0.0031799999999999953,null rejection probability
13,d8bb31d506f67c62d819,pbc95,5,400,continuous,0.95,zero,superiority_power,0.3,0.05,0.0,1.0,10000,10000,True,4999,100000,power,unadjusted,RT,10000,1.0,0.0,0.9996160016293234,1.0,nan,power under fixed alternative
13,d8bb31d506f67c62d819,pbc95,5,400,continuous,0.95,zero,superiority_power,0.3,0.05,0.0,1.0,10000,10000,True,4999,100000,power,unadjusted,original_S_normal,10000,1.0,0.0,0.9996160016293234,1.0,nan,power under fixed alternative
13,d8bb31d506f67c62d819,pbc95,5,400,continuous,0.95,zero,superiority_power,0.3,0.05,0.0,1.0,10000,10000,True,4999,100000,power,unadjusted,refined_S_normal,10000,1.0,0.0,0.9996160016293234,1.0,nan,power under fixed alternative
13,d8bb31d506f67c62d819,pbc95,5,400,continuous,0.95,zero,superiority_power,0.3,0.05,0.0,1.0,10000,10000,True,4999,100000,power,unadjusted,original_R_normal,10000,1.0,0.0,0.9996160016293234,1.0,nan,power under fixed alternative
13,d8bb31d506f67c62d819,pbc95,5,400,continuous,0.95,zero,superiority_power,0.3,0.05,0.0,1.0,10000,10000,True,4999,100000,power,unadjusted,refined_R_normal,10000,1.0,0.0,0.9996160016293234,1.0,nan,power under fixed alternative
13,d8bb31d506f67c62d819,pbc95,5,400,continuous,0.95,zero,superiority_power,0.3,0.05,0.0,1.0,10000,10000,True,4999,100000,power,unadjusted,original_CRT_data,10000,1.0,0.0,0.9996160016293234,1.0,nan,power under fixed alternative
13,d8bb31d506f67c62d819,pbc95,5,400,continuous,0.95,zero,superiority_power,0.3,0.05,0.0,1.0,10000,10000,True,4999,100000,power,unadjusted,refined_CRT_data,10000,1.0,0.0,0.9996160016293234,1.0,nan,power under fixed alternative
13,d8bb31d506f67c62d819,pbc95,5,400,continuous,0.95,zero,superiority_power,0.3,0.05,0.0,1.0,10000,10000,True,4999,100000,power,unadjusted,original_R_lattice,10000,1.0,0.0,0.9996160016293234,1.0,nan,power under fixed alternative
13,d8bb31d506f67c62d819,pbc95,5,400,continuous,0.95,zero,superiority_power,0.3,0.05,0.0,1.0,10000,10000,True,4999,100000,power,unadjusted,refined_R_lattice,10000,1.0,0.0,0.9996160016293234,1.0,nan,power under fixed alternative
13,d8bb31d506f67c62d819,pbc95,5,400,continuous,0.95,zero,superiority_power,0.3,0.05,0.0,1.0,10000,10000,True,4999,100000,power,unadjusted,original_CRT_lattice,10000,1.0,0.0,0.9996160016293234,1.0,nan,power under fixed alternative
13,d8bb31d506f67c62d819,pbc95,5,400,continuous,0.95,zero,superiority_power,0.3,0.05,0.0,1.0,10000,10000,True,4999,100000,power,unadjusted,refined_CRT_lattice,10000,1.0,0.0,0.9996160016293234,1.0,nan,power under fixed alternative
13,d8bb31d506f67c62d819,pbc95,5,400,continuous,0.95,zero,superiority_power,0.3,0.05,0.0,1.0,10000,10000,True,4999,100000,power,unadjusted,original_CRT_noise,10000,1.0,0.0,0.9996160016293234,1.0,nan,power under fixed alternative
13,d8bb31d506f67c62d819,pbc95,5,400,continuous,0.95,zero,superiority_power,0.3,0.05,0.0,1.0,10000,10000,True,4999,100000,power,unadjusted,refined_CRT_noise,10000,1.0,0.0,0.9996160016293234,1.0,nan,power under fixed alternative
13,d8bb31d506f67c62d819,pbc95,5,400,continuous,0.95,zero,superiority_power,0.3,0.05,0.0,1.0,10000,10000,True,4999,100000,power,adjusted,RT,10000,1.0,0.0,0.9996160016293234,1.0,nan,power under fixed alternative
13,d8bb31d506f67c62d819,pbc95,5,400,continuous,0.95,zero,superiority_power,0.3,0.05,0.0,1.0,10000,10000,True,4999,100000,power,adjusted,original_S_normal,10000,1.0,0.0,0.9996160016293234,1.0,nan,power under fixed alternative
13,d8bb31d506f67c62d819,pbc95,5,400,continuous,0.95,zero,superiority_power,0.3,0.05,0.0,1.0,10000,10000,True,4999,100000,power,adjusted,refined_S_normal,10000,1.0,0.0,0.9996160016293234,1.0,nan,power under fixed alternative
13,d8bb31d506f67c62d819,pbc95,5,400,continuous,0.95,zero,superiority_power,0.3,0.05,0.0,1.0,10000,10000,True,4999,100000,power,adjusted,original_R_normal,10000,1.0,0.0,0.9996160016293234,1.0,nan,power under fixed alternative
13,d8bb31d506f67c62d819,pbc95,5,400,continuous,0.95,zero,superiority_power,0.3,0.05,0.0,1.0,10000,10000,True,4999,100000,power,adjusted,refined_R_normal,10000,1.0,0.0,0.9996160016293234,1.0,nan,power under fixed alternative
13,d8bb31d506f67c62d819,pbc95,5,400,continuous,0.95,zero,superiority_power,0.3,0.05,0.0,1.0,10000,10000,True,4999,100000,power,adjusted,original_CRT_data,10000,1.0,0.0,0.9996160016293234,1.0,nan,power under fixed alternative
13,d8bb31d506f67c62d819,pbc95,5,400,continuous,0.95,zero,superiority_power,0.3,0.05,0.0,1.0,10000,10000,True,4999,100000,power,adjusted,refined_CRT_data,10000,1.0,0.0,0.9996160016293234,1.0,nan,power under fixed alternative
13,d8bb31d506f67c62d819,pbc95,5,400,continuous,0.95,zero,superiority_power,0.3,0.05,0.0,1.0,10000,10000,True,4999,100000,power,adjusted,original_R_lattice,10000,1.0,0.0,0.9996160016293234,1.0,nan,power under fixed alternative
13,d8bb31d506f67c62d819,pbc95,5,400,continuous,0.95,zero,superiority_power,0.3,0.05,0.0,1.0,10000,10000,True,4999,100000,power,adjusted,refined_R_lattice,10000,1.0,0.0,0.9996160016293234,1.0,nan,power under fixed alternative
13,d8bb31d506f67c62d819,pbc95,5,400,continuous,0.95,zero,superiority_power,0.3,0.05,0.0,1.0,10000,10000,True,4999,100000,power,adjusted,original_CRT_lattice,10000,1.0,0.0,0.9996160016293234,1.0,nan,power under fixed alternative
13,d8bb31d506f67c62d819,pbc95,5,400,continuous,0.95,zero,superiority_power,0.3,0.05,0.0,1.0,10000,10000,True,4999,100000,power,adjusted,refined_CRT_lattice,10000,1.0,0.0,0.9996160016293234,1.0,nan,power under fixed alternative
13,d8bb31d506f67c62d819,pbc95,5,400,continuous,0.95,zero,superiority_power,0.3,0.05,0.0,1.0,10000,10000,True,4999,100000,power,adjusted,original_CRT_noise,10000,1.0,0.0,0.9996160016293234,1.0,nan,power under fixed alternative
13,d8bb31d506f67c62d819,pbc95,5,400,continuous,0.95,zero,superiority_power,0.3,0.05,0.0,1.0,10000,10000,True,4999,100000,power,adjusted,refined_CRT_noise,10000,1.0,0.0,0.9996160016293234,1.0,nan,power under fixed alternative
14,1522ed2ed621e75e8d2c,pbc95,5,400,continuous,0.95,first_factor,superiority_null,0.0,0.05,0.5,1.0,100000,100000,True,4999,100000,type1,unadjusted,RT,4675,0.04675,0.0006675660079722454,0.04545891470244787,0.04807590678410867,-0.003250000000000003,null rejection probability
14,1522ed2ed621e75e8d2c,pbc95,5,400,continuous,0.95,first_factor,superiority_null,0.0,0.05,0.5,1.0,100000,100000,True,4999,100000,type1,unadjusted,original_S_normal,4142,0.04142,0.0006301141452149761,0.040202512549140444,0.04267271842119622,-0.008580000000000004,null rejection probability
14,1522ed2ed621e75e8d2c,pbc95,5,400,continuous,0.95,first_factor,superiority_null,0.0,0.05,0.5,1.0,100000,100000,True,4999,100000,type1,unadjusted,refined_S_normal,5056,0.05056,0.0006928469268171722,0.0492192257045895,0.051935303074049144,0.000559999999999998,null rejection probability
14,1522ed2ed621e75e8d2c,pbc95,5,400,continuous,0.95,first_factor,superiority_null,0.0,0.05,0.5,1.0,100000,100000,True,4999,100000,type1,unadjusted,original_R_normal,3877,0.03877,0.000610466109624441,0.03759111750062564,0.03998431705920772,-0.011230000000000004,null rejection probability
14,1522ed2ed621e75e8d2c,pbc95,5,400,continuous,0.95,first_factor,superiority_null,0.0,0.05,0.5,1.0,100000,100000,True,4999,100000,type1,unadjusted,refined_R_normal,4683,0.04683,0.000668108906541441,0.0455378477231666,0.04815696761729191,-0.003170000000000006,null rejection probability
14,1522ed2ed621e75e8d2c,pbc95,5,400,continuous,0.95,first_factor,superiority_null,0.0,0.05,0.5,1.0,100000,100000,True,4999,100000,type1,unadjusted,original_CRT_data,5025,0.05025,0.000690832378366851,0.04891318550734933,0.05162136708741913,0.0002500000000000002,null rejection probability
14,1522ed2ed621e75e8d2c,pbc95,5,400,continuous,0.95,first_factor,superiority_null,0.0,0.05,0.5,1.0,100000,100000,True,4999,100000,type1,unadjusted,refined_CRT_data,5057,0.05057,0.0006929117916445065,0.049229098205330044,0.05194542980504635,0.0005699999999999941,null rejection probability
14,1522ed2ed621e75e8d2c,pbc95,5,400,continuous,0.95,first_factor,superiority_null,0.0,0.05,0.5,1.0,100000,100000,True,4999,100000,type1,unadjusted,original_R_lattice,3877,0.03877,0.000610466109624441,0.03759111750062564,0.03998431705920772,-0.011230000000000004,null rejection probability
14,1522ed2ed621e75e8d2c,pbc95,5,400,continuous,0.95,first_factor,superiority_null,0.0,0.05,0.5,1.0,100000,100000,True,4999,100000,type1,unadjusted,refined_R_lattice,4683,0.04683,0.000668108906541441,0.0455378477231666,0.04815696761729191,-0.003170000000000006,null rejection probability
14,1522ed2ed621e75e8d2c,pbc95,5,400,continuous,0.95,first_factor,superiority_null,0.0,0.05,0.5,1.0,100000,100000,True,4999,100000,type1,unadjusted,original_CRT_lattice,4142,0.04142,0.0006301141452149761,0.040202512549140444,0.04267271842119622,-0.008580000000000004,null rejection probability
14,1522ed2ed621e75e8d2c,pbc95,5,400,continuous,0.95,first_factor,superiority_null,0.0,0.05,0.5,1.0,100000,100000,True,4999,100000,type1,unadjusted,refined_CRT_lattice,5056,0.05056,0.0006928469268171722,0.0492192257045895,0.051935303074049144,0.000559999999999998,null rejection probability
14,1522ed2ed621e75e8d2c,pbc95,5,400,continuous,0.95,first_factor,superiority_null,0.0,0.05,0.5,1.0,100000,100000,True,4999,100000,type1,unadjusted,original_CRT_noise,4997,0.04997,0.0006890065246425465,0.04863677437215039,0.05133779973396112,-3.0000000000002247e-05,null rejection probability
14,1522ed2ed621e75e8d2c,pbc95,5,400,continuous,0.95,first_factor,superiority_null,0.0,0.05,0.5,1.0,100000,100000,True,4999,100000,type1,unadjusted,refined_CRT_noise,5021,0.05021,0.0006905719071899753,0.048873697487014284,0.05158085818080317,0.0002099999999999949,null rejection probability
14,1522ed2ed621e75e8d2c,pbc95,5,400,continuous,0.95,first_factor,superiority_null,0.0,0.05,0.5,1.0,100000,100000,True,4999,100000,type1,adjusted,RT,4675,0.04675,0.0006675660079722454,0.04545891470244787,0.04807590678410867,-0.003250000000000003,null rejection probability
14,1522ed2ed621e75e8d2c,pbc95,5,400,continuous,0.95,first_factor,superiority_null,0.0,0.05,0.5,1.0,100000,100000,True,4999,100000,type1,adjusted,original_S_normal,5023,0.05023,0.0006907021579523261,0.048893441467450456,0.05160111266384249,0.0002299999999999941,null rejection probability
14,1522ed2ed621e75e8d2c,pbc95,5,400,continuous,0.95,first_factor,superiority_null,0.0,0.05,0.5,1.0,100000,100000,True,4999,100000,type1,adjusted,refined_S_normal,5009,0.05009,0.0006897897643485296,0.0487552348550002,0.05145933003196428,8.99999999999998e-05,null rejection probability
14,1522ed2ed621e75e8d2c,pbc95,5,400,continuous,0.95,first_factor,superiority_null,0.0,0.05,0.5,1.0,100000,100000,True,4999,100000,type1,adjusted,original_R_normal,4636,0.04636,0.0006649116512740621,0.045074131364561495,0.04768072008422285,-0.0036400000000000043,null rejection probability
14,1522ed2ed621e75e8d2c,pbc95,5,400,continuous,0.95,first_factor,superiority_null,0.0,0.05,0.5,1.0,100000,100000,True,4999,100000,type1,adjusted,refined_R_normal,4629,0.04629,0.0006644338635259343,0.04500507036252401,0.04760978646409609,-0.003710000000000005,null rejection probability
14,1522ed2ed621e75e8d2c,pbc95,5,400,continuous,0.95,first_factor,superiority_null,0.0,0.05,0.5,1.0,100000,100000,True,4999,100000,type1,adjusted,original_CRT_data,5040,0.0504,0.0006918080658679833,0.0490612676985767,0.05177327337225798,0.0003999999999999976,null rejection probability
14,1522ed2ed621e75e8d2c,pbc95,5,400,continuous,0.95,first_factor,superiority_null,0.0,0.05,0.5,1.0,100000,100000,True,4999,100000,type1,adjusted,refined_CRT_data,5040,0.0504,0.0006918080658679833,0.0490612676985767,0.05177327337225798,0.0003999999999999976,null rejection probability
14,1522ed2ed621e75e8d2c,pbc95,5,400,continuous,0.95,first_factor,superiority_null,0.0,0.05,0.5,1.0,100000,100000,True,4999,100000,type1,adjusted,original_R_lattice,4636,0.04636,0.0006649116512740621,0.045074131364561495,0.04768072008422285,-0.0036400000000000043,null rejection probability
14,1522ed2ed621e75e8d2c,pbc95,5,400,continuous,0.95,first_factor,superiority_null,0.0,0.05,0.5,1.0,100000,100000,True,4999,100000,type1,adjusted,refined_R_lattice,4629,0.04629,0.0006644338635259343,0.04500507036252401,0.04760978646409609,-0.003710000000000005,null rejection probability
14,1522ed2ed621e75e8d2c,pbc95,5,400,continuous,0.95,first_factor,superiority_null,0.0,0.05,0.5,1.0,100000,100000,True,4999,100000,type1,adjusted,original_CRT_lattice,5023,0.05023,0.0006907021579523261,0.048893441467450456,0.05160111266384249,0.0002299999999999941,null rejection probability
14,1522ed2ed621e75e8d2c,pbc95,5,400,continuous,0.95,first_factor,superiority_null,0.0,0.05,0.5,1.0,100000,100000,True,4999,100000,type1,adjusted,refined_CRT_lattice,5009,0.05009,0.0006897897643485296,0.0487552348550002,0.05145933003196428,8.99999999999998e-05,null rejection probability
14,1522ed2ed621e75e8d2c,pbc95,5,400,continuous,0.95,first_factor,superiority_null,0.0,0.05,0.5,1.0,100000,100000,True,4999,100000,type1,adjusted,original_CRT_noise,5003,0.05003,0.0006893982818371395,0.048696004344472264,0.05139856515206572,2.9999999999995308e-05,null rejection probability
14,1522ed2ed621e75e8d2c,pbc95,5,400,continuous,0.95,first_factor,superiority_null,0.0,0.05,0.5,1.0,100000,100000,True,4999,100000,type1,adjusted,refined_CRT_noise,5003,0.05003,0.0006893982818371395,0.048696004344472264,0.05139856515206572,2.9999999999995308e-05,null rejection probability
15,440bf8b99f621712fda3,pbc95,5,400,continuous,0.95,first_factor,superiority_power,0.3,0.05,0.5,1.0,10000,10000,True,4999,100000,power,unadjusted,RT,10000,1.0,0.0,0.9996160016293234,1.0,nan,power under fixed alternative
15,440bf8b99f621712fda3,pbc95,5,400,continuous,0.95,first_factor,superiority_power,0.3,0.05,0.5,1.0,10000,10000,True,4999,100000,power,unadjusted,original_S_normal,10000,1.0,0.0,0.9996160016293234,1.0,nan,power under fixed alternative
15,440bf8b99f621712fda3,pbc95,5,400,continuous,0.95,first_factor,superiority_power,0.3,0.05,0.5,1.0,10000,10000,True,4999,100000,power,unadjusted,refined_S_normal,10000,1.0,0.0,0.9996160016293234,1.0,nan,power under fixed alternative
15,440bf8b99f621712fda3,pbc95,5,400,continuous,0.95,first_factor,superiority_power,0.3,0.05,0.5,1.0,10000,10000,True,4999,100000,power,unadjusted,original_R_normal,10000,1.0,0.0,0.9996160016293234,1.0,nan,power under fixed alternative
15,440bf8b99f621712fda3,pbc95,5,400,continuous,0.95,first_factor,superiority_power,0.3,0.05,0.5,1.0,10000,10000,True,4999,100000,power,unadjusted,refined_R_normal,10000,1.0,0.0,0.9996160016293234,1.0,nan,power under fixed alternative
15,440bf8b99f621712fda3,pbc95,5,400,continuous,0.95,first_factor,superiority_power,0.3,0.05,0.5,1.0,10000,10000,True,4999,100000,power,unadjusted,original_CRT_data,10000,1.0,0.0,0.9996160016293234,1.0,nan,power under fixed alternative
15,440bf8b99f621712fda3,pbc95,5,400,continuous,0.95,first_factor,superiority_power,0.3,0.05,0.5,1.0,10000,10000,True,4999,100000,power,unadjusted,refined_CRT_data,10000,1.0,0.0,0.9996160016293234,1.0,nan,power under fixed alternative
15,440bf8b99f621712fda3,pbc95,5,400,continuous,0.95,first_factor,superiority_power,0.3,0.05,0.5,1.0,10000,10000,True,4999,100000,power,unadjusted,original_R_lattice,10000,1.0,0.0,0.9996160016293234,1.0,nan,power under fixed alternative
15,440bf8b99f621712fda3,pbc95,5,400,continuous,0.95,first_factor,superiority_power,0.3,0.05,0.5,1.0,10000,10000,True,4999,100000,power,unadjusted,refined_R_lattice,10000,1.0,0.0,0.9996160016293234,1.0,nan,power under fixed alternative
15,440bf8b99f621712fda3,pbc95,5,400,continuous,0.95,first_factor,superiority_power,0.3,0.05,0.5,1.0,10000,10000,True,4999,100000,power,unadjusted,original_CRT_lattice,10000,1.0,0.0,0.9996160016293234,1.0,nan,power under fixed alternative
15,440bf8b99f621712fda3,pbc95,5,400,continuous,0.95,first_factor,superiority_power,0.3,0.05,0.5,1.0,10000,10000,True,4999,100000,power,unadjusted,refined_CRT_lattice,10000,1.0,0.0,0.9996160016293234,1.0,nan,power under fixed alternative
15,440bf8b99f621712fda3,pbc95,5,400,continuous,0.95,first_factor,superiority_power,0.3,0.05,0.5,1.0,10000,10000,True,4999,100000,power,unadjusted,original_CRT_noise,10000,1.0,0.0,0.9996160016293234,1.0,nan,power under fixed alternative
15,440bf8b99f621712fda3,pbc95,5,400,continuous,0.95,first_factor,superiority_power,0.3,0.05,0.5,1.0,10000,10000,True,4999,100000,power,unadjusted,refined_CRT_noise,10000,1.0,0.0,0.9996160016293234,1.0,nan,power under fixed alternative
15,440bf8b99f621712fda3,pbc95,5,400,continuous,0.95,first_factor,superiority_power,0.3,0.05,0.5,1.0,10000,10000,True,4999,100000,power,adjusted,RT,10000,1.0,0.0,0.9996160016293234,1.0,nan,power under fixed alternative
15,440bf8b99f621712fda3,pbc95,5,400,continuous,0.95,first_factor,superiority_power,0.3,0.05,0.5,1.0,10000,10000,True,4999,100000,power,adjusted,original_S_normal,10000,1.0,0.0,0.9996160016293234,1.0,nan,power under fixed alternative
15,440bf8b99f621712fda3,pbc95,5,400,continuous,0.95,first_factor,superiority_power,0.3,0.05,0.5,1.0,10000,10000,True,4999,100000,power,adjusted,refined_S_normal,10000,1.0,0.0,0.9996160016293234,1.0,nan,power under fixed alternative
15,440bf8b99f621712fda3,pbc95,5,400,continuous,0.95,first_factor,superiority_power,0.3,0.05,0.5,1.0,10000,10000,True,4999,100000,power,adjusted,original_R_normal,10000,1.0,0.0,0.9996160016293234,1.0,nan,power under fixed alternative
15,440bf8b99f621712fda3,pbc95,5,400,continuous,0.95,first_factor,superiority_power,0.3,0.05,0.5,1.0,10000,10000,True,4999,100000,power,adjusted,refined_R_normal,10000,1.0,0.0,0.9996160016293234,1.0,nan,power under fixed alternative
15,440bf8b99f621712fda3,pbc95,5,400,continuous,0.95,first_factor,superiority_power,0.3,0.05,0.5,1.0,10000,10000,True,4999,100000,power,adjusted,original_CRT_data,10000,1.0,0.0,0.9996160016293234,1.0,nan,power under fixed alternative
15,440bf8b99f621712fda3,pbc95,5,400,continuous,0.95,first_factor,superiority_power,0.3,0.05,0.5,1.0,10000,10000,True,4999,100000,power,adjusted,refined_CRT_data,10000,1.0,0.0,0.9996160016293234,1.0,nan,power under fixed alternative
15,440bf8b99f621712fda3,pbc95,5,400,continuous,0.95,first_factor,superiority_power,0.3,0.05,0.5,1.0,10000,10000,True,4999,100000,power,adjusted,original_R_lattice,10000,1.0,0.0,0.9996160016293234,1.0,nan,power under fixed alternative
15,440bf8b99f621712fda3,pbc95,5,400,continuous,0.95,first_factor,superiority_power,0.3,0.05,0.5,1.0,10000,10000,True,4999,100000,power,adjusted,refined_R_lattice,10000,1.0,0.0,0.9996160016293234,1.0,nan,power under fixed alternative
15,440bf8b99f621712fda3,pbc95,5,400,continuous,0.95,first_factor,superiority_power,0.3,0.05,0.5,1.0,10000,10000,True,4999,100000,power,adjusted,original_CRT_lattice,10000,1.0,0.0,0.9996160016293234,1.0,nan,power under fixed alternative
15,440bf8b99f621712fda3,pbc95,5,400,continuous,0.95,first_factor,superiority_power,0.3,0.05,0.5,1.0,10000,10000,True,4999,100000,power,adjusted,refined_CRT_lattice,10000,1.0,0.0,0.9996160016293234,1.0,nan,power under fixed alternative
15,440bf8b99f621712fda3,pbc95,5,400,continuous,0.95,first_factor,superiority_power,0.3,0.05,0.5,1.0,10000,10000,True,4999,100000,power,adjusted,original_CRT_noise,10000,1.0,0.0,0.9996160016293234,1.0,nan,power under fixed alternative
15,440bf8b99f621712fda3,pbc95,5,400,continuous,0.95,first_factor,superiority_power,0.3,0.05,0.5,1.0,10000,10000,True,4999,100000,power,adjusted,refined_CRT_noise,10000,1.0,0.0,0.9996160016293234,1.0,nan,power under fixed alternative
16,2e291590141bd519fa70,pbc95,5,400,continuous,0.95,zero,superiority_null,0.0,0.05,0.0,1.0,100000,100000,True,4999,100000,type1,unadjusted,RT,5063,0.05063,0.0006933008228756115,0.04928833351883138,0.05200618988197151,0.0006299999999999986,null rejection probability
16,2e291590141bd519fa70,pbc95,5,400,continuous,0.95,zero,superiority_null,0.0,0.05,0.0,1.0,100000,100000,True,4999,100000,type1,unadjusted,original_S_normal,4980,0.0498,0.0006878950501348298,0.048468959048042326,0.05116562811852744,-0.00020000000000000573,null rejection probability
16,2e291590141bd519fa70,pbc95,5,400,continuous,0.95,zero,superiority_null,0.0,0.05,0.0,1.0,100000,100000,True,4999,100000,type1,unadjusted,refined_S_normal,5066,0.05066,0.0006934952371862405,0.04931795137407654,0.05203656972193959,0.0006599999999999939,null rejection probability
16,2e291590141bd519fa70,pbc95,5,400,continuous,0.95,zero,superiority_null,0.0,0.05,0.0,1.0,100000,100000,True,4999,100000,type1,unadjusted,original_R_normal,4812,0.04812,0.0006767899644646041,0.046810786069464594,0.04946393016516347,-0.0018799999999999997,null rejection probability
16,2e291590141bd519fa70,pbc95,5,400,continuous,0.95,zero,superiority_null,0.0,0.05,0.0,1.0,100000,100000,True,4999,100000,type1,unadjusted,refined_R_normal,4888,0.04888,0.0006818412249197023,0.04756085799722,0.05023379984947693,-0.001120000000000003,null rejection probability
16,2e291590141bd519fa70,pbc95,5,400,continuous,0.95,zero,superiority_null,0.0,0.05,0.0,1.0,100000,100000,True,4999,100000,type1,unadjusted,original_CRT_data,5276,0.05276,0.000706939759809844,0.05139152351906119,0.054162836241882104,0.0027599999999999986,null rejection probability
16,2e291590141bd519fa70,pbc95,5,400,continuous,0.95,zero,superiority_null,0.0,0.05,0.0,1.0,100000,100000,True,4999,100000,type1,unadjusted,refined_CRT_data,5276,0.05276,0.000706939759809844,0.05139152351906119,0.054162836241882104,0.0027599999999999986,null rejection probability
16,2e291590141bd519fa70,pbc95,5,400,continuous,0.95,zero,superiority_null,0.0,0.05,0.0,1.0,100000,100000,True,4999,100000,type1,unadjusted,original_R_lattice,4812,0.04812,0.0006767899644646041,0.046810786069464594,0.04946393016516347,-0.0018799999999999997,null rejection probability
16,2e291590141bd519fa70,pbc95,5,400,continuous,0.95,zero,superiority_null,0.0,0.05,0.0,1.0,100000,100000,True,4999,100000,type1,unadjusted,refined_R_lattice,4888,0.04888,0.0006818412249197023,0.04756085799722,0.05023379984947693,-0.001120000000000003,null rejection probability
16,2e291590141bd519fa70,pbc95,5,400,continuous,0.95,zero,superiority_null,0.0,0.05,0.0,1.0,100000,100000,True,4999,100000,type1,unadjusted,original_CRT_lattice,4980,0.0498,0.0006878950501348298,0.048468959048042326,0.05116562811852744,-0.00020000000000000573,null rejection probability
16,2e291590141bd519fa70,pbc95,5,400,continuous,0.95,zero,superiority_null,0.0,0.05,0.0,1.0,100000,100000,True,4999,100000,type1,unadjusted,refined_CRT_lattice,5066,0.05066,0.0006934952371862405,0.04931795137407654,0.05203656972193959,0.0006599999999999939,null rejection probability
16,2e291590141bd519fa70,pbc95,5,400,continuous,0.95,zero,superiority_null,0.0,0.05,0.0,1.0,100000,100000,True,4999,100000,type1,unadjusted,original_CRT_noise,5222,0.05222,0.0007035131242556886,0.05085825943811275,0.053616141808992136,0.0022199999999999998,null rejection probability
16,2e291590141bd519fa70,pbc95,5,400,continuous,0.95,zero,superiority_null,0.0,0.05,0.0,1.0,100000,100000,True,4999,100000,type1,unadjusted,refined_CRT_noise,5224,0.05224,0.000703640408163147,0.05087800923175402,0.05363639047882636,0.002239999999999999,null rejection probability
16,2e291590141bd519fa70,pbc95,5,400,continuous,0.95,zero,superiority_null,0.0,0.05,0.0,1.0,100000,100000,True,4999,100000,type1,adjusted,RT,5049,0.05049,0.000692392662439457,0.04915011861202358,0.05186441554445084,0.0004899999999999974,null rejection probability
16,2e291590141bd519fa70,pbc95,5,400,continuous,0.95,zero,superiority_null,0.0,0.05,0.0,1.0,100000,100000,True,4999,100000,type1,adjusted,original_S_normal,5007,0.05007,0.0006896593006695407,0.04873549129174679,0.051439075131742194,7.000000000000062e-05,null rejection probability
16,2e291590141bd519fa70,pbc95,5,400,continuous,0.95,zero,superiority_null,0.0,0.05,0.0,1.0,100000,100000,True,4999,100000,type1,adjusted,refined_S_normal,4997,0.04997,0.0006890065246425465,0.04863677437215039,0.05133779973396112,-3.0000000000002247e-05,null rejection probability
16,2e291590141bd519fa70,pbc95,5,400,continuous,0.95,zero,superiority_null,0.0,0.05,0.0,1.0,100000,100000,True,4999,100000,type1,adjusted,original_R_normal,4803,0.04803,0.0006761887243957859,0.04672196776663744,0.04937275538235089,-0.0019699999999999995,null rejection probability
16,2e291590141bd519fa70,pbc95,5,400,continuous,0.95,zero,superiority_null,0.0,0.05,0.0,1.0,100000,100000,True,4999,100000,type1,adjusted,refined_R_normal,4797,0.04797,0.0006757875339187606,0.046662756277493424,0.04931197148106841,-0.002030000000000004,null rejection probability
16,2e291590141bd519fa70,pbc95,5,400,continuous,0.95,zero,superiority_null,0.0,0.05,0.0,1.0,100000,100000,True,4999,100000,type1,adjusted,original_CRT_data,5252,0.05252,0.0007054193759743207,0.05115451223442265,0.05391986596481467,0.0025199999999999945,null rejection probability
16,2e291590141bd519fa70,pbc95,5,400,continuous,0.95,zero,superiority_null,0.0,0.05,0.0,1.0,100000,100000,True,4999,100000,type1,adjusted,refined_CRT_data,5252,0.05252,0.0007054193759743207,0.05115451223442265,0.05391986596481467,0.0025199999999999945,null rejection probability
16,2e291590141bd519fa70,pbc95,5,400,continuous,0.95,zero,superiority_null,0.0,0.05,0.0,1.0,100000,100000,True,4999,100000,type1,adjusted,original_R_lattice,4803,0.04803,0.0006761887243957859,0.04672196776663744,0.04937275538235089,-0.0019699999999999995,null rejection probability
16,2e291590141bd519fa70,pbc95,5,400,continuous,0.95,zero,superiority_null,0.0,0.05,0.0,1.0,100000,100000,True,4999,100000,type1,adjusted,refined_R_lattice,4797,0.04797,0.0006757875339187606,0.046662756277493424,0.04931197148106841,-0.002030000000000004,null rejection probability
16,2e291590141bd519fa70,pbc95,5,400,continuous,0.95,zero,superiority_null,0.0,0.05,0.0,1.0,100000,100000,True,4999,100000,type1,adjusted,original_CRT_lattice,5007,0.05007,0.0006896593006695407,0.04873549129174679,0.051439075131742194,7.000000000000062e-05,null rejection probability
16,2e291590141bd519fa70,pbc95,5,400,continuous,0.95,zero,superiority_null,0.0,0.05,0.0,1.0,100000,100000,True,4999,100000,type1,adjusted,refined_CRT_lattice,4997,0.04997,0.0006890065246425465,0.04863677437215039,0.05133779973396112,-3.0000000000002247e-05,null rejection probability
16,2e291590141bd519fa70,pbc95,5,400,continuous,0.95,zero,superiority_null,0.0,0.05,0.0,1.0,100000,100000,True,4999,100000,type1,adjusted,original_CRT_noise,5182,0.05182,0.0007009613940867214,0.05046327542356855,0.05321115655402638,0.0018199999999999952,null rejection probability
16,2e291590141bd519fa70,pbc95,5,400,continuous,0.95,zero,superiority_null,0.0,0.05,0.0,1.0,100000,100000,True,4999,100000,type1,adjusted,refined_CRT_noise,5181,0.05181,0.0007008974525563637,0.05045340111373585,0.05320103163212135,0.0018099999999999991,null rejection probability
17,1fa2e059fdc643e3b94c,pbc95,5,400,continuous,0.95,zero,superiority_power,0.3,0.05,0.0,1.0,10000,10000,True,4999,100000,power,unadjusted,RT,8318,0.8318,0.003740437942273605,0.8243417661017427,0.8390034125794763,nan,power under fixed alternative
17,1fa2e059fdc643e3b94c,pbc95,5,400,continuous,0.95,zero,superiority_power,0.3,0.05,0.0,1.0,10000,10000,True,4999,100000,power,unadjusted,original_S_normal,8312,0.8312,0.0037457517269568197,0.8237315892396501,0.8384140502396139,nan,power under fixed alternative
17,1fa2e059fdc643e3b94c,pbc95,5,400,continuous,0.95,zero,superiority_power,0.3,0.05,0.0,1.0,10000,10000,True,4999,100000,power,unadjusted,refined_S_normal,8324,0.8324,0.003735106959646537,0.8249519766365095,0.8395927412466647,nan,power under fixed alternative
17,1fa2e059fdc643e3b94c,pbc95,5,400,continuous,0.95,zero,superiority_power,0.3,0.05,0.0,1.0,10000,10000,True,4999,100000,power,unadjusted,original_R_normal,8267,0.8267,0.003785064200248128,0.8191563218606365,0.8339927736039633,nan,power under fixed alternative
17,1fa2e059fdc643e3b94c,pbc95,5,400,continuous,0.95,zero,superiority_power,0.3,0.05,0.0,1.0,10000,10000,True,4999,100000,power,unadjusted,refined_R_normal,8286,0.8286,0.003768581165372453,0.8210878751473188,0.8358597611234725,nan,power under fixed alternative
17,1fa2e059fdc643e3b94c,pbc95,5,400,continuous,0.95,zero,superiority_power,0.3,0.05,0.0,1.0,10000,10000,True,4999,100000,power,unadjusted,original_CRT_data,8363,0.8363,0.0037000312160845343,0.8289191759732636,0.8434225467226194,nan,power under fixed alternative
17,1fa2e059fdc643e3b94c,pbc95,5,400,continuous,0.95,zero,superiority_power,0.3,0.05,0.0,1.0,10000,10000,True,4999,100000,power,unadjusted,refined_CRT_data,8363,0.8363,0.0037000312160845343,0.8289191759732636,0.8434225467226194,nan,power under fixed alternative
17,1fa2e059fdc643e3b94c,pbc95,5,400,continuous,0.95,zero,superiority_power,0.3,0.05,0.0,1.0,10000,10000,True,4999,100000,power,unadjusted,original_R_lattice,8267,0.8267,0.003785064200248128,0.8191563218606365,0.8339927736039633,nan,power under fixed alternative
17,1fa2e059fdc643e3b94c,pbc95,5,400,continuous,0.95,zero,superiority_power,0.3,0.05,0.0,1.0,10000,10000,True,4999,100000,power,unadjusted,refined_R_lattice,8286,0.8286,0.003768581165372453,0.8210878751473188,0.8358597611234725,nan,power under fixed alternative
17,1fa2e059fdc643e3b94c,pbc95,5,400,continuous,0.95,zero,superiority_power,0.3,0.05,0.0,1.0,10000,10000,True,4999,100000,power,unadjusted,original_CRT_lattice,8312,0.8312,0.0037457517269568197,0.8237315892396501,0.8384140502396139,nan,power under fixed alternative
17,1fa2e059fdc643e3b94c,pbc95,5,400,continuous,0.95,zero,superiority_power,0.3,0.05,0.0,1.0,10000,10000,True,4999,100000,power,unadjusted,refined_CRT_lattice,8324,0.8324,0.003735106959646537,0.8249519766365095,0.8395927412466647,nan,power under fixed alternative
17,1fa2e059fdc643e3b94c,pbc95,5,400,continuous,0.95,zero,superiority_power,0.3,0.05,0.0,1.0,10000,10000,True,4999,100000,power,unadjusted,original_CRT_noise,8351,0.8351,0.0037109027203633353,0.8276983446416032,0.8422442996503693,nan,power under fixed alternative
17,1fa2e059fdc643e3b94c,pbc95,5,400,continuous,0.95,zero,superiority_power,0.3,0.05,0.0,1.0,10000,10000,True,4999,100000,power,unadjusted,refined_CRT_noise,8351,0.8351,0.0037109027203633353,0.8276983446416032,0.8422442996503693,nan,power under fixed alternative
17,1fa2e059fdc643e3b94c,pbc95,5,400,continuous,0.95,zero,superiority_power,0.3,0.05,0.0,1.0,10000,10000,True,4999,100000,power,adjusted,RT,8321,0.8321,0.0037377746052965795,0.8246468671510541,0.8392980811311423,nan,power under fixed alternative
17,1fa2e059fdc643e3b94c,pbc95,5,400,continuous,0.95,zero,superiority_power,0.3,0.05,0.0,1.0,10000,10000,True,4999,100000,power,adjusted,original_S_normal,8340,0.834,0.0037208063642173053,0.8265793704525902,0.8411641186357978,nan,power under fixed alternative
17,1fa2e059fdc643e3b94c,pbc95,5,400,continuous,0.95,zero,superiority_power,0.3,0.05,0.0,1.0,10000,10000,True,4999,100000,power,adjusted,refined_S_normal,8336,0.8336,0.003724393104923271,0.8261724993025086,0.840771296984576,nan,power under fixed alternative
17,1fa2e059fdc643e3b94c,pbc95,5,400,continuous,0.95,zero,superiority_power,0.3,0.05,0.0,1.0,10000,10000,True,4999,100000,power,adjusted,original_R_normal,8300,0.83,0.00375632799419859,0.8225113359627291,0.8372352251126242,nan,power under fixed alternative
17,1fa2e059fdc643e3b94c,pbc95,5,400,continuous,0.95,zero,superiority_power,0.3,0.05,0.0,1.0,10000,10000,True,4999,100000,power,adjusted,refined_R_normal,8296,0.8296,0.003759838294395119,0.8221046144791518,0.8368422537948982,nan,power under fixed alternative
17,1fa2e059fdc643e3b94c,pbc95,5,400,continuous,0.95,zero,superiority_power,0.3,0.05,0.0,1.0,10000,10000,True,4999,100000,power,adjusted,original_CRT_data,8360,0.836,0.0037027557305336794,0.8286139551430091,0.8431279979518961,nan,power under fixed alternative
17,1fa2e059fdc643e3b94c,pbc95,5,400,continuous,0.95,zero,superiority_power,0.3,0.05,0.0,1.0,10000,10000,True,4999,100000,power,adjusted,refined_CRT_data,8360,0.836,0.0037027557305336794,0.8286139551430091,0.8431279979518961,nan,power under fixed alternative
17,1fa2e059fdc643e3b94c,pbc95,5,400,continuous,0.95,zero,superiority_power,0.3,0.05,0.0,1.0,10000,10000,True,4999,100000,power,adjusted,original_R_lattice,8300,0.83,0.00375632799419859,0.8225113359627291,0.8372352251126242,nan,power under fixed alternative
17,1fa2e059fdc643e3b94c,pbc95,5,400,continuous,0.95,zero,superiority_power,0.3,0.05,0.0,1.0,10000,10000,True,4999,100000,power,adjusted,refined_R_lattice,8296,0.8296,0.003759838294395119,0.8221046144791518,0.8368422537948982,nan,power under fixed alternative
17,1fa2e059fdc643e3b94c,pbc95,5,400,continuous,0.95,zero,superiority_power,0.3,0.05,0.0,1.0,10000,10000,True,4999,100000,power,adjusted,original_CRT_lattice,8340,0.834,0.0037208063642173053,0.8265793704525902,0.8411641186357978,nan,power under fixed alternative
17,1fa2e059fdc643e3b94c,pbc95,5,400,continuous,0.95,zero,superiority_power,0.3,0.05,0.0,1.0,10000,10000,True,4999,100000,power,adjusted,refined_CRT_lattice,8336,0.8336,0.003724393104923271,0.8261724993025086,0.840771296984576,nan,power under fixed alternative
17,1fa2e059fdc643e3b94c,pbc95,5,400,continuous,0.95,zero,superiority_power,0.3,0.05,0.0,1.0,10000,10000,True,4999,100000,power,adjusted,original_CRT_noise,8350,0.835,0.0037118054905934932,0.8275966149400211,0.8421461061516256,nan,power under fixed alternative
17,1fa2e059fdc643e3b94c,pbc95,5,400,continuous,0.95,zero,superiority_power,0.3,0.05,0.0,1.0,10000,10000,True,4999,100000,power,adjusted,refined_CRT_noise,8350,0.835,0.0037118054905934932,0.8275966149400211,0.8421461061516256,nan,power under fixed alternative
18,57b5c95f239273496f29,pbc95,5,400,continuous,0.95,first_factor,superiority_null,0.0,0.05,0.5,1.0,100000,100000,True,4999,100000,type1,unadjusted,RT,4949,0.04949,0.0006858625219386171,0.04816295407977652,0.05085165690292306,-0.0005100000000000035,null rejection probability
18,57b5c95f239273496f29,pbc95,5,400,continuous,0.95,first_factor,superiority_null,0.0,0.05,0.5,1.0,100000,100000,True,4999,100000,type1,unadjusted,original_S_normal,4852,0.04852,0.0006794542633614128,0.04720554952010643,0.04986913598403156,-0.0014800000000000021,null rejection probability
18,57b5c95f239273496f29,pbc95,5,400,continuous,0.95,first_factor,superiority_null,0.0,0.05,0.5,1.0,100000,100000,True,4999,100000,type1,unadjusted,refined_S_normal,5012,0.05012,0.0006899854027441451,0.04878485031180518,0.051489712270372544,0.00011999999999999511,null rejection probability
18,57b5c95f239273496f29,pbc95,5,400,continuous,0.95,first_factor,superiority_null,0.0,0.05,0.5,1.0,100000,100000,True,4999,100000,type1,unadjusted,original_R_normal,4652,0.04652,0.0006660021741706254,0.04523198814668482,0.0478428510099035,-0.003480000000000004,null rejection probability
18,57b5c95f239273496f29,pbc95,5,400,continuous,0.95,first_factor,superiority_null,0.0,0.05,0.5,1.0,100000,100000,True,4999,100000,type1,unadjusted,refined_R_normal,4801,0.04801,0.0006760550266065625,0.04670223054016581,0.04935249414534701,-0.0019900000000000057,null rejection probability
18,57b5c95f239273496f29,pbc95,5,400,continuous,0.95,first_factor,superiority_null,0.0,0.05,0.5,1.0,100000,100000,True,4999,100000,type1,unadjusted,original_CRT_data,5158,0.05158,0.0006994247893805309,0.0502262959219921,0.052968154493896885,0.001579999999999998,null rejection probability
18,57b5c95f239273496f29,pbc95,5,400,continuous,0.95,first_factor,superiority_null,0.0,0.05,0.5,1.0,100000,100000,True,4999,100000,type1,unadjusted,refined_CRT_data,5160,0.0516,0.0006995530001365158,0.050246043899575245,0.05298840497978923,0.0015999999999999973,null rejection probability
18,57b5c95f239273496f29,pbc95,5,400,continuous,0.95,first_factor,superiority_null,0.0,0.05,0.5,1.0,100000,100000,True,4999,100000,type1,unadjusted,original_R_lattice,4652,0.04652,0.0006660021741706254,0.04523198814668482,0.0478428510099035,-0.003480000000000004,null rejection probability
18,57b5c95f239273496f29,pbc95,5,400,continuous,0.95,first_factor,superiority_null,0.0,0.05,0.5,1.0,100000,100000,True,4999,100000,type1,unadjusted,refined_R_lattice,4801,0.04801,0.0006760550266065625,0.04670223054016581,0.04935249414534701,-0.0019900000000000057,null rejection probability
18,57b5c95f239273496f29,pbc95,5,400,continuous,0.95,first_factor,superiority_null,0.0,0.05,0.5,1.0,100000,100000,True,4999,100000,type1,unadjusted,original_CRT_lattice,4852,0.04852,0.0006794542633614128,0.04720554952010643,0.04986913598403156,-0.0014800000000000021,null rejection probability
18,57b5c95f239273496f29,pbc95,5,400,continuous,0.95,first_factor,superiority_null,0.0,0.05,0.5,1.0,100000,100000,True,4999,100000,type1,unadjusted,refined_CRT_lattice,5012,0.05012,0.0006899854027441451,0.04878485031180518,0.051489712270372544,0.00011999999999999511,null rejection probability
18,57b5c95f239273496f29,pbc95,5,400,continuous,0.95,first_factor,superiority_null,0.0,0.05,0.5,1.0,100000,100000,True,4999,100000,type1,unadjusted,original_CRT_noise,5107,0.05107,0.0006961454955682757,0.049722741929811506,0.05245174766745231,0.0010699999999999946,null rejection probability
18,57b5c95f239273496f29,pbc95,5,400,continuous,0.95,first_factor,superiority_null,0.0,0.05,0.5,1.0,100000,100000,True,4999,100000,type1,unadjusted,refined_CRT_noise,5111,0.05111,0.0006964033881307586,0.04976223500262436,0.052492251521590455,0.0011099999999999999,null rejection probability
18,57b5c95f239273496f29,pbc95,5,400,continuous,0.95,first_factor,superiority_null,0.0,0.05,0.5,1.0,100000,100000,True,4999,100000,type1,adjusted,RT,4941,0.04941,0.0006853367923875093,0.048083987418987235,0.05077062970981037,-0.0005900000000000002,null rejection probability
18,57b5c95f239273496f29,pbc95,5,400,continuous,0.95,first_factor,superiority_null,0.0,0.05,0.5,1.0,100000,100000,True,4999,100000,type1,adjusted,original_S_normal,4973,0.04973,0.0006874367396350009,0.04839985988333207,0.05109473266107347,-0.0002699999999999994,null rejection probability
18,57b5c95f239273496f29,pbc95,5,400,continuous,0.95,first_factor,superiority_null,0.0,0.05,0.5,1.0,100000,100000,True,4999,100000,type1,adjusted,refined_S_normal,4964,0.04964,0.0006868469290897353,0.04831101918599129,0.051003580272774504,-0.00036000000000000615,null rejection probability
18,57b5c95f239273496f29,pbc95,5,400,continuous,0.95,first_factor,superiority_null,0.0,0.05,0.5,1.0,100000,100000,True,4999,100000,type1,adjusted,original_R_normal,4775,0.04775,0.000674314003265541,0.04644565238018132,0.04908909228015004,-0.002250000000000002,null rejection probability
18,57b5c95f239273496f29,pbc95,5,400,continuous,0.95,first_factor,superiority_null,0.0,0.05,0.5,1.0,100000,100000,True,4999,100000,type1,adjusted,refined_R_normal,4765,0.04765,0.0006736429135677151,0.04634697134359187,0.04898778099936201,-0.002350000000000005,null rejection probability
18,57b5c95f239273496f29,pbc95,5,400,continuous,0.95,first_factor,superiority_null,0.0,0.05,0.5,1.0,100000,100000,True,4999,100000,type1,adjusted,original_CRT_data,5163,0.05163,0.0006997452615059283,0.05027566597325495,0.05301878060132278,0.0016299999999999995,null rejection probability
18,57b5c95f239273496f29,pbc95,5,400,continuous,0.95,first_factor,superiority_null,0.0,0.05,0.5,1.0,100000,100000,True,4999,100000,type1,adjusted,refined_CRT_data,5163,0.05163,0.0006997452615059283,0.05027566597325495,0.05301878060132278,0.0016299999999999995,null rejection probability
18,57b5c95f239273496f29,pbc95,5,400,continuous,0.95,first_factor,superiority_null,0.0,0.05,0.5,1.0,100000,100000,True,4999,100000,type1,adjusted,original_R_lattice,4775,0.04775,0.000674314003265541,0.04644565238018132,0.04908909228015004,-0.002250000000000002,null rejection probability
18,57b5c95f239273496f29,pbc95,5,400,continuous,0.95,first_factor,superiority_null,0.0,0.05,0.5,1.0,100000,100000,True,4999,100000,type1,adjusted,refined_R_lattice,4765,0.04765,0.0006736429135677151,0.04634697134359187,0.04898778099936201,-0.002350000000000005,null rejection probability
18,57b5c95f239273496f29,pbc95,5,400,continuous,0.95,first_factor,superiority_null,0.0,0.05,0.5,1.0,100000,100000,True,4999,100000,type1,adjusted,original_CRT_lattice,4973,0.04973,0.0006874367396350009,0.04839985988333207,0.05109473266107347,-0.0002699999999999994,null rejection probability
18,57b5c95f239273496f29,pbc95,5,400,continuous,0.95,first_factor,superiority_null,0.0,0.05,0.5,1.0,100000,100000,True,4999,100000,type1,adjusted,refined_CRT_lattice,4964,0.04964,0.0006868469290897353,0.04831101918599129,0.051003580272774504,-0.00036000000000000615,null rejection probability
18,57b5c95f239273496f29,pbc95,5,400,continuous,0.95,first_factor,superiority_null,0.0,0.05,0.5,1.0,100000,100000,True,4999,100000,type1,adjusted,original_CRT_noise,5106,0.05106,0.000696081003906873,0.04971286869789757,0.052441621667628495,0.0010599999999999984,null rejection probability
18,57b5c95f239273496f29,pbc95,5,400,continuous,0.95,first_factor,superiority_null,0.0,0.05,0.5,1.0,100000,100000,True,4999,100000,type1,adjusted,refined_CRT_noise,5106,0.05106,0.000696081003906873,0.04971286869789757,0.052441621667628495,0.0010599999999999984,null rejection probability
19,1003f28ccd9d6ccfe91c,pbc95,5,400,continuous,0.95,first_factor,superiority_power,0.3,0.05,0.5,1.0,10000,10000,True,4999,100000,power,unadjusted,RT,8094,0.8094,0.0039277428632740205,0.8015835176190952,0.8169788641891301,nan,power under fixed alternative
19,1003f28ccd9d6ccfe91c,pbc95,5,400,continuous,0.95,first_factor,superiority_power,0.3,0.05,0.5,1.0,10000,10000,True,4999,100000,power,unadjusted,original_S_normal,8116,0.8116,0.003910312519479741,0.8038168118785356,0.8191438803368587,nan,power under fixed alternative
19,1003f28ccd9d6ccfe91c,pbc95,5,400,continuous,0.95,first_factor,superiority_power,0.3,0.05,0.5,1.0,10000,10000,True,4999,100000,power,unadjusted,refined_S_normal,8151,0.8151,0.0038821642160011723,0.807370598924163,0.8225874053026366,nan,power under fixed alternative
19,1003f28ccd9d6ccfe91c,pbc95,5,400,continuous,0.95,first_factor,superiority_power,0.3,0.05,0.5,1.0,10000,10000,True,4999,100000,power,unadjusted,original_R_normal,8052,0.8052,0.003960466639172712,0.797321037400274,0.8128445699942649,nan,power under fixed alternative
19,1003f28ccd9d6ccfe91c,pbc95,5,400,continuous,0.95,first_factor,superiority_power,0.3,0.05,0.5,1.0,10000,10000,True,4999,100000,power,unadjusted,refined_R_normal,8083,0.8083,0.003936382984416023,0.8004670174486987,0.8158962091559421,nan,power under fixed alternative
19,1003f28ccd9d6ccfe91c,pbc95,5,400,continuous,0.95,first_factor,superiority_power,0.3,0.05,0.5,1.0,10000,10000,True,4999,100000,power,unadjusted,original_CRT_data,8157,0.8157,0.0038772865511849906,0.807979921854344,0.8231776215744107,nan,power under fixed alternative
19,1003f28ccd9d6ccfe91c,pbc95,5,400,continuous,0.95,first_factor,superiority_power,0.3,0.05,0.5,1.0,10000,10000,True,4999,100000,power,unadjusted,refined_CRT_data,8158,0.8158,0.0038764721074709156,0.8080814786123477,0.823275988016733,nan,power under fixed alternative
19,1003f28ccd9d6ccfe91c,pbc95,5,400,continuous,0.95,first_factor,superiority_power,0.3,0.05,0.5,1.0,10000,10000,True,4999,100000,power,unadjusted,original_R_lattice,8052,0.8052,0.003960466639172712,0.797321037400274,0.8128445699942649,nan,power under fixed alternative
19,1003f28ccd9d6ccfe91c,pbc95,5,400,continuous,0.95,first_factor,superiority_power,0.3,0.05,0.5,1.0,10000,10000,True,4999,100000,power,unadjusted,refined_R_lattice,8083,0.8083,0.003936382984416023,0.8004670174486987,0.8158962091559421,nan,power under fixed alternative
19,1003f28ccd9d6ccfe91c,pbc95,5,400,continuous,0.95,first_factor,superiority_power,0.3,0.05,0.5,1.0,10000,10000,True,4999,100000,power,unadjusted,original_CRT_lattice,8116,0.8116,0.003910312519479741,0.8038168118785356,0.8191438803368587,nan,power under fixed alternative
19,1003f28ccd9d6ccfe91c,pbc95,5,400,continuous,0.95,first_factor,superiority_power,0.3,0.05,0.5,1.0,10000,10000,True,4999,100000,power,unadjusted,refined_CRT_lattice,8151,0.8151,0.0038821642160011723,0.807370598924163,0.8225874053026366,nan,power under fixed alternative
19,1003f28ccd9d6ccfe91c,pbc95,5,400,continuous,0.95,first_factor,superiority_power,0.3,0.05,0.5,1.0,10000,10000,True,4999,100000,power,unadjusted,original_CRT_noise,8145,0.8145,0.003887026498494704,0.806761306113986,0.8219971589108583,nan,power under fixed alternative
19,1003f28ccd9d6ccfe91c,pbc95,5,400,continuous,0.95,first_factor,superiority_power,0.3,0.05,0.5,1.0,10000,10000,True,4999,100000,power,unadjusted,refined_CRT_noise,8145,0.8145,0.003887026498494704,0.806761306113986,0.8219971589108583,nan,power under fixed alternative
19,1003f28ccd9d6ccfe91c,pbc95,5,400,continuous,0.95,first_factor,superiority_power,0.3,0.05,0.5,1.0,10000,10000,True,4999,100000,power,adjusted,RT,8128,0.8128,0.0039007199335507284,0.8050351390700937,0.8203246315492109,nan,power under fixed alternative
19,1003f28ccd9d6ccfe91c,pbc95,5,400,continuous,0.95,first_factor,superiority_power,0.3,0.05,0.5,1.0,10000,10000,True,4999,100000,power,adjusted,original_S_normal,8189,0.8189,0.003851010127226362,0.8112301575800622,0.8263249282591201,nan,power under fixed alternative
19,1003f28ccd9d6ccfe91c,pbc95,5,400,continuous,0.95,first_factor,superiority_power,0.3,0.05,0.5,1.0,10000,10000,True,4999,100000,power,adjusted,refined_S_normal,8188,0.8188,0.0038518380028241066,0.8111285745214286,0.8262265881174279,nan,power under fixed alternative
19,1003f28ccd9d6ccfe91c,pbc95,5,400,continuous,0.95,first_factor,superiority_power,0.3,0.05,0.5,1.0,10000,10000,True,4999,100000,power,adjusted,original_R_normal,8124,0.8124,0.003903924179591607,0.804629016852811,0.8199310609651902,nan,power under fixed alternative
19,1003f28ccd9d6ccfe91c,pbc95,5,400,continuous,0.95,first_factor,superiority_power,0.3,0.05,0.5,1.0,10000,10000,True,4999,100000,power,adjusted,refined_R_normal,8123,0.8123,0.0039047241900036934,0.8045274883566583,0.819832666261017,nan,power under fixed alternative
19,1003f28ccd9d6ccfe91c,pbc95,5,400,continuous,0.95,first_factor,superiority_power,0.3,0.05,0.5,1.0,10000,10000,True,4999,100000,power,adjusted,original_CRT_data,8185,0.8185,0.0038543190059983357,0.8108238304827391,0.8259315625551398,nan,power under fixed alternative
19,1003f28ccd9d6ccfe91c,pbc95,5,400,continuous,0.95,first_factor,superiority_power,0.3,0.05,0.5,1.0,10000,10000,True,4999,100000,power,adjusted,refined_CRT_data,8185,0.8185,0.0038543190059983357,0.8108238304827391,0.8259315625551398,nan,power under fixed alternative
19,1003f28ccd9d6ccfe91c,pbc95,5,400,continuous,0.95,first_factor,superiority_power,0.3,0.05,0.5,1.0,10000,10000,True,4999,100000,power,adjusted,original_R_lattice,8124,0.8124,0.003903924179591607,0.804629016852811,0.8199310609651902,nan,power under fixed alternative
19,1003f28ccd9d6ccfe91c,pbc95,5,400,continuous,0.95,first_factor,superiority_power,0.3,0.05,0.5,1.0,10000,10000,True,4999,100000,power,adjusted,refined_R_lattice,8123,0.8123,0.0039047241900036934,0.8045274883566583,0.819832666261017,nan,power under fixed alternative
19,1003f28ccd9d6ccfe91c,pbc95,5,400,continuous,0.95,first_factor,superiority_power,0.3,0.05,0.5,1.0,10000,10000,True,4999,100000,power,adjusted,original_CRT_lattice,8189,0.8189,0.003851010127226362,0.8112301575800622,0.8263249282591201,nan,power under fixed alternative
19,1003f28ccd9d6ccfe91c,pbc95,5,400,continuous,0.95,first_factor,superiority_power,0.3,0.05,0.5,1.0,10000,10000,True,4999,100000,power,adjusted,refined_CRT_lattice,8188,0.8188,0.0038518380028241066,0.8111285745214286,0.8262265881174279,nan,power under fixed alternative
19,1003f28ccd9d6ccfe91c,pbc95,5,400,continuous,0.95,first_factor,superiority_power,0.3,0.05,0.5,1.0,10000,10000,True,4999,100000,power,adjusted,original_CRT_noise,8172,0.8172,0.00386502470884728,0.8095033617035712,0.8246530297300716,nan,power under fixed alternative
19,1003f28ccd9d6ccfe91c,pbc95,5,400,continuous,0.95,first_factor,superiority_power,0.3,0.05,0.5,1.0,10000,10000,True,4999,100000,power,adjusted,refined_CRT_noise,8172,0.8172,0.00386502470884728,0.8095033617035712,0.8246530297300716,nan,power under fixed alternative
