index,id,F,n,outcome,pbc,role,direction,score,method,repetition,reference_draws,calls,elapsed_seconds,process_cpu_seconds,seconds_per_analysis,cpu_seconds_per_analysis
4,785a742969e47aa00342,2,1000,continuous,0.8,superiority_null,first_factor,unadjusted,score_preparation,1,4999,23500,1.0026142089918721,1.002524000000001,4.266443442518605e-05,4.26605957446809e-05
4,785a742969e47aa00342,2,1000,continuous,0.8,superiority_null,first_factor,unadjusted,RT,1,4999,100,6.011541459010914,6.011167999999998,0.06011541459010914,0.06011167999999998
4,785a742969e47aa00342,2,1000,continuous,0.8,superiority_null,first_factor,unadjusted,original_S_normal,1,4999,56200,1.0010109579889104,1.0009890000000041,1.7811582882364953e-05,1.7811192170818578e-05
4,785a742969e47aa00342,2,1000,continuous,0.8,superiority_null,first_factor,unadjusted,refined_S_normal,1,4999,20700,1.000428582978202,1.0002450000000067,4.832988323566193e-05,4.832101449275395e-05
4,785a742969e47aa00342,2,1000,continuous,0.8,superiority_null,first_factor,unadjusted,original_R_normal,1,4999,12500,1.00647762499284,1.0064759999999922,8.05182099994272e-05,8.051807999999937e-05
4,785a742969e47aa00342,2,1000,continuous,0.8,superiority_null,first_factor,unadjusted,refined_R_normal,1,4999,9300,1.0070320829981938,1.0068650000000048,0.00010828301967722513,0.00010826505376344138
4,785a742969e47aa00342,2,1000,continuous,0.8,superiority_null,first_factor,unadjusted,original_CRT_data,1,4999,100,6.023527792014647,6.0231449999999995,0.06023527792014647,0.06023144999999999
4,785a742969e47aa00342,2,1000,continuous,0.8,superiority_null,first_factor,unadjusted,refined_CRT_data,1,4999,100,6.0188454579911195,6.018323000000009,0.0601884545799112,0.060183230000000094
4,785a742969e47aa00342,2,1000,continuous,0.8,superiority_null,first_factor,unadjusted,RT,2,4999,100,6.016243374993792,6.015934999999999,0.06016243374993792,0.060159349999999986
4,785a742969e47aa00342,2,1000,continuous,0.8,superiority_null,first_factor,unadjusted,original_S_normal,2,4999,56000,1.0013610000023618,1.0011849999999924,1.7881446428613603e-05,1.7878303571428436e-05
4,785a742969e47aa00342,2,1000,continuous,0.8,superiority_null,first_factor,unadjusted,refined_S_normal,2,4999,20800,1.0036565419868566,1.0036330000000078,4.8252718364752725e-05,4.825158653846191e-05
4,785a742969e47aa00342,2,1000,continuous,0.8,superiority_null,first_factor,unadjusted,original_R_normal,2,4999,12400,1.0024658330075908,1.0023750000000007,8.084401879093475e-05,8.083669354838715e-05
4,785a742969e47aa00342,2,1000,continuous,0.8,superiority_null,first_factor,unadjusted,refined_R_normal,2,4999,9300,1.0050353329861537,1.0050019999999904,0.00010806831537485523,0.00010806473118279466
4,785a742969e47aa00342,2,1000,continuous,0.8,superiority_null,first_factor,unadjusted,original_CRT_data,2,4999,100,6.020298291987274,6.0200729999999965,0.060202982919872736,0.060200729999999966
4,785a742969e47aa00342,2,1000,continuous,0.8,superiority_null,first_factor,unadjusted,refined_CRT_data,2,4999,100,6.0168681670038495,6.0162169999999975,0.0601686816700385,0.06016216999999997
4,785a742969e47aa00342,2,1000,continuous,0.8,superiority_null,first_factor,unadjusted,score_preparation,2,4999,23300,1.0010420409962535,1.0010209999999944,4.2963177725161094e-05,4.2962274678111344e-05
4,785a742969e47aa00342,2,1000,continuous,0.8,superiority_null,first_factor,unadjusted,original_S_normal,3,4999,57600,1.0016902499774005,1.0016459999999938,1.7390455728774316e-05,1.738968749999989e-05
4,785a742969e47aa00342,2,1000,continuous,0.8,superiority_null,first_factor,unadjusted,refined_S_normal,3,4999,20600,1.0021264160168357,1.0021119999999968,4.864691339887552e-05,4.864621359223285e-05
4,785a742969e47aa00342,2,1000,continuous,0.8,superiority_null,first_factor,unadjusted,original_R_normal,3,4999,12400,1.0000698750081938,1.0000500000000017,8.065079637162854e-05,8.064919354838723e-05
4,785a742969e47aa00342,2,1000,continuous,0.8,superiority_null,first_factor,unadjusted,refined_R_normal,3,4999,9300,1.007182749977801,1.007087999999996,0.00010829922042772054,0.00010828903225806408
4,785a742969e47aa00342,2,1000,continuous,0.8,superiority_null,first_factor,unadjusted,original_CRT_data,3,4999,100,6.020148291019723,6.019468000000003,0.06020148291019723,0.060194680000000035
4,785a742969e47aa00342,2,1000,continuous,0.8,superiority_null,first_factor,unadjusted,refined_CRT_data,3,4999,100,6.023849124991102,6.023575999999991,0.06023849124991102,0.060235759999999916
4,785a742969e47aa00342,2,1000,continuous,0.8,superiority_null,first_factor,unadjusted,score_preparation,3,4999,23200,1.0010537499911152,1.0010380000000083,4.314886853409979e-05,4.314818965517277e-05
4,785a742969e47aa00342,2,1000,continuous,0.8,superiority_null,first_factor,unadjusted,RT,3,4999,100,6.013104832993122,6.012899999999988,0.06013104832993122,0.06012899999999988
4,785a742969e47aa00342,2,1000,continuous,0.8,superiority_null,first_factor,unadjusted,refined_S_normal,4,4999,20900,1.0015085840132087,1.0012389999999982,4.791907100541669e-05,4.790617224880374e-05
4,785a742969e47aa00342,2,1000,continuous,0.8,superiority_null,first_factor,unadjusted,original_R_normal,4,4999,12400,1.004332707991125,1.0041030000000148,8.099457322509073e-05,8.097604838709798e-05
4,785a742969e47aa00342,2,1000,continuous,0.8,superiority_null,first_factor,unadjusted,refined_R_normal,4,4999,9300,1.003386791999219,1.0033770000000004,0.00010789105290314183,0.00010789000000000004
4,785a742969e47aa00342,2,1000,continuous,0.8,superiority_null,first_factor,unadjusted,original_CRT_data,4,4999,100,6.024272833019495,6.023842000000002,0.06024272833019495,0.06023842000000002
4,785a742969e47aa00342,2,1000,continuous,0.8,superiority_null,first_factor,unadjusted,refined_CRT_data,4,4999,100,6.0293122500006575,6.028872999999976,0.060293122500006575,0.06028872999999976
4,785a742969e47aa00342,2,1000,continuous,0.8,superiority_null,first_factor,unadjusted,score_preparation,4,4999,23400,1.0001844580110628,1.0001760000000104,4.274292555602832e-05,4.2742564102564544e-05
4,785a742969e47aa00342,2,1000,continuous,0.8,superiority_null,first_factor,unadjusted,RT,4,4999,100,6.010427083005197,6.009957000000014,0.06010427083005197,0.060099570000000144
4,785a742969e47aa00342,2,1000,continuous,0.8,superiority_null,first_factor,unadjusted,original_S_normal,4,4999,56100,1.000085624982603,0.9998459999999909,1.782683823498401e-05,1.7822566844919625e-05
4,785a742969e47aa00342,2,1000,continuous,0.8,superiority_null,first_factor,unadjusted,original_R_normal,5,4999,12500,1.0048415000201203,1.004809000000023,8.038732000160962e-05,8.038472000000183e-05
4,785a742969e47aa00342,2,1000,continuous,0.8,superiority_null,first_factor,unadjusted,refined_R_normal,5,4999,9300,1.004675625008531,1.0046389999999974,0.0001080296370976915,0.0001080256989247309
4,785a742969e47aa00342,2,1000,continuous,0.8,superiority_null,first_factor,unadjusted,original_CRT_data,5,4999,100,6.0284157910209615,6.028020999999995,0.060284157910209614,0.06028020999999995
4,785a742969e47aa00342,2,1000,continuous,0.8,superiority_null,first_factor,unadjusted,refined_CRT_data,5,4999,100,6.025013249978656,6.024620999999996,0.06025013249978656,0.06024620999999996
4,785a742969e47aa00342,2,1000,continuous,0.8,superiority_null,first_factor,unadjusted,score_preparation,5,4999,23300,1.0023434169997927,1.0023379999999804,4.301903077252329e-05,4.301879828326096e-05
4,785a742969e47aa00342,2,1000,continuous,0.8,superiority_null,first_factor,unadjusted,RT,5,4999,100,6.009233332995791,6.008684000000017,0.06009233332995791,0.06008684000000017
4,785a742969e47aa00342,2,1000,continuous,0.8,superiority_null,first_factor,unadjusted,original_S_normal,5,4999,56800,1.001746958005242,1.0017400000000123,1.7636390105726092e-05,1.7636267605634018e-05
4,785a742969e47aa00342,2,1000,continuous,0.8,superiority_null,first_factor,unadjusted,refined_S_normal,5,4999,21100,1.0029720419843215,1.0029600000000016,4.7534219999256947e-05,4.7533649289099605e-05
4,785a742969e47aa00342,2,1000,continuous,0.8,superiority_null,first_factor,adjusted,score_preparation,1,4999,12500,1.006615124992095,1.0063949999999977,8.05292099993676e-05,8.051159999999981e-05
4,785a742969e47aa00342,2,1000,continuous,0.8,superiority_null,first_factor,adjusted,RT,1,4999,100,6.013601249986095,6.013265999999987,0.060136012499860954,0.06013265999999987
4,785a742969e47aa00342,2,1000,continuous,0.8,superiority_null,first_factor,adjusted,original_S_normal,1,4999,56100,1.0005988750199322,1.0004190000000222,1.783598707700414e-05,1.7832780748663496e-05
4,785a742969e47aa00342,2,1000,continuous,0.8,superiority_null,first_factor,adjusted,refined_S_normal,1,4999,20900,1.004625124973245,1.0046260000000018,4.806818779776292e-05,4.806822966507185e-05
4,785a742969e47aa00342,2,1000,continuous,0.8,superiority_null,first_factor,adjusted,original_R_normal,1,4999,12400,1.0012773330090567,1.0012099999999862,8.074817201685941e-05,8.074274193548276e-05
4,785a742969e47aa00342,2,1000,continuous,0.8,superiority_null,first_factor,adjusted,refined_R_normal,1,4999,9300,1.0032511250174139,1.0031909999999868,0.0001078764650556359,0.00010786999999999859
4,785a742969e47aa00342,2,1000,continuous,0.8,superiority_null,first_factor,adjusted,original_CRT_data,1,4999,100,6.016014374996303,6.015630000000016,0.06016014374996303,0.060156300000000155
4,785a742969e47aa00342,2,1000,continuous,0.8,superiority_null,first_factor,adjusted,refined_CRT_data,1,4999,100,6.026141625014134,6.025667999999996,0.060261416250141336,0.06025667999999996
4,785a742969e47aa00342,2,1000,continuous,0.8,superiority_null,first_factor,adjusted,RT,2,4999,100,6.027280207985314,6.02664200000001,0.06027280207985314,0.0602664200000001
4,785a742969e47aa00342,2,1000,continuous,0.8,superiority_null,first_factor,adjusted,original_S_normal,2,4999,56400,1.0014638749998994,1.001447000000013,1.775645168439538e-05,1.7756152482269735e-05
4,785a742969e47aa00342,2,1000,continuous,0.8,superiority_null,first_factor,adjusted,refined_S_normal,2,4999,20800,1.0024250840069726,1.0024210000000267,4.8193513654181374e-05,4.8193317307693586e-05
4,785a742969e47aa00342,2,1000,continuous,0.8,superiority_null,first_factor,adjusted,original_R_normal,2,4999,12200,1.0055072079994716,1.0054540000000145,8.241862360651407e-05,8.241426229508316e-05
4,785a742969e47aa00342,2,1000,continuous,0.8,superiority_null,first_factor,adjusted,refined_R_normal,2,4999,8400,1.0034222919784952,1.0033870000000036,0.00011945503475934467,0.00011945083333333377
4,785a742969e47aa00342,2,1000,continuous,0.8,superiority_null,first_factor,adjusted,original_CRT_data,2,4999,100,6.403028708009515,6.402254999999997,0.06403028708009514,0.06402254999999997
4,785a742969e47aa00342,2,1000,continuous,0.8,superiority_null,first_factor,adjusted,refined_CRT_data,2,4999,100,6.306046542013064,6.305588999999998,0.06306046542013063,0.06305588999999998
4,785a742969e47aa00342,2,1000,continuous,0.8,superiority_null,first_factor,adjusted,score_preparation,2,4999,11800,1.0070158750168048,1.00699800000001,8.534032839125464e-05,8.533881355932288e-05
4,785a742969e47aa00342,2,1000,continuous,0.8,superiority_null,first_factor,adjusted,original_S_normal,3,4999,56200,1.0014282079937402,1.001404000000008,1.7819007259675093e-05,1.7818576512455658e-05
4,785a742969e47aa00342,2,1000,continuous,0.8,superiority_null,first_factor,adjusted,refined_S_normal,3,4999,20800,1.0021024160087109,1.0020869999999888,4.817800076964956e-05,4.817725961538408e-05
4,785a742969e47aa00342,2,1000,continuous,0.8,superiority_null,first_factor,adjusted,original_R_normal,3,4999,12400,1.0068896670127288,1.0065319999999929,8.120077959780071e-05,8.11719354838704e-05
4,785a742969e47aa00342,2,1000,continuous,0.8,superiority_null,first_factor,adjusted,refined_R_normal,3,4999,9300,1.0027369169984013,1.002711000000005,0.00010782117387079584,0.00010781838709677474
4,785a742969e47aa00342,2,1000,continuous,0.8,superiority_null,first_factor,adjusted,original_CRT_data,3,4999,100,6.397666583012324,6.397047000000015,0.06397666583012324,0.06397047000000015
4,785a742969e47aa00342,2,1000,continuous,0.8,superiority_null,first_factor,adjusted,refined_CRT_data,3,4999,100,6.22353483401821,6.221065999999979,0.0622353483401821,0.06221065999999979
4,785a742969e47aa00342,2,1000,continuous,0.8,superiority_null,first_factor,adjusted,score_preparation,3,4999,12300,1.0072717500152066,1.0062340000000063,8.189201219635826e-05,8.180764227642327e-05
4,785a742969e47aa00342,2,1000,continuous,0.8,superiority_null,first_factor,adjusted,RT,3,4999,100,6.337493416998768,6.329442,0.06337493416998768,0.06329442
4,785a742969e47aa00342,2,1000,continuous,0.8,superiority_null,first_factor,adjusted,refined_S_normal,4,4999,20700,1.0012941670138389,1.0001830000000211,4.8371698889557434e-05,4.831801932367252e-05
4,785a742969e47aa00342,2,1000,continuous,0.8,superiority_null,first_factor,adjusted,original_R_normal,4,4999,12100,1.005025749997003,1.0008930000000191,8.305997933859529e-05,8.27184297520677e-05
4,785a742969e47aa00342,2,1000,continuous,0.8,superiority_null,first_factor,adjusted,refined_R_normal,4,4999,9100,1.0013815000129398,0.9988549999999918,0.00011004192307834503,0.00010976428571428482
4,785a742969e47aa00342,2,1000,continuous,0.8,superiority_null,first_factor,adjusted,original_CRT_data,4,4999,100,6.009695457993075,6.005263000000014,0.06009695457993075,0.060052630000000135
4,785a742969e47aa00342,2,1000,continuous,0.8,superiority_null,first_factor,adjusted,refined_CRT_data,4,4999,100,6.363277583004674,6.358576000000028,0.06363277583004674,0.06358576000000028
4,785a742969e47aa00342,2,1000,continuous,0.8,superiority_null,first_factor,adjusted,score_preparation,4,4999,12300,1.001948416000232,1.0014250000000402,8.1459220813027e-05,8.141666666666993e-05
4,785a742969e47aa00342,2,1000,continuous,0.8,superiority_null,first_factor,adjusted,RT,4,4999,100,6.1293697920045815,6.125226999999995,0.06129369792004582,0.061252269999999956
4,785a742969e47aa00342,2,1000,continuous,0.8,superiority_null,first_factor,adjusted,original_S_normal,4,4999,56800,1.0009107500081882,0.99995100000001,1.7621668133946975e-05,1.760477112676074e-05
4,785a742969e47aa00342,2,1000,continuous,0.8,superiority_null,first_factor,adjusted,original_R_normal,5,4999,12400,1.004945000022417,1.004782999999975,8.104395161471104e-05,8.103088709677217e-05
4,785a742969e47aa00342,2,1000,continuous,0.8,superiority_null,first_factor,adjusted,refined_R_normal,5,4999,9200,1.0050280000141356,1.0038439999999582,0.00010924217391457996,0.00010911347826086502
4,785a742969e47aa00342,2,1000,continuous,0.8,superiority_null,first_factor,adjusted,original_CRT_data,5,4999,100,6.568643832986709,6.565321999999981,0.06568643832986709,0.0656532199999998
4,785a742969e47aa00342,2,1000,continuous,0.8,superiority_null,first_factor,adjusted,refined_CRT_data,5,4999,100,6.024669290985912,6.0240909999999985,0.06024669290985912,0.06024090999999999
4,785a742969e47aa00342,2,1000,continuous,0.8,superiority_null,first_factor,adjusted,score_preparation,5,4999,12500,1.0063084169814829,1.0062660000000392,8.050467335851863e-05,8.050128000000313e-05
4,785a742969e47aa00342,2,1000,continuous,0.8,superiority_null,first_factor,adjusted,RT,5,4999,100,6.489500208001118,6.486401000000001,0.06489500208001119,0.06486401000000001
4,785a742969e47aa00342,2,1000,continuous,0.8,superiority_null,first_factor,adjusted,original_S_normal,5,4999,58900,1.0014027090219315,1.0013759999999934,1.7001743786450452e-05,1.7001290322580533e-05
4,785a742969e47aa00342,2,1000,continuous,0.8,superiority_null,first_factor,adjusted,refined_S_normal,5,4999,20700,1.0031886670039967,1.003135000000043,4.84632206282124e-05,4.8460628019325746e-05
5,e4f6d83fe5899c2391a6,2,1000,continuous,0.8,superiority_power,first_factor,unadjusted,score_preparation,1,4999,23400,1.0008314580190927,1.0000780000000304,4.277057512902105e-05,4.273837606837737e-05
5,e4f6d83fe5899c2391a6,2,1000,continuous,0.8,superiority_power,first_factor,unadjusted,RT,1,4999,100,6.5796581670001615,6.579046999999946,0.06579658167000162,0.06579046999999946
5,e4f6d83fe5899c2391a6,2,1000,continuous,0.8,superiority_power,first_factor,unadjusted,original_S_normal,1,4999,57700,1.0013736249820795,0.9999400000000378,1.7354828855841933e-05,1.7329982668978123e-05
5,e4f6d83fe5899c2391a6,2,1000,continuous,0.8,superiority_power,first_factor,unadjusted,refined_S_normal,1,4999,20700,1.001119957974879,1.0008740000000103,4.836328299395551e-05,4.835140096618407e-05
5,e4f6d83fe5899c2391a6,2,1000,continuous,0.8,superiority_power,first_factor,unadjusted,original_R_normal,1,4999,12400,1.0035019170027226,1.0034479999999917,8.092757395183246e-05,8.092322580645094e-05
5,e4f6d83fe5899c2391a6,2,1000,continuous,0.8,superiority_power,first_factor,unadjusted,refined_R_normal,1,4999,9300,1.0068721669958904,1.0068050000000426,0.00010826582440816026,0.00010825860215054222
5,e4f6d83fe5899c2391a6,2,1000,continuous,0.8,superiority_power,first_factor,unadjusted,original_CRT_data,1,4999,100,6.267562458990142,6.267316999999991,0.06267562458990142,0.06267316999999992
5,e4f6d83fe5899c2391a6,2,1000,continuous,0.8,superiority_power,first_factor,unadjusted,refined_CRT_data,1,4999,100,6.201614874997176,6.200280000000021,0.062016148749971765,0.062002800000000205
5,e4f6d83fe5899c2391a6,2,1000,continuous,0.8,superiority_power,first_factor,unadjusted,RT,2,4999,100,6.337523666996276,6.336950000000002,0.06337523666996275,0.06336950000000002
5,e4f6d83fe5899c2391a6,2,1000,continuous,0.8,superiority_power,first_factor,unadjusted,original_S_normal,2,4999,57300,1.0000783329887781,1.0000830000000178,1.7453374048669775e-05,1.745345549738251e-05
5,e4f6d83fe5899c2391a6,2,1000,continuous,0.8,superiority_power,first_factor,unadjusted,refined_S_normal,2,4999,20700,1.0018744170083664,1.001566999999966,4.839973029025925e-05,4.838487922705149e-05
5,e4f6d83fe5899c2391a6,2,1000,continuous,0.8,superiority_power,first_factor,unadjusted,original_R_normal,2,4999,12400,1.0035044579999521,1.003501999999969,8.092777887096388e-05,8.092758064515879e-05
5,e4f6d83fe5899c2391a6,2,1000,continuous,0.8,superiority_power,first_factor,unadjusted,refined_R_normal,2,4999,9300,1.0033629170211498,1.0033460000000218,0.0001078884857011989,0.00010788666666666902
5,e4f6d83fe5899c2391a6,2,1000,continuous,0.8,superiority_power,first_factor,unadjusted,original_CRT_data,2,4999,100,6.022624917008216,6.021871000000033,0.06022624917008215,0.06021871000000033
5,e4f6d83fe5899c2391a6,2,1000,continuous,0.8,superiority_power,first_factor,unadjusted,refined_CRT_data,2,4999,100,6.410545332997572,6.409921999999995,0.06410545332997572,0.06409921999999994
5,e4f6d83fe5899c2391a6,2,1000,continuous,0.8,superiority_power,first_factor,unadjusted,score_preparation,2,4999,23400,1.0002507080207579,1.000156000000004,4.274575675302384e-05,4.274170940170957e-05
5,e4f6d83fe5899c2391a6,2,1000,continuous,0.8,superiority_power,first_factor,unadjusted,original_S_normal,3,4999,57400,1.0007697910186835,1.0007699999999886,1.74350137808133e-05,1.743501742160259e-05
5,e4f6d83fe5899c2391a6,2,1000,continuous,0.8,superiority_power,first_factor,unadjusted,refined_S_normal,3,4999,21100,1.0042116249969695,1.0042080000000055,4.7592968009335044e-05,4.759279620853107e-05
5,e4f6d83fe5899c2391a6,2,1000,continuous,0.8,superiority_power,first_factor,unadjusted,original_R_normal,3,4999,12400,1.0077989999845158,1.0077999999999747,8.127411290197708e-05,8.127419354838506e-05
5,e4f6d83fe5899c2391a6,2,1000,continuous,0.8,superiority_power,first_factor,unadjusted,refined_R_normal,3,4999,9300,1.0048255000147037,1.0032300000000305,0.0001080457526897531,0.00010787419354839037
5,e4f6d83fe5899c2391a6,2,1000,continuous,0.8,superiority_power,first_factor,unadjusted,original_CRT_data,3,4999,100,5.898675208998611,5.897078000000022,0.05898675208998611,0.058970780000000216
5,e4f6d83fe5899c2391a6,2,1000,continuous,0.8,superiority_power,first_factor,unadjusted,refined_CRT_data,3,4999,100,6.569568833016092,6.568685000000016,0.06569568833016091,0.06568685000000016
5,e4f6d83fe5899c2391a6,2,1000,continuous,0.8,superiority_power,first_factor,unadjusted,score_preparation,3,4999,25000,1.002183666016208,1.002162999999996,4.008734664064832e-05,4.0086519999999835e-05
5,e4f6d83fe5899c2391a6,2,1000,continuous,0.8,superiority_power,first_factor,unadjusted,RT,3,4999,100,6.402120124985231,6.402056000000016,0.0640212012498523,0.06402056000000016
5,e4f6d83fe5899c2391a6,2,1000,continuous,0.8,superiority_power,first_factor,unadjusted,refined_S_normal,4,4999,21300,1.0041141670080833,1.0041009999999915,4.7141510188172926e-05,4.7140892018778943e-05
5,e4f6d83fe5899c2391a6,2,1000,continuous,0.8,superiority_power,first_factor,unadjusted,original_R_normal,4,4999,12800,1.0073081250011455,1.0073090000000207,7.86959472657145e-05,7.869601562500161e-05
5,e4f6d83fe5899c2391a6,2,1000,continuous,0.8,superiority_power,first_factor,unadjusted,refined_R_normal,4,4999,9500,1.0030463750008494,1.0030340000000137,0.00010558382894745783,0.00010558252631579092
5,e4f6d83fe5899c2391a6,2,1000,continuous,0.8,superiority_power,first_factor,unadjusted,original_CRT_data,4,4999,100,5.898325791989919,5.8981939999999895,0.05898325791989919,0.05898193999999989
5,e4f6d83fe5899c2391a6,2,1000,continuous,0.8,superiority_power,first_factor,unadjusted,refined_CRT_data,4,4999,100,6.340182374988217,6.340094000000022,0.06340182374988217,0.06340094000000022
5,e4f6d83fe5899c2391a6,2,1000,continuous,0.8,superiority_power,first_factor,unadjusted,score_preparation,4,4999,24700,1.0010819580056705,1.0010829999999942,4.052963392735508e-05,4.0529676113360087e-05
5,e4f6d83fe5899c2391a6,2,1000,continuous,0.8,superiority_power,first_factor,unadjusted,RT,4,4999,100,5.895813542010728,5.895756000000006,0.058958135420107284,0.058957560000000055
5,e4f6d83fe5899c2391a6,2,1000,continuous,0.8,superiority_power,first_factor,unadjusted,original_S_normal,4,4999,57800,1.0010928330011666,1.0010939999999664,1.731994520763264e-05,1.7319965397923293e-05
5,e4f6d83fe5899c2391a6,2,1000,continuous,0.8,superiority_power,first_factor,unadjusted,original_R_normal,5,4999,11800,1.0052209170244168,1.0051750000000084,8.518821330715397e-05,8.518432203389901e-05
5,e4f6d83fe5899c2391a6,2,1000,continuous,0.8,superiority_power,first_factor,unadjusted,refined_R_normal,5,4999,8800,1.0096075829933397,1.0095929999999953,0.00011472813443106134,0.00011472647727272674
5,e4f6d83fe5899c2391a6,2,1000,continuous,0.8,superiority_power,first_factor,unadjusted,original_CRT_data,5,4999,100,5.898745791986585,5.898646999999983,0.05898745791986584,0.058986469999999826
5,e4f6d83fe5899c2391a6,2,1000,continuous,0.8,superiority_power,first_factor,unadjusted,refined_CRT_data,5,4999,100,6.263086916995235,6.262968999999998,0.06263086916995235,0.06262968999999999
5,e4f6d83fe5899c2391a6,2,1000,continuous,0.8,superiority_power,first_factor,unadjusted,score_preparation,5,4999,24000,1.0002235420106445,1.0002279999999928,4.167598091711018e-05,4.167616666666637e-05
5,e4f6d83fe5899c2391a6,2,1000,continuous,0.8,superiority_power,first_factor,unadjusted,RT,5,4999,100,6.610080625017872,6.609927000000027,0.06610080625017872,0.06609927000000028
5,e4f6d83fe5899c2391a6,2,1000,continuous,0.8,superiority_power,first_factor,unadjusted,original_S_normal,5,4999,58800,1.0001237920077983,1.0001030000000242,1.700890802734351e-05,1.700855442176912e-05
5,e4f6d83fe5899c2391a6,2,1000,continuous,0.8,superiority_power,first_factor,unadjusted,refined_S_normal,5,4999,21900,1.0038892080192454,1.0038879999999608,4.5839689863892485e-05,4.5839634703194556e-05
5,e4f6d83fe5899c2391a6,2,1000,continuous,0.8,superiority_power,first_factor,adjusted,score_preparation,1,4999,12800,1.0013140420196578,1.001293999999973,7.822765953278576e-05,7.82260937499979e-05
5,e4f6d83fe5899c2391a6,2,1000,continuous,0.8,superiority_power,first_factor,adjusted,RT,1,4999,100,6.249439165985677,6.249398999999983,0.06249439165985678,0.062493989999999826
5,e4f6d83fe5899c2391a6,2,1000,continuous,0.8,superiority_power,first_factor,adjusted,original_S_normal,1,4999,57100,1.0001586249854881,1.0001340000000027,1.7515912871899967e-05,1.7515481611208455e-05
5,e4f6d83fe5899c2391a6,2,1000,continuous,0.8,superiority_power,first_factor,adjusted,refined_S_normal,1,4999,21100,1.0032950000022538,1.0032960000000344,4.754952606645753e-05,4.754957345971727e-05
5,e4f6d83fe5899c2391a6,2,1000,continuous,0.8,superiority_power,first_factor,adjusted,original_R_normal,1,4999,12800,1.0052596659807023,1.0052370000000224,7.853591140474236e-05,7.853414062500175e-05
5,e4f6d83fe5899c2391a6,2,1000,continuous,0.8,superiority_power,first_factor,adjusted,refined_R_normal,1,4999,9600,1.0061320419772528,1.0061059999999884,0.00010480542103929717,0.00010480270833333212
5,e4f6d83fe5899c2391a6,2,1000,continuous,0.8,superiority_power,first_factor,adjusted,original_CRT_data,1,4999,100,6.235284375026822,6.235253,0.06235284375026822,0.06235253
5,e4f6d83fe5899c2391a6,2,1000,continuous,0.8,superiority_power,first_factor,adjusted,refined_CRT_data,1,4999,100,6.228800250013592,6.228619000000037,0.062288002500135914,0.06228619000000037
5,e4f6d83fe5899c2391a6,2,1000,continuous,0.8,superiority_power,first_factor,adjusted,RT,2,4999,100,6.011629124986939,5.988917000000015,0.06011629124986939,0.05988917000000015
5,e4f6d83fe5899c2391a6,2,1000,continuous,0.8,superiority_power,first_factor,adjusted,original_S_normal,2,4999,55800,1.0017327500099782,0.9900089999999864,1.7952199820967353e-05,1.7742096774193304e-05
5,e4f6d83fe5899c2391a6,2,1000,continuous,0.8,superiority_power,first_factor,adjusted,refined_S_normal,2,4999,20900,1.0025720840203576,0.9974899999999707,4.796995617322285e-05,4.7726794258371804e-05
5,e4f6d83fe5899c2391a6,2,1000,continuous,0.8,superiority_power,first_factor,adjusted,original_R_normal,2,4999,12500,1.0037142090150155,1.002473000000009,8.029713672120124e-05,8.019784000000073e-05
5,e4f6d83fe5899c2391a6,2,1000,continuous,0.8,superiority_power,first_factor,adjusted,refined_R_normal,2,4999,9300,1.0045912919740658,0.9987140000000068,0.00010802056902946944,0.00010738860215053836
5,e4f6d83fe5899c2391a6,2,1000,continuous,0.8,superiority_power,first_factor,adjusted,original_CRT_data,2,4999,100,5.824885374982841,5.791922,0.05824885374982841,0.057919219999999993
5,e4f6d83fe5899c2391a6,2,1000,continuous,0.8,superiority_power,first_factor,adjusted,refined_CRT_data,2,4999,100,6.336672457982786,6.32502599999998,0.06336672457982787,0.0632502599999998
5,e4f6d83fe5899c2391a6,2,1000,continuous,0.8,superiority_power,first_factor,adjusted,score_preparation,2,4999,12600,1.0010045829985756,1.000772999999981,7.944480817449013e-05,7.942642857142707e-05
5,e4f6d83fe5899c2391a6,2,1000,continuous,0.8,superiority_power,first_factor,adjusted,original_S_normal,3,4999,56900,1.00177045899909,0.9952849999999671,1.7605807715273987e-05,1.7491827768013482e-05
5,e4f6d83fe5899c2391a6,2,1000,continuous,0.8,superiority_power,first_factor,adjusted,refined_S_normal,3,4999,21300,1.0026831659779418,1.0008920000000217,4.707432704121793e-05,4.6990234741785054e-05
5,e4f6d83fe5899c2391a6,2,1000,continuous,0.8,superiority_power,first_factor,adjusted,original_R_normal,3,4999,12400,1.0040439580043312,1.0014610000000062,8.097128693583316e-05,8.076298387096824e-05
5,e4f6d83fe5899c2391a6,2,1000,continuous,0.8,superiority_power,first_factor,adjusted,refined_R_normal,3,4999,9400,1.0078199169947766,1.007503999999983,0.00010721488478667837,0.00010718127659574288
5,e4f6d83fe5899c2391a6,2,1000,continuous,0.8,superiority_power,first_factor,adjusted,original_CRT_data,3,4999,100,6.270699875021819,6.269865999999979,0.06270699875021819,0.0626986599999998
5,e4f6d83fe5899c2391a6,2,1000,continuous,0.8,superiority_power,first_factor,adjusted,refined_CRT_data,3,4999,100,6.582007708988385,6.58196300000003,0.06582007708988385,0.0658196300000003
5,e4f6d83fe5899c2391a6,2,1000,continuous,0.8,superiority_power,first_factor,adjusted,score_preparation,3,4999,12900,1.0071354579995386,1.007129999999961,7.807251612399525e-05,7.807209302325279e-05
5,e4f6d83fe5899c2391a6,2,1000,continuous,0.8,superiority_power,first_factor,adjusted,RT,3,4999,100,5.910313750006026,5.903170999999986,0.05910313750006026,0.05903170999999986
5,e4f6d83fe5899c2391a6,2,1000,continuous,0.8,superiority_power,first_factor,adjusted,refined_S_normal,4,4999,20500,1.0008430829911958,1.0003370000000018,4.882161380444858e-05,4.879692682926838e-05
5,e4f6d83fe5899c2391a6,2,1000,continuous,0.8,superiority_power,first_factor,adjusted,original_R_normal,4,4999,11400,1.0026125410222448,1.0017989999999486,8.794846851072324e-05,8.787710526315339e-05
5,e4f6d83fe5899c2391a6,2,1000,continuous,0.8,superiority_power,first_factor,adjusted,refined_R_normal,4,4999,8500,1.0095861250010785,1.008829999999989,0.000118774838235421,0.00011868588235293988
5,e4f6d83fe5899c2391a6,2,1000,continuous,0.8,superiority_power,first_factor,adjusted,original_CRT_data,4,4999,100,5.994984124990879,5.993028999999979,0.059949841249908785,0.05993028999999979
5,e4f6d83fe5899c2391a6,2,1000,continuous,0.8,superiority_power,first_factor,adjusted,refined_CRT_data,4,4999,100,6.5300414160010405,6.5282889999999725,0.06530041416001041,0.06528288999999972
5,e4f6d83fe5899c2391a6,2,1000,continuous,0.8,superiority_power,first_factor,adjusted,score_preparation,4,4999,12300,1.007161499990616,1.0060159999999883,8.188304877972488e-05,8.178991869918603e-05
5,e4f6d83fe5899c2391a6,2,1000,continuous,0.8,superiority_power,first_factor,adjusted,RT,4,4999,100,5.870985582994763,5.870858999999996,0.05870985582994763,0.058708589999999956
5,e4f6d83fe5899c2391a6,2,1000,continuous,0.8,superiority_power,first_factor,adjusted,original_S_normal,4,4999,57000,1.000965332990745,1.0009660000000054,1.7560795315627108e-05,1.7560807017543952e-05
5,e4f6d83fe5899c2391a6,2,1000,continuous,0.8,superiority_power,first_factor,adjusted,original_R_normal,5,4999,11500,1.0017451249877922,1.0017369999999914,8.710827173806889e-05,8.710756521739056e-05
5,e4f6d83fe5899c2391a6,2,1000,continuous,0.8,superiority_power,first_factor,adjusted,refined_R_normal,5,4999,8600,1.008878332999302,1.0088780000000384,0.00011731143406968628,0.00011731139534884167
5,e4f6d83fe5899c2391a6,2,1000,continuous,0.8,superiority_power,first_factor,adjusted,original_CRT_data,5,4999,100,5.981817709020106,5.980130000000031,0.05981817709020106,0.05980130000000031
5,e4f6d83fe5899c2391a6,2,1000,continuous,0.8,superiority_power,first_factor,adjusted,refined_CRT_data,5,4999,100,6.3891626249824185,6.388220000000047,0.06389162624982418,0.06388220000000047
5,e4f6d83fe5899c2391a6,2,1000,continuous,0.8,superiority_power,first_factor,adjusted,score_preparation,5,4999,12300,1.0003464170149527,1.000169000000028,8.132897699308559e-05,8.131455284553074e-05
5,e4f6d83fe5899c2391a6,2,1000,continuous,0.8,superiority_power,first_factor,adjusted,RT,5,4999,100,5.89229291601805,5.891448999999966,0.0589229291601805,0.05891448999999966
5,e4f6d83fe5899c2391a6,2,1000,continuous,0.8,superiority_power,first_factor,adjusted,original_S_normal,5,4999,57200,1.001452790980693,1.001453999999967,1.750791592623589e-05,1.7507937062936486e-05
5,e4f6d83fe5899c2391a6,2,1000,continuous,0.8,superiority_power,first_factor,adjusted,refined_S_normal,5,4999,20700,1.001076666987501,1.0009800000000268,4.836119164190826e-05,4.835652173913173e-05
8,f687cd66743b4adf626e,5,2000,continuous,0.8,superiority_null,first_factor,unadjusted,score_preparation,1,4999,19800,1.000539458997082,0.9997930000000679,5.053229590894353e-05,5.0494595959599386e-05
8,f687cd66743b4adf626e,5,2000,continuous,0.8,superiority_null,first_factor,unadjusted,RT,1,4999,100,14.087669500004267,14.086872999999969,0.14087669500004268,0.1408687299999997
8,f687cd66743b4adf626e,5,2000,continuous,0.8,superiority_null,first_factor,unadjusted,original_S_normal,1,4999,47800,1.0001268750056624,1.000128000000018,2.09231563808716e-05,2.0923179916318364e-05
8,f687cd66743b4adf626e,5,2000,continuous,0.8,superiority_null,first_factor,unadjusted,refined_S_normal,1,4999,15900,1.0027530409861356,1.0027370000000246,6.306622899283871e-05,6.306522012578771e-05
8,f687cd66743b4adf626e,5,2000,continuous,0.8,superiority_null,first_factor,unadjusted,original_R_normal,1,4999,8900,1.011052916990593,1.011037999999985,0.00011360145134725765,0.00011359977528089719
8,f687cd66743b4adf626e,5,2000,continuous,0.8,superiority_null,first_factor,unadjusted,refined_R_normal,1,4999,6200,1.0011674170091283,1.001168000000007,0.00016147861564663358,0.00016147870967742048
8,f687cd66743b4adf626e,5,2000,continuous,0.8,superiority_null,first_factor,unadjusted,original_CRT_data,1,4999,100,14.337027917004889,14.336817999999994,0.14337027917004888,0.14336817999999993
8,f687cd66743b4adf626e,5,2000,continuous,0.8,superiority_null,first_factor,unadjusted,refined_CRT_data,1,4999,100,13.527480333024869,13.52735199999995,0.1352748033302487,0.1352735199999995
8,f687cd66743b4adf626e,5,2000,continuous,0.8,superiority_null,first_factor,unadjusted,RT,2,4999,100,13.487596083985409,13.487409999999954,0.1348759608398541,0.13487409999999955
8,f687cd66743b4adf626e,5,2000,continuous,0.8,superiority_null,first_factor,unadjusted,original_S_normal,2,4999,49200,1.000585791975027,1.000515000000064,2.0337109592988352e-05,2.033567073170862e-05
8,f687cd66743b4adf626e,5,2000,continuous,0.8,superiority_null,first_factor,unadjusted,refined_S_normal,2,4999,16400,1.0050012090068776,1.0049850000000333,6.128056152480961e-05,6.127957317073374e-05
8,f687cd66743b4adf626e,5,2000,continuous,0.8,superiority_null,first_factor,unadjusted,original_R_normal,2,4999,8700,1.0017711670079734,0.9980570000000171,0.00011514611115034178,0.00011471919540230081
8,f687cd66743b4adf626e,5,2000,continuous,0.8,superiority_null,first_factor,unadjusted,refined_R_normal,2,4999,6300,1.0130081250099465,1.0125900000000456,0.00016079494047776928,0.00016072857142857867
8,f687cd66743b4adf626e,5,2000,continuous,0.8,superiority_null,first_factor,unadjusted,original_CRT_data,2,4999,100,14.118939792009769,14.114863000000014,0.1411893979200977,0.14114863000000014
8,f687cd66743b4adf626e,5,2000,continuous,0.8,superiority_null,first_factor,unadjusted,refined_CRT_data,2,4999,100,13.618287541001337,13.615831999999955,0.13618287541001337,0.13615831999999956
8,f687cd66743b4adf626e,5,2000,continuous,0.8,superiority_null,first_factor,unadjusted,score_preparation,2,4999,21800,1.003196375007974,1.0031960000000026,4.601818233981532e-05,4.60181651376148e-05
8,f687cd66743b4adf626e,5,2000,continuous,0.8,superiority_null,first_factor,unadjusted,original_S_normal,3,4999,49500,1.0009639170020819,1.0009639999999536,2.022149327276933e-05,2.022149494949401e-05
8,f687cd66743b4adf626e,5,2000,continuous,0.8,superiority_null,first_factor,unadjusted,refined_S_normal,3,4999,16400,1.003430999990087,1.0034310000000914,6.118481707256628e-05,6.11848170731763e-05
8,f687cd66743b4adf626e,5,2000,continuous,0.8,superiority_null,first_factor,unadjusted,original_R_normal,3,4999,7700,1.003485332999844,1.0034769999999753,0.00013032277051946026,0.0001303216883116851
8,f687cd66743b4adf626e,5,2000,continuous,0.8,superiority_null,first_factor,unadjusted,refined_R_normal,3,4999,5900,1.0059949999849778,1.005995999999982,0.00017050762711609793,0.00017050779661016642
8,f687cd66743b4adf626e,5,2000,continuous,0.8,superiority_null,first_factor,unadjusted,original_CRT_data,3,4999,100,13.697960333025549,13.697860999999989,0.1369796033302555,0.1369786099999999
8,f687cd66743b4adf626e,5,2000,continuous,0.8,superiority_null,first_factor,unadjusted,refined_CRT_data,3,4999,100,13.476871666003717,13.475232000000005,0.13476871666003717,0.13475232000000006
8,f687cd66743b4adf626e,5,2000,continuous,0.8,superiority_null,first_factor,unadjusted,score_preparation,3,4999,21200,1.001966416981304,1.001435000000015,4.7262566838740756e-05,4.723750000000071e-05
8,f687cd66743b4adf626e,5,2000,continuous,0.8,superiority_null,first_factor,unadjusted,RT,3,4999,100,13.784735333989374,13.784231999999975,0.13784735333989373,0.13784231999999974
8,f687cd66743b4adf626e,5,2000,continuous,0.8,superiority_null,first_factor,unadjusted,refined_S_normal,4,4999,15700,1.0019821249879897,1.0019829999999956,6.382051751515858e-05,6.382057324840737e-05
8,f687cd66743b4adf626e,5,2000,continuous,0.8,superiority_null,first_factor,unadjusted,original_R_normal,4,4999,8200,1.0033426659938414,1.0033119999999371,0.00012235886170656603,0.00012235512195121184
8,f687cd66743b4adf626e,5,2000,continuous,0.8,superiority_null,first_factor,unadjusted,refined_R_normal,4,4999,6300,1.0084716669807676,1.0084430000000566,0.00016007486777472503,0.00016007031746032645
8,f687cd66743b4adf626e,5,2000,continuous,0.8,superiority_null,first_factor,unadjusted,original_CRT_data,4,4999,100,13.69710879199556,13.696937000000048,0.1369710879199556,0.13696937000000048
8,f687cd66743b4adf626e,5,2000,continuous,0.8,superiority_null,first_factor,unadjusted,refined_CRT_data,4,4999,100,13.755637333000777,13.755428000000052,0.13755637333000778,0.13755428000000053
8,f687cd66743b4adf626e,5,2000,continuous,0.8,superiority_null,first_factor,unadjusted,score_preparation,4,4999,20700,1.001117667008657,1.0010999999999513,4.8363172319258795e-05,4.8362318840577355e-05
8,f687cd66743b4adf626e,5,2000,continuous,0.8,superiority_null,first_factor,unadjusted,RT,4,4999,100,13.468125542014604,13.467992999999979,0.13468125542014606,0.13467992999999978
8,f687cd66743b4adf626e,5,2000,continuous,0.8,superiority_null,first_factor,unadjusted,original_S_normal,4,4999,48000,1.001516874996014,1.0014990000000807,2.086493489575029e-05,2.086456250000168e-05
8,f687cd66743b4adf626e,5,2000,continuous,0.8,superiority_null,first_factor,unadjusted,original_R_normal,5,4999,7700,1.009487708011875,1.0094890000000305,0.00013110229974180193,0.0001311024675324715
8,f687cd66743b4adf626e,5,2000,continuous,0.8,superiority_null,first_factor,unadjusted,refined_R_normal,5,4999,5900,1.0060143749869894,1.00597300000004,0.00017051091101474397,0.00017050389830509152
8,f687cd66743b4adf626e,5,2000,continuous,0.8,superiority_null,first_factor,unadjusted,original_CRT_data,5,4999,100,13.285297666996485,13.284766999999988,0.13285297666996485,0.1328476699999999
8,f687cd66743b4adf626e,5,2000,continuous,0.8,superiority_null,first_factor,unadjusted,refined_CRT_data,5,4999,100,12.32935358400573,12.328955999999948,0.1232935358400573,0.12328955999999948
8,f687cd66743b4adf626e,5,2000,continuous,0.8,superiority_null,first_factor,unadjusted,score_preparation,5,4999,21700,1.0023992089845706,1.0022650000000795,4.6193511934772836e-05,4.6187327188943755e-05
8,f687cd66743b4adf626e,5,2000,continuous,0.8,superiority_null,first_factor,unadjusted,RT,5,4999,100,12.334121166990371,12.33295499999997,0.12334121166990371,0.1233295499999997
8,f687cd66743b4adf626e,5,2000,continuous,0.8,superiority_null,first_factor,unadjusted,original_S_normal,5,4999,47400,1.000783458002843,0.9998509999999214,2.1113575063351118e-05,2.109390295358484e-05
8,f687cd66743b4adf626e,5,2000,continuous,0.8,superiority_null,first_factor,unadjusted,refined_S_normal,5,4999,15800,1.0026478329964448,1.0026449999999159,6.345872360736992e-05,6.345854430379214e-05
8,f687cd66743b4adf626e,5,2000,continuous,0.8,superiority_null,first_factor,adjusted,score_preparation,1,4999,6300,1.0066389589919709,1.0066359999999577,0.00015978396174475728,0.00015978349206348535
8,f687cd66743b4adf626e,5,2000,continuous,0.8,superiority_null,first_factor,adjusted,RT,1,4999,100,12.46929754098528,12.456327999999985,0.1246929754098528,0.12456327999999985
8,f687cd66743b4adf626e,5,2000,continuous,0.8,superiority_null,first_factor,adjusted,original_S_normal,1,4999,47400,1.0019830420205835,1.001292000000035,2.1138882743050284e-05,2.112430379746909e-05
8,f687cd66743b4adf626e,5,2000,continuous,0.8,superiority_null,first_factor,adjusted,refined_S_normal,1,4999,15700,1.004013334022602,1.0029729999999972,6.394989388678994e-05,6.388363057324824e-05
8,f687cd66743b4adf626e,5,2000,continuous,0.8,superiority_null,first_factor,adjusted,original_R_normal,1,4999,8700,1.0032597089884803,1.0029289999999946,0.00011531720792971038,0.00011527919540229823
8,f687cd66743b4adf626e,5,2000,continuous,0.8,superiority_null,first_factor,adjusted,refined_R_normal,1,4999,6200,1.0139778750017285,1.0136309999999185,0.0001635448185486659,0.00016348887096772878
8,f687cd66743b4adf626e,5,2000,continuous,0.8,superiority_null,first_factor,adjusted,original_CRT_data,1,4999,100,12.334054834005656,12.329311999999959,0.12334054834005656,0.12329311999999959
8,f687cd66743b4adf626e,5,2000,continuous,0.8,superiority_null,first_factor,adjusted,refined_CRT_data,1,4999,100,12.244891082984395,12.243452999999931,0.12244891082984395,0.12243452999999932
8,f687cd66743b4adf626e,5,2000,continuous,0.8,superiority_null,first_factor,adjusted,RT,2,4999,100,12.488182291010162,12.48776399999997,0.12488182291010162,0.1248776399999997
8,f687cd66743b4adf626e,5,2000,continuous,0.8,superiority_null,first_factor,adjusted,original_S_normal,2,4999,47500,1.0009687500132713,1.000970000000052,2.107302631606887e-05,2.1073052631580043e-05
8,f687cd66743b4adf626e,5,2000,continuous,0.8,superiority_null,first_factor,adjusted,refined_S_normal,2,4999,15800,1.0024066669866443,1.0024060000000645,6.344345993586356e-05,6.344341772152307e-05
8,f687cd66743b4adf626e,5,2000,continuous,0.8,superiority_null,first_factor,adjusted,original_R_normal,2,4999,8800,1.005987542012008,1.0059840000000122,0.00011431676613772818,0.00011431636363636502
8,f687cd66743b4adf626e,5,2000,continuous,0.8,superiority_null,first_factor,adjusted,refined_R_normal,2,4999,6200,1.0070892079966143,1.0070899999999483,0.00016243374322526036,0.00016243387096773359
8,f687cd66743b4adf626e,5,2000,continuous,0.8,superiority_null,first_factor,adjusted,original_CRT_data,2,4999,100,12.291864625003655,12.291696000000002,0.12291864625003654,0.12291696000000002
8,f687cd66743b4adf626e,5,2000,continuous,0.8,superiority_null,first_factor,adjusted,refined_CRT_data,2,4999,100,12.266371499979869,12.266350999999986,0.12266371499979868,0.12266350999999986
8,f687cd66743b4adf626e,5,2000,continuous,0.8,superiority_null,first_factor,adjusted,score_preparation,2,4999,6200,1.0011101249838248,1.001111999999921,0.0001614693749973911,0.00016146967741934208
8,f687cd66743b4adf626e,5,2000,continuous,0.8,superiority_null,first_factor,adjusted,original_S_normal,3,4999,49900,1.000062542007072,1.0000619999999572,2.004133350715575e-05,2.0041322645289724e-05
8,f687cd66743b4adf626e,5,2000,continuous,0.8,superiority_null,first_factor,adjusted,refined_S_normal,3,4999,16300,1.001524082996184,1.00152700000001,6.144319527583951e-05,6.144337423312944e-05
8,f687cd66743b4adf626e,5,2000,continuous,0.8,superiority_null,first_factor,adjusted,original_R_normal,3,4999,8800,1.0086568339902442,1.0086559999999736,0.00011462009477161866,0.000114619999999997
8,f687cd66743b4adf626e,5,2000,continuous,0.8,superiority_null,first_factor,adjusted,refined_R_normal,3,4999,6800,1.0143795420008246,1.01437999999996,0.0001491734620589448,0.00014917352941175885
8,f687cd66743b4adf626e,5,2000,continuous,0.8,superiority_null,first_factor,adjusted,original_CRT_data,3,4999,100,12.30960179201793,12.309493999999972,0.1230960179201793,0.12309493999999972
8,f687cd66743b4adf626e,5,2000,continuous,0.8,superiority_null,first_factor,adjusted,refined_CRT_data,3,4999,100,12.345123000006424,12.34506799999997,0.12345123000006425,0.12345067999999969
8,f687cd66743b4adf626e,5,2000,continuous,0.8,superiority_null,first_factor,adjusted,score_preparation,3,4999,6300,1.011947291000979,1.011948000000075,0.00016062655412713952,0.00016062666666667854
8,f687cd66743b4adf626e,5,2000,continuous,0.8,superiority_null,first_factor,adjusted,RT,3,4999,100,12.1778422909847,12.177790000000073,0.121778422909847,0.12177790000000073
8,f687cd66743b4adf626e,5,2000,continuous,0.8,superiority_null,first_factor,adjusted,refined_S_normal,4,4999,15800,1.004722458019387,1.0047230000000127,6.35900289885688e-05,6.359006329114005e-05
8,f687cd66743b4adf626e,5,2000,continuous,0.8,superiority_null,first_factor,adjusted,original_R_normal,4,4999,8800,1.0045591249945574,1.0045290000000477,0.00011415444602210879,0.00011415102272727815
8,f687cd66743b4adf626e,5,2000,continuous,0.8,superiority_null,first_factor,adjusted,refined_R_normal,4,4999,6200,1.0115231670206413,1.0115240000000085,0.00016314889790655505,0.0001631490322580659
8,f687cd66743b4adf626e,5,2000,continuous,0.8,superiority_null,first_factor,adjusted,original_CRT_data,4,4999,100,12.285366041993257,12.285345000000007,0.12285366041993256,0.12285345000000007
8,f687cd66743b4adf626e,5,2000,continuous,0.8,superiority_null,first_factor,adjusted,refined_CRT_data,4,4999,100,12.164854041009676,12.164757000000009,0.12164854041009676,0.1216475700000001
8,f687cd66743b4adf626e,5,2000,continuous,0.8,superiority_null,first_factor,adjusted,score_preparation,4,4999,6300,1.00837966700783,1.008367000000021,0.00016006026460441746,0.00016005825396825732
8,f687cd66743b4adf626e,5,2000,continuous,0.8,superiority_null,first_factor,adjusted,RT,4,4999,100,12.354619542020373,12.354592000000025,0.12354619542020373,0.12354592000000025
8,f687cd66743b4adf626e,5,2000,continuous,0.8,superiority_null,first_factor,adjusted,original_S_normal,4,4999,48000,1.0010591250029393,1.001037999999994,2.0855398437561233e-05,2.085495833333321e-05
8,f687cd66743b4adf626e,5,2000,continuous,0.8,superiority_null,first_factor,adjusted,original_R_normal,5,4999,8800,1.0051019999955315,1.0051059999999552,0.00011421613636312859,0.00011421659090908581
8,f687cd66743b4adf626e,5,2000,continuous,0.8,superiority_null,first_factor,adjusted,refined_R_normal,5,4999,6200,1.010775625007227,1.0107720000000882,0.0001630283266140689,0.0001630277419354981
8,f687cd66743b4adf626e,5,2000,continuous,0.8,superiority_null,first_factor,adjusted,original_CRT_data,5,4999,100,12.133859624998877,12.133583000000044,0.12133859624998877,0.12133583000000044
8,f687cd66743b4adf626e,5,2000,continuous,0.8,superiority_null,first_factor,adjusted,refined_CRT_data,5,4999,100,12.21055499999784,12.210518999999977,0.1221055499999784,0.12210518999999977
8,f687cd66743b4adf626e,5,2000,continuous,0.8,superiority_null,first_factor,adjusted,score_preparation,5,4999,6300,1.0063591249927413,1.0063599999999724,0.00015973954364964147,0.00015973968253967815
8,f687cd66743b4adf626e,5,2000,continuous,0.8,superiority_null,first_factor,adjusted,RT,5,4999,100,12.242420666996622,12.242363999999952,0.12242420666996623,0.12242363999999953
8,f687cd66743b4adf626e,5,2000,continuous,0.8,superiority_null,first_factor,adjusted,original_S_normal,5,4999,46300,1.0002509579935577,0.9942250000000286,2.1603692397269063e-05,2.1473542116631285e-05
8,f687cd66743b4adf626e,5,2000,continuous,0.8,superiority_null,first_factor,adjusted,refined_S_normal,5,4999,15800,1.0060587500047404,1.0060600000000477,6.367460443067977e-05,6.367468354430681e-05
9,17431ebc449c2d76da55,5,2000,continuous,0.8,superiority_power,first_factor,unadjusted,score_preparation,1,4999,21600,1.0036410000175238,1.00291100000004,4.6464861111922397e-05,4.643106481481667e-05
9,17431ebc449c2d76da55,5,2000,continuous,0.8,superiority_power,first_factor,unadjusted,RT,1,4999,100,12.266530458990019,12.23889100000008,0.12266530458990019,0.12238891000000081
9,17431ebc449c2d76da55,5,2000,continuous,0.8,superiority_power,first_factor,unadjusted,original_S_normal,1,4999,47500,1.0017975410155486,1.0011130000000321,2.1090474547695762e-05,2.1076063157895414e-05
9,17431ebc449c2d76da55,5,2000,continuous,0.8,superiority_power,first_factor,unadjusted,refined_S_normal,1,4999,15700,1.001520707999589,1.0012470000000349,6.379112789806299e-05,6.377369426751815e-05
9,17431ebc449c2d76da55,5,2000,continuous,0.8,superiority_power,first_factor,unadjusted,original_R_normal,1,4999,8800,1.0107363339920994,1.0102550000000292,0.0001148564015900113,0.00011480170454545786
9,17431ebc449c2d76da55,5,2000,continuous,0.8,superiority_power,first_factor,unadjusted,refined_R_normal,1,4999,6200,1.0119912920054048,1.0119829999999865,0.00016322440193635563,0.00016322306451612686
9,17431ebc449c2d76da55,5,2000,continuous,0.8,superiority_power,first_factor,unadjusted,original_CRT_data,1,4999,100,12.228506332990946,12.213410999999951,0.12228506332990946,0.1221341099999995
9,17431ebc449c2d76da55,5,2000,continuous,0.8,superiority_power,first_factor,unadjusted,refined_CRT_data,1,4999,100,12.309551541984547,12.304041999999981,0.12309551541984547,0.12304041999999982
9,17431ebc449c2d76da55,5,2000,continuous,0.8,superiority_power,first_factor,unadjusted,RT,2,4999,100,12.2479839999869,12.243591000000038,0.122479839999869,0.12243591000000037
9,17431ebc449c2d76da55,5,2000,continuous,0.8,superiority_power,first_factor,unadjusted,original_S_normal,2,4999,47400,1.0012117910082452,1.000930000000153,2.1122611624646524e-05,2.1116666666669896e-05
9,17431ebc449c2d76da55,5,2000,continuous,0.8,superiority_power,first_factor,unadjusted,refined_S_normal,2,4999,15700,1.0042754170135595,1.0040729999998348,6.396658707092736e-05,6.39536942675054e-05
9,17431ebc449c2d76da55,5,2000,continuous,0.8,superiority_power,first_factor,unadjusted,original_R_normal,2,4999,8800,1.0079064999881666,1.0079060000000482,0.00011453482954410985,0.0001145347727272782
9,17431ebc449c2d76da55,5,2000,continuous,0.8,superiority_power,first_factor,unadjusted,refined_R_normal,2,4999,6200,1.0080317079846282,1.0080350000000635,0.00016258575935235937,0.00016258629032259088
9,17431ebc449c2d76da55,5,2000,continuous,0.8,superiority_power,first_factor,unadjusted,original_CRT_data,2,4999,100,12.196079165994888,12.19433099999992,0.12196079165994889,0.1219433099999992
9,17431ebc449c2d76da55,5,2000,continuous,0.8,superiority_power,first_factor,unadjusted,refined_CRT_data,2,4999,100,12.812927125021815,12.812392999999929,0.12812927125021814,0.1281239299999993
9,17431ebc449c2d76da55,5,2000,continuous,0.8,superiority_power,first_factor,unadjusted,score_preparation,2,4999,21900,1.0041974580090027,1.0041980000000876,4.585376520589054e-05,4.58537899543419e-05
9,17431ebc449c2d76da55,5,2000,continuous,0.8,superiority_power,first_factor,unadjusted,original_S_normal,3,4999,47400,1.0016544999962207,1.000821999999971,2.1131951476713517e-05,2.1114388185653396e-05
9,17431ebc449c2d76da55,5,2000,continuous,0.8,superiority_power,first_factor,unadjusted,refined_S_normal,3,4999,15800,1.0005612919921987,1.0005570000000716,6.332666405013916e-05,6.332639240506783e-05
9,17431ebc449c2d76da55,5,2000,continuous,0.8,superiority_power,first_factor,unadjusted,original_R_normal,3,4999,8800,1.00652354201884,1.0065270000000055,0.00011437767522941365,0.0001143780681818188
9,17431ebc449c2d76da55,5,2000,continuous,0.8,superiority_power,first_factor,unadjusted,refined_R_normal,3,4999,6200,1.0050853749853559,1.005085999999892,0.00016211054435247675,0.0001621106451612729
9,17431ebc449c2d76da55,5,2000,continuous,0.8,superiority_power,first_factor,unadjusted,original_CRT_data,3,4999,100,12.180647750006756,12.180250999999998,0.12180647750006755,0.12180250999999999
9,17431ebc449c2d76da55,5,2000,continuous,0.8,superiority_power,first_factor,unadjusted,refined_CRT_data,3,4999,100,12.188788042025408,12.187878000000183,0.12188788042025407,0.12187878000000182
9,17431ebc449c2d76da55,5,2000,continuous,0.8,superiority_power,first_factor,unadjusted,score_preparation,3,4999,21600,1.0022003749909345,1.0021630000001096,4.639816550883956e-05,4.639643518519026e-05
9,17431ebc449c2d76da55,5,2000,continuous,0.8,superiority_power,first_factor,unadjusted,RT,3,4999,100,12.233404166996479,12.23214699999994,0.1223340416699648,0.1223214699999994
9,17431ebc449c2d76da55,5,2000,continuous,0.8,superiority_power,first_factor,unadjusted,refined_S_normal,4,4999,15900,1.0025947919930331,1.0025949999999284,6.305627622597692e-05,6.30562893081716e-05
9,17431ebc449c2d76da55,5,2000,continuous,0.8,superiority_power,first_factor,unadjusted,original_R_normal,4,4999,8800,1.000871583004482,1.00086599999986,0.00011373540715960023,0.00011373477272725681
9,17431ebc449c2d76da55,5,2000,continuous,0.8,superiority_power,first_factor,unadjusted,refined_R_normal,4,4999,6300,1.016074416023912,1.016076000000112,0.00016128165333712888,0.00016128190476192252
9,17431ebc449c2d76da55,5,2000,continuous,0.8,superiority_power,first_factor,unadjusted,original_CRT_data,4,4999,100,12.31450137498905,12.31237299999998,0.1231450137498905,0.12312372999999979
9,17431ebc449c2d76da55,5,2000,continuous,0.8,superiority_power,first_factor,unadjusted,refined_CRT_data,4,4999,100,12.271810750011355,12.250369000000092,0.12271810750011354,0.12250369000000091
9,17431ebc449c2d76da55,5,2000,continuous,0.8,superiority_power,first_factor,unadjusted,score_preparation,4,4999,21700,1.0023596670071129,1.0023599999999533,4.6191689723830084e-05,4.619170506912227e-05
9,17431ebc449c2d76da55,5,2000,continuous,0.8,superiority_power,first_factor,unadjusted,RT,4,4999,100,12.236485000001267,12.234644000000117,0.12236485000001267,0.12234644000000117
9,17431ebc449c2d76da55,5,2000,continuous,0.8,superiority_power,first_factor,unadjusted,original_S_normal,4,4999,47300,1.0004179170064162,0.9998600000001261,2.1150484503306896e-05,2.1138689217761652e-05
9,17431ebc449c2d76da55,5,2000,continuous,0.8,superiority_power,first_factor,unadjusted,original_R_normal,5,4999,8900,1.010811417014338,1.010810999999876,0.00011357431651846496,0.00011357426966290742
9,17431ebc449c2d76da55,5,2000,continuous,0.8,superiority_power,first_factor,unadjusted,refined_R_normal,5,4999,6200,1.0055793340143282,1.0055449999999837,0.0001621902151636013,0.0001621846774193522
9,17431ebc449c2d76da55,5,2000,continuous,0.8,superiority_power,first_factor,unadjusted,original_CRT_data,5,4999,100,12.30952533299569,12.308920000000171,0.12309525332995691,0.12308920000000172
9,17431ebc449c2d76da55,5,2000,continuous,0.8,superiority_power,first_factor,unadjusted,refined_CRT_data,5,4999,100,12.214780250011245,12.214754999999968,0.12214780250011245,0.12214754999999969
9,17431ebc449c2d76da55,5,2000,continuous,0.8,superiority_power,first_factor,unadjusted,score_preparation,5,4999,21800,1.0011336250172462,1.0011340000000928,4.5923560780607627e-05,4.592357798165563e-05
9,17431ebc449c2d76da55,5,2000,continuous,0.8,superiority_power,first_factor,unadjusted,RT,5,4999,100,12.096747124975082,12.096569999999929,0.12096747124975081,0.12096569999999929
9,17431ebc449c2d76da55,5,2000,continuous,0.8,superiority_power,first_factor,unadjusted,original_S_normal,5,4999,48500,1.0008943749999162,1.0008900000000267,2.0636997422678684e-05,2.0636907216495395e-05
9,17431ebc449c2d76da55,5,2000,continuous,0.8,superiority_power,first_factor,unadjusted,refined_S_normal,5,4999,16100,1.0010234589863103,1.001025000000027,6.217537012337331e-05,6.217546583851099e-05
9,17431ebc449c2d76da55,5,2000,continuous,0.8,superiority_power,first_factor,adjusted,score_preparation,1,4999,6200,1.0087780829926487,1.008395000000064,0.00016270614241816915,0.00016264435483872002
9,17431ebc449c2d76da55,5,2000,continuous,0.8,superiority_power,first_factor,adjusted,RT,1,4999,100,12.168391333019827,12.16774200000009,0.12168391333019826,0.1216774200000009
9,17431ebc449c2d76da55,5,2000,continuous,0.8,superiority_power,first_factor,adjusted,original_S_normal,1,4999,47700,1.0016712500073481,1.0016729999999825,2.0999397274787174e-05,2.0999433962263785e-05
9,17431ebc449c2d76da55,5,2000,continuous,0.8,superiority_power,first_factor,adjusted,refined_S_normal,1,4999,15800,1.0032867500267457,1.0032820000001266,6.349916139409783e-05,6.349886075950169e-05
9,17431ebc449c2d76da55,5,2000,continuous,0.8,superiority_power,first_factor,adjusted,original_R_normal,1,4999,8800,1.001358417008305,1.0013000000001284,0.0001137907292054892,0.0001137840909091055
9,17431ebc449c2d76da55,5,2000,continuous,0.8,superiority_power,first_factor,adjusted,refined_R_normal,1,4999,6200,1.0142284579924308,1.014214999999922,0.00016358523516006948,0.00016358306451611643
9,17431ebc449c2d76da55,5,2000,continuous,0.8,superiority_power,first_factor,adjusted,original_CRT_data,1,4999,100,12.161113084002864,12.160640999999941,0.12161113084002864,0.12160640999999942
9,17431ebc449c2d76da55,5,2000,continuous,0.8,superiority_power,first_factor,adjusted,refined_CRT_data,1,4999,100,12.107730207993882,12.105932999999823,0.12107730207993882,0.12105932999999823
9,17431ebc449c2d76da55,5,2000,continuous,0.8,superiority_power,first_factor,adjusted,RT,2,4999,100,12.130661290982971,12.130538000000115,0.1213066129098297,0.12130538000000116
9,17431ebc449c2d76da55,5,2000,continuous,0.8,superiority_power,first_factor,adjusted,original_S_normal,2,4999,47800,1.0019967499829363,1.0020010000000639,2.096227510424553e-05,2.0962364016737736e-05
9,17431ebc449c2d76da55,5,2000,continuous,0.8,superiority_power,first_factor,adjusted,refined_S_normal,2,4999,15800,1.001619832997676,1.0015209999999115,6.339366031630861e-05,6.338740506328553e-05
9,17431ebc449c2d76da55,5,2000,continuous,0.8,superiority_power,first_factor,adjusted,original_R_normal,2,4999,8800,1.001293709006859,1.0012950000000274,0.0001137833760235067,0.00011378352272727583
9,17431ebc449c2d76da55,5,2000,continuous,0.8,superiority_power,first_factor,adjusted,refined_R_normal,2,4999,6200,1.0037864999903832,1.003787999999986,0.00016190104838554567,0.00016190129032257836
9,17431ebc449c2d76da55,5,2000,continuous,0.8,superiority_power,first_factor,adjusted,original_CRT_data,2,4999,100,12.22211254198919,12.221994999999879,0.1222211254198919,0.12221994999999879
9,17431ebc449c2d76da55,5,2000,continuous,0.8,superiority_power,first_factor,adjusted,refined_CRT_data,2,4999,100,12.168290917004924,12.162585000000036,0.12168290917004924,0.12162585000000035
9,17431ebc449c2d76da55,5,2000,continuous,0.8,superiority_power,first_factor,adjusted,score_preparation,2,4999,6200,1.0051982500008307,1.0041889999999967,0.00016212875000013398,0.00016196596774193495
9,17431ebc449c2d76da55,5,2000,continuous,0.8,superiority_power,first_factor,adjusted,original_S_normal,3,4999,47300,1.0011793750163633,1.000985000000128,2.1166582981318463e-05,2.1162473572941392e-05
9,17431ebc449c2d76da55,5,2000,continuous,0.8,superiority_power,first_factor,adjusted,refined_S_normal,3,4999,15600,1.0024119589943439,1.0019310000000132,6.425717685861179e-05,6.4226346153847e-05
9,17431ebc449c2d76da55,5,2000,continuous,0.8,superiority_power,first_factor,adjusted,original_R_normal,3,4999,8700,1.0033540000149515,1.0028749999999036,0.00011532804597873005,0.00011527298850573605
9,17431ebc449c2d76da55,5,2000,continuous,0.8,superiority_power,first_factor,adjusted,refined_R_normal,3,4999,6100,1.000197457993636,0.9998649999999998,0.00016396679639239933,0.0001639122950819672
9,17431ebc449c2d76da55,5,2000,continuous,0.8,superiority_power,first_factor,adjusted,original_CRT_data,3,4999,100,12.192730999988271,12.168732999999975,0.12192730999988272,0.12168732999999975
9,17431ebc449c2d76da55,5,2000,continuous,0.8,superiority_power,first_factor,adjusted,refined_CRT_data,3,4999,100,12.349093875003746,12.3461870000001,0.12349093875003746,0.123461870000001
9,17431ebc449c2d76da55,5,2000,continuous,0.8,superiority_power,first_factor,adjusted,score_preparation,3,4999,6200,1.000037332996726,0.999998000000005,0.00016129634403173,0.0001612900000000008
9,17431ebc449c2d76da55,5,2000,continuous,0.8,superiority_power,first_factor,adjusted,RT,3,4999,100,12.193818459025351,12.191173000000163,0.12193818459025352,0.12191173000000162
9,17431ebc449c2d76da55,5,2000,continuous,0.8,superiority_power,first_factor,adjusted,refined_S_normal,4,4999,15700,1.0063622500165366,1.0062950000001365,6.409950637048004e-05,6.4095222929945e-05
9,17431ebc449c2d76da55,5,2000,continuous,0.8,superiority_power,first_factor,adjusted,original_R_normal,4,4999,8700,1.0016087080002762,1.0012990000000173,0.00011512743770118118,0.00011509183908046176
9,17431ebc449c2d76da55,5,2000,continuous,0.8,superiority_power,first_factor,adjusted,refined_R_normal,4,4999,6100,1.0037545000086538,1.0025929999999335,0.00016454991803420554,0.0001643595081967104
9,17431ebc449c2d76da55,5,2000,continuous,0.8,superiority_power,first_factor,adjusted,original_CRT_data,4,4999,100,12.131984832987655,12.126773000000185,0.12131984832987655,0.12126773000000185
9,17431ebc449c2d76da55,5,2000,continuous,0.8,superiority_power,first_factor,adjusted,refined_CRT_data,4,4999,100,12.2802567500039,12.247174000000086,0.122802567500039,0.12247174000000087
9,17431ebc449c2d76da55,5,2000,continuous,0.8,superiority_power,first_factor,adjusted,score_preparation,4,4999,6100,1.005949459009571,0.999953000000005,0.0001649097473786182,0.00016392672131147624
9,17431ebc449c2d76da55,5,2000,continuous,0.8,superiority_power,first_factor,adjusted,RT,4,4999,100,12.244046917010564,12.221434000000045,0.12244046917010565,0.12221434000000045
9,17431ebc449c2d76da55,5,2000,continuous,0.8,superiority_power,first_factor,adjusted,original_S_normal,4,4999,47200,1.0007641249976587,1.00076399999989,2.1202629766899546e-05,2.120262711864174e-05
9,17431ebc449c2d76da55,5,2000,continuous,0.8,superiority_power,first_factor,adjusted,original_R_normal,5,4999,8800,1.0075355419830885,1.0056210000000192,0.00011449267522535096,0.00011427511363636582
9,17431ebc449c2d76da55,5,2000,continuous,0.8,superiority_power,first_factor,adjusted,refined_R_normal,5,4999,6200,1.0150393750227522,1.0150410000001102,0.00016371602822947616,0.00016371629032259843
9,17431ebc449c2d76da55,5,2000,continuous,0.8,superiority_power,first_factor,adjusted,original_CRT_data,5,4999,100,12.195078417018522,12.192739999999958,0.12195078417018522,0.12192739999999958
9,17431ebc449c2d76da55,5,2000,continuous,0.8,superiority_power,first_factor,adjusted,refined_CRT_data,5,4999,100,12.24702462501591,12.243994000000157,0.1224702462501591,0.12243994000000157
9,17431ebc449c2d76da55,5,2000,continuous,0.8,superiority_power,first_factor,adjusted,score_preparation,5,4999,6300,1.008594582992373,1.0085739999999532,0.00016009437825275762,0.0001600911111111037
9,17431ebc449c2d76da55,5,2000,continuous,0.8,superiority_power,first_factor,adjusted,RT,5,4999,100,12.213916959008202,12.210544000000027,0.12213916959008202,0.12210544000000027
9,17431ebc449c2d76da55,5,2000,continuous,0.8,superiority_power,first_factor,adjusted,original_S_normal,5,4999,48100,1.0006390410126187,1.0006250000001273,2.080330646595881e-05,2.0803014553017202e-05
9,17431ebc449c2d76da55,5,2000,continuous,0.8,superiority_power,first_factor,adjusted,refined_S_normal,5,4999,15800,1.0024527909990866,1.0023519999999735,6.344637917715738e-05,6.343999999999832e-05
12,f39f01ae5cfde42c534f,5,400,continuous,0.95,superiority_null,zero,unadjusted,score_preparation,1,4999,36700,1.0012757500226144,1.0004619999999704,2.728271798426742e-05,2.726054495912726e-05
12,f39f01ae5cfde42c534f,5,400,continuous,0.95,superiority_null,zero,unadjusted,RT,1,4999,100,2.5661785829870496,2.566150000000107,0.025661785829870495,0.02566150000000107
12,f39f01ae5cfde42c534f,5,400,continuous,0.95,superiority_null,zero,unadjusted,original_S_normal,1,4999,62800,1.0004648750182241,1.0004690000000664,1.5930969347423952e-05,1.593103503184819e-05
12,f39f01ae5cfde42c534f,5,400,continuous,0.95,superiority_null,zero,unadjusted,refined_S_normal,1,4999,18000,1.0026407499972265,1.0026419999999234,5.570226388873481e-05,5.570233333332908e-05
12,f39f01ae5cfde42c534f,5,400,continuous,0.95,superiority_null,zero,unadjusted,original_R_normal,1,4999,16000,1.0022935000015423,1.00229400000012,6.26433437500964e-05,6.264337500000749e-05
12,f39f01ae5cfde42c534f,5,400,continuous,0.95,superiority_null,zero,unadjusted,refined_R_normal,1,4999,10600,1.009328457992524,1.0093289999999797,9.52196658483513e-05,9.521971698113016e-05
12,f39f01ae5cfde42c534f,5,400,continuous,0.95,superiority_null,zero,unadjusted,original_CRT_data,1,4999,100,2.5657485830015503,2.5656309999999394,0.0256574858300155,0.025656309999999394
12,f39f01ae5cfde42c534f,5,400,continuous,0.95,superiority_null,zero,unadjusted,refined_CRT_data,1,4999,100,2.568717165995622,2.5687189999998736,0.02568717165995622,0.025687189999998736
12,f39f01ae5cfde42c534f,5,400,continuous,0.95,superiority_null,zero,unadjusted,RT,2,4999,100,2.569682291999925,2.5696470000000318,0.025696822919999248,0.025696470000000318
12,f39f01ae5cfde42c534f,5,400,continuous,0.95,superiority_null,zero,unadjusted,original_S_normal,2,4999,62700,1.0003127079980914,1.0003120000001218,1.595395068577498e-05,1.5953939393941336e-05
12,f39f01ae5cfde42c534f,5,400,continuous,0.95,superiority_null,zero,unadjusted,refined_S_normal,2,4999,17900,1.0024267089902423,1.0024270000001252,5.600149212235991e-05,5.6001508379895264e-05
12,f39f01ae5cfde42c534f,5,400,continuous,0.95,superiority_null,zero,unadjusted,original_R_normal,2,4999,17300,1.0044927910203114,1.0044929999999113,5.806316711100066e-05,5.8063179190746317e-05
12,f39f01ae5cfde42c534f,5,400,continuous,0.95,superiority_null,zero,unadjusted,refined_R_normal,2,4999,10500,1.0027597500011325,1.0027600000000803,9.550092857153643e-05,9.550095238096003e-05
12,f39f01ae5cfde42c534f,5,400,continuous,0.95,superiority_null,zero,unadjusted,original_CRT_data,2,4999,100,2.5739690419868566,2.573167000000012,0.025739690419868566,0.025731670000000123
12,f39f01ae5cfde42c534f,5,400,continuous,0.95,superiority_null,zero,unadjusted,refined_CRT_data,2,4999,100,2.576793832995463,2.576727000000119,0.02576793832995463,0.02576727000000119
12,f39f01ae5cfde42c534f,5,400,continuous,0.95,superiority_null,zero,unadjusted,score_preparation,2,4999,35400,1.0005625000048894,1.0005160000000615,2.8264477401268063e-05,2.8263163841809647e-05
12,f39f01ae5cfde42c534f,5,400,continuous,0.95,superiority_null,zero,unadjusted,original_S_normal,3,4999,62400,1.0009661249932833,1.0009590000001936,1.6041123797969283e-05,1.6041009615387718e-05
12,f39f01ae5cfde42c534f,5,400,continuous,0.95,superiority_null,zero,unadjusted,refined_S_normal,3,4999,17700,1.0039449159812648,1.00387499999988,5.672005175035394e-05,5.671610169490847e-05
12,f39f01ae5cfde42c534f,5,400,continuous,0.95,superiority_null,zero,unadjusted,original_R_normal,3,4999,16000,1.0035980829852633,1.0035980000000109,6.272488018657895e-05,6.272487500000068e-05
12,f39f01ae5cfde42c534f,5,400,continuous,0.95,superiority_null,zero,unadjusted,refined_R_normal,3,4999,10600,1.0010184170096181,1.001019000000042,9.44356997178885e-05,9.44357547169851e-05
12,f39f01ae5cfde42c534f,5,400,continuous,0.95,superiority_null,zero,unadjusted,original_CRT_data,3,4999,100,2.58553904198925,2.585319000000027,0.0258553904198925,0.02585319000000027
12,f39f01ae5cfde42c534f,5,400,continuous,0.95,superiority_null,zero,unadjusted,refined_CRT_data,3,4999,100,2.561150083987741,2.5490319999998974,0.02561150083987741,0.025490319999998973
12,f39f01ae5cfde42c534f,5,400,continuous,0.95,superiority_null,zero,unadjusted,score_preparation,3,4999,35600,1.0000805000017863,0.9972500000001219,2.809214887645467e-05,2.8012640449441624e-05
12,f39f01ae5cfde42c534f,5,400,continuous,0.95,superiority_null,zero,unadjusted,RT,3,4999,100,2.558987958007492,2.545270999999957,0.02558987958007492,0.02545270999999957
12,f39f01ae5cfde42c534f,5,400,continuous,0.95,superiority_null,zero,unadjusted,refined_S_normal,4,4999,17700,1.0017649579967838,1.0016960000000381,5.659689028230417e-05,5.6592994350284636e-05
12,f39f01ae5cfde42c534f,5,400,continuous,0.95,superiority_null,zero,unadjusted,original_R_normal,4,4999,15900,1.0053089590219315,1.0053090000001248,6.322697855483846e-05,6.322698113208333e-05
12,f39f01ae5cfde42c534f,5,400,continuous,0.95,superiority_null,zero,unadjusted,refined_R_normal,4,4999,10500,1.005099666013848,1.005100000000084,9.572377771560458e-05,9.572380952381753e-05
12,f39f01ae5cfde42c534f,5,400,continuous,0.95,superiority_null,zero,unadjusted,original_CRT_data,4,4999,100,2.568858499987982,2.5646949999998014,0.02568858499987982,0.025646949999998014
12,f39f01ae5cfde42c534f,5,400,continuous,0.95,superiority_null,zero,unadjusted,refined_CRT_data,4,4999,100,2.567250583000714,2.566720999999916,0.02567250583000714,0.02566720999999916
12,f39f01ae5cfde42c534f,5,400,continuous,0.95,superiority_null,zero,unadjusted,score_preparation,4,4999,37200,1.0022642920084763,1.0022639999999683,2.6942588494851514e-05,2.694258064516044e-05
12,f39f01ae5cfde42c534f,5,400,continuous,0.95,superiority_null,zero,unadjusted,RT,4,4999,100,2.5674497919972055,2.567451000000119,0.025674497919972054,0.02567451000000119
12,f39f01ae5cfde42c534f,5,400,continuous,0.95,superiority_null,zero,unadjusted,original_S_normal,4,4999,62100,1.0006616250029765,1.0006670000000213,1.6113713768163873e-05,1.6113800322061535e-05
12,f39f01ae5cfde42c534f,5,400,continuous,0.95,superiority_null,zero,unadjusted,original_R_normal,5,4999,16000,1.0033297920017503,1.0033220000000256,6.270811200010939e-05,6.27076250000016e-05
12,f39f01ae5cfde42c534f,5,400,continuous,0.95,superiority_null,zero,unadjusted,refined_R_normal,5,4999,10500,1.0017231660021935,1.0017239999999674,9.540220628592319e-05,9.540228571428262e-05
12,f39f01ae5cfde42c534f,5,400,continuous,0.95,superiority_null,zero,unadjusted,original_CRT_data,5,4999,100,2.56877524999436,2.568272999999863,0.025687752499943598,0.025682729999998627
12,f39f01ae5cfde42c534f,5,400,continuous,0.95,superiority_null,zero,unadjusted,refined_CRT_data,5,4999,100,2.593738957977621,2.5891110000000026,0.025937389579776208,0.025891110000000026
12,f39f01ae5cfde42c534f,5,400,continuous,0.95,superiority_null,zero,unadjusted,score_preparation,5,4999,37100,1.0006824580195826,1.000682999999981,2.697257299244158e-05,2.6972587601077654e-05
12,f39f01ae5cfde42c534f,5,400,continuous,0.95,superiority_null,zero,unadjusted,RT,5,4999,100,2.5748733750078827,2.5717839999999796,0.025748733750078828,0.025717839999999798
12,f39f01ae5cfde42c534f,5,400,continuous,0.95,superiority_null,zero,unadjusted,original_S_normal,5,4999,64600,1.0003049169899896,1.0003050000000258,1.548459623823513e-05,1.5484597523220213e-05
12,f39f01ae5cfde42c534f,5,400,continuous,0.95,superiority_null,zero,unadjusted,refined_S_normal,5,4999,17900,1.003690290992381,1.0036909999998898,5.607208329566374e-05,5.607212290502177e-05
12,f39f01ae5cfde42c534f,5,400,continuous,0.95,superiority_null,zero,adjusted,score_preparation,1,4999,17800,1.0040442500030622,1.0040449999999055,5.6406980337250683e-05,5.64070224719048e-05
12,f39f01ae5cfde42c534f,5,400,continuous,0.95,superiority_null,zero,adjusted,RT,1,4999,100,2.5318280830106232,2.531690000000026,0.025318280830106232,0.02531690000000026
12,f39f01ae5cfde42c534f,5,400,continuous,0.95,superiority_null,zero,adjusted,original_S_normal,1,4999,62600,1.00053749998915,1.000539000000117,1.59830271563762e-05,1.5983051118212733e-05
12,f39f01ae5cfde42c534f,5,400,continuous,0.95,superiority_null,zero,adjusted,refined_S_normal,1,4999,17700,1.0024186660011765,1.0024190000001454,5.6633822937919576e-05,5.663384180791782e-05
12,f39f01ae5cfde42c534f,5,400,continuous,0.95,superiority_null,zero,adjusted,original_R_normal,1,4999,15900,1.0051262920023873,1.0050220000000536,6.321549006304323e-05,6.320893081761344e-05
12,f39f01ae5cfde42c534f,5,400,continuous,0.95,superiority_null,zero,adjusted,refined_R_normal,1,4999,10600,1.00815895901178,1.0081589999999778,9.51093357558283e-05,9.510933962263942e-05
12,f39f01ae5cfde42c534f,5,400,continuous,0.95,superiority_null,zero,adjusted,original_CRT_data,1,4999,100,2.5712420839990955,2.5711989999999787,0.025712420839990955,0.025711989999999785
12,f39f01ae5cfde42c534f,5,400,continuous,0.95,superiority_null,zero,adjusted,refined_CRT_data,1,4999,100,2.5843099170015194,2.5843109999998433,0.025843099170015194,0.025843109999998434
12,f39f01ae5cfde42c534f,5,400,continuous,0.95,superiority_null,zero,adjusted,RT,2,4999,100,2.5751284580037463,2.5751299999999446,0.025751284580037462,0.025751299999999446
12,f39f01ae5cfde42c534f,5,400,continuous,0.95,superiority_null,zero,adjusted,original_S_normal,2,4999,62300,1.0010912500147242,1.0010920000001988,1.6068880417571817e-05,1.606889245586194e-05
12,f39f01ae5cfde42c534f,5,400,continuous,0.95,superiority_null,zero,adjusted,refined_S_normal,2,4999,17600,1.0008259160094894,1.000827000000072,5.686510886417554e-05,5.686517045454955e-05
12,f39f01ae5cfde42c534f,5,400,continuous,0.95,superiority_null,zero,adjusted,original_R_normal,2,4999,15900,1.0038947080029175,1.0032180000000608,6.313803194986902e-05,6.309547169811703e-05
12,f39f01ae5cfde42c534f,5,400,continuous,0.95,superiority_null,zero,adjusted,refined_R_normal,2,4999,10500,1.0075449590221979,1.0075400000000627,9.595666276401885e-05,9.595619047619645e-05
12,f39f01ae5cfde42c534f,5,400,continuous,0.95,superiority_null,zero,adjusted,original_CRT_data,2,4999,100,2.5744266659894492,2.5744270000000142,0.02574426665989449,0.025744270000000142
12,f39f01ae5cfde42c534f,5,400,continuous,0.95,superiority_null,zero,adjusted,refined_CRT_data,2,4999,100,2.5792239579895977,2.579132999999956,0.025792239579895977,0.02579132999999956
12,f39f01ae5cfde42c534f,5,400,continuous,0.95,superiority_null,zero,adjusted,score_preparation,2,4999,17000,1.0026720000023488,1.0020429999999578,5.8980705882491105e-05,5.8943705882350464e-05
12,f39f01ae5cfde42c534f,5,400,continuous,0.95,superiority_null,zero,adjusted,original_S_normal,3,4999,60800,1.00130958398222,0.9997269999998935,1.6468907631286513e-05,1.6442878289471932e-05
12,f39f01ae5cfde42c534f,5,400,continuous,0.95,superiority_null,zero,adjusted,refined_S_normal,3,4999,17500,1.0041611670167185,1.0039730000000873,5.7380638115241057e-05,5.73698857142907e-05
12,f39f01ae5cfde42c534f,5,400,continuous,0.95,superiority_null,zero,adjusted,original_R_normal,3,4999,15800,1.0010784589976538,1.000962999999956,6.335939613909202e-05,6.335208860759216e-05
12,f39f01ae5cfde42c534f,5,400,continuous,0.95,superiority_null,zero,adjusted,refined_R_normal,3,4999,10200,1.0009348329913337,1.0007570000000214,9.813086597954252e-05,9.811343137255112e-05
12,f39f01ae5cfde42c534f,5,400,continuous,0.95,superiority_null,zero,adjusted,original_CRT_data,3,4999,100,2.5448003750061616,2.5443700000000717,0.025448003750061617,0.025443700000000718
12,f39f01ae5cfde42c534f,5,400,continuous,0.95,superiority_null,zero,adjusted,refined_CRT_data,3,4999,100,2.5503567499981727,2.549208000000135,0.025503567499981727,0.02549208000000135
12,f39f01ae5cfde42c534f,5,400,continuous,0.95,superiority_null,zero,adjusted,score_preparation,3,4999,17700,1.0013129159924574,1.001312999999982,5.6571351186014545e-05,5.657135593220237e-05
12,f39f01ae5cfde42c534f,5,400,continuous,0.95,superiority_null,zero,adjusted,RT,3,4999,100,2.551507500000298,2.5515090000001237,0.025515075000002982,0.025515090000001236
12,f39f01ae5cfde42c534f,5,400,continuous,0.95,superiority_null,zero,adjusted,refined_S_normal,4,4999,17900,1.0043520409963094,1.0043319999999767,5.6109052569626225e-05,5.610793296089255e-05
12,f39f01ae5cfde42c534f,5,400,continuous,0.95,superiority_null,zero,adjusted,original_R_normal,4,4999,16000,1.0019792499952018,1.0019749999999021,6.262370312470012e-05,6.262343749999389e-05
12,f39f01ae5cfde42c534f,5,400,continuous,0.95,superiority_null,zero,adjusted,refined_R_normal,4,4999,10200,1.006443374993978,1.0054869999999028,9.867091911705668e-05,9.857715686273557e-05
12,f39f01ae5cfde42c534f,5,400,continuous,0.95,superiority_null,zero,adjusted,original_CRT_data,4,4999,100,2.557853458012687,2.5569839999998294,0.02557853458012687,0.025569839999998293
12,f39f01ae5cfde42c534f,5,400,continuous,0.95,superiority_null,zero,adjusted,refined_CRT_data,4,4999,100,2.553962583973771,2.537017999999989,0.02553962583973771,0.02537017999999989
12,f39f01ae5cfde42c534f,5,400,continuous,0.95,superiority_null,zero,adjusted,score_preparation,4,4999,16800,1.0024787920119707,0.9975540000000365,5.96713566673792e-05,5.9378214285716456e-05
12,f39f01ae5cfde42c534f,5,400,continuous,0.95,superiority_null,zero,adjusted,RT,4,4999,100,2.5368625830160454,2.521066000000019,0.025368625830160453,0.02521066000000019
12,f39f01ae5cfde42c534f,5,400,continuous,0.95,superiority_null,zero,adjusted,original_S_normal,4,4999,60100,1.0015248749987222,0.9941289999999299,1.6664307404304863e-05,1.6541247920131943e-05
12,f39f01ae5cfde42c534f,5,400,continuous,0.95,superiority_null,zero,adjusted,original_R_normal,5,4999,15600,1.0026327089872211,1.0002210000000105,6.427132749918085e-05,6.411673076923144e-05
12,f39f01ae5cfde42c534f,5,400,continuous,0.95,superiority_null,zero,adjusted,refined_R_normal,5,4999,9800,1.0100134999956936,1.0034680000001117,0.0001030626020403769,0.00010239469387756242
12,f39f01ae5cfde42c534f,5,400,continuous,0.95,superiority_null,zero,adjusted,original_CRT_data,5,4999,100,2.561681082996074,2.5525199999999586,0.025616810829960743,0.025525199999999585
12,f39f01ae5cfde42c534f,5,400,continuous,0.95,superiority_null,zero,adjusted,refined_CRT_data,5,4999,100,2.5564544160151854,2.554362000000083,0.025564544160151855,0.02554362000000083
12,f39f01ae5cfde42c534f,5,400,continuous,0.95,superiority_null,zero,adjusted,score_preparation,5,4999,17300,1.0020455830090214,1.0018949999998767,5.7921710000521466e-05,5.7913005780339694e-05
12,f39f01ae5cfde42c534f,5,400,continuous,0.95,superiority_null,zero,adjusted,RT,5,4999,100,2.550472250004532,2.545075999999881,0.025504722500045318,0.02545075999999881
12,f39f01ae5cfde42c534f,5,400,continuous,0.95,superiority_null,zero,adjusted,original_S_normal,5,4999,61000,1.0010435839940328,0.9988009999999576,1.6410550557279227e-05,1.6373786885245206e-05
12,f39f01ae5cfde42c534f,5,400,continuous,0.95,superiority_null,zero,adjusted,refined_S_normal,5,4999,17900,1.0053747500060126,1.0053749999999582,5.616618715117389e-05,5.6166201117316097e-05
13,d8bb31d506f67c62d819,5,400,continuous,0.95,superiority_power,zero,unadjusted,score_preparation,1,4999,35900,1.0007970000151545,1.0007969999999204,2.7877353760867812e-05,2.7877353760443466e-05
13,d8bb31d506f67c62d819,5,400,continuous,0.95,superiority_power,zero,unadjusted,RT,1,4999,100,2.5652900419954676,2.564057999999932,0.025652900419954675,0.025640579999999316
13,d8bb31d506f67c62d819,5,400,continuous,0.95,superiority_power,zero,unadjusted,original_S_normal,1,4999,62300,1.0013084579841234,1.001074000000017,1.6072366901831834e-05,1.6068603531300432e-05
13,d8bb31d506f67c62d819,5,400,continuous,0.95,superiority_power,zero,unadjusted,refined_S_normal,1,4999,17700,1.0016489159897901,1.001634999999851,5.6590334236711305e-05,5.658954802259045e-05
13,d8bb31d506f67c62d819,5,400,continuous,0.95,superiority_power,zero,unadjusted,original_R_normal,1,4999,15700,1.0000236660125665,0.9995329999999285,6.369577490525901e-05,6.366452229298908e-05
13,d8bb31d506f67c62d819,5,400,continuous,0.95,superiority_power,zero,unadjusted,refined_R_normal,1,4999,10200,1.0028896659787279,1.002523999999994,9.83225162724243e-05,9.828666666666607e-05
13,d8bb31d506f67c62d819,5,400,continuous,0.95,superiority_power,zero,unadjusted,original_CRT_data,1,4999,100,2.5433273749949876,2.5414590000000317,0.025433273749949876,0.025414590000000317
13,d8bb31d506f67c62d819,5,400,continuous,0.95,superiority_power,zero,unadjusted,refined_CRT_data,1,4999,100,2.5629153329937253,2.5605889999999363,0.025629153329937253,0.025605889999999364
13,d8bb31d506f67c62d819,5,400,continuous,0.95,superiority_power,zero,unadjusted,RT,2,4999,100,2.536299249972217,2.5362270000000535,0.025362992499722167,0.025362270000000534
13,d8bb31d506f67c62d819,5,400,continuous,0.95,superiority_power,zero,unadjusted,original_S_normal,2,4999,61000,1.0005034579953644,0.9981030000001283,1.6401696032710893e-05,1.6362344262297184e-05
13,d8bb31d506f67c62d819,5,400,continuous,0.95,superiority_power,zero,unadjusted,refined_S_normal,2,4999,17500,1.0033108750067186,1.0019720000000234,5.733205000038392e-05,5.725554285714419e-05
13,d8bb31d506f67c62d819,5,400,continuous,0.95,superiority_power,zero,unadjusted,original_R_normal,2,4999,16800,1.0057172919914592,1.0049149999999827,5.986412452330114e-05,5.981636904761802e-05
13,d8bb31d506f67c62d819,5,400,continuous,0.95,superiority_power,zero,unadjusted,refined_R_normal,2,4999,10200,1.0010744169994723,1.001025000000027,9.814455068622278e-05,9.813970588235558e-05
13,d8bb31d506f67c62d819,5,400,continuous,0.95,superiority_power,zero,unadjusted,original_CRT_data,2,4999,100,2.541039833013201,2.540762000000086,0.025410398330132013,0.025407620000000863
13,d8bb31d506f67c62d819,5,400,continuous,0.95,superiority_power,zero,unadjusted,refined_CRT_data,2,4999,100,2.5655534170218743,2.564160000000129,0.025655534170218743,0.02564160000000129
13,d8bb31d506f67c62d819,5,400,continuous,0.95,superiority_power,zero,unadjusted,score_preparation,2,4999,37200,1.0018264999962412,1.0018210000000636,2.6930819892372075e-05,2.693067204301246e-05
13,d8bb31d506f67c62d819,5,400,continuous,0.95,superiority_power,zero,unadjusted,original_S_normal,3,4999,61300,1.0003048339858651,1.0001910000000862,1.6318186525054895e-05,1.6316329526918208e-05
13,d8bb31d506f67c62d819,5,400,continuous,0.95,superiority_power,zero,unadjusted,refined_S_normal,3,4999,17700,1.0042792500171345,1.0041599999999562,5.673894067893415e-05,5.6732203389828036e-05
13,d8bb31d506f67c62d819,5,400,continuous,0.95,superiority_power,zero,unadjusted,original_R_normal,3,4999,16800,1.0002172910026275,1.0002180000001317,5.953674351206116e-05,5.9536785714293555e-05
13,d8bb31d506f67c62d819,5,400,continuous,0.95,superiority_power,zero,unadjusted,refined_R_normal,3,4999,10300,1.0004014579753857,1.0003850000000511,9.712635514324133e-05,9.712475728155836e-05
13,d8bb31d506f67c62d819,5,400,continuous,0.95,superiority_power,zero,unadjusted,original_CRT_data,3,4999,100,2.5571940829977393,2.5562310000000252,0.025571940829977394,0.02556231000000025
13,d8bb31d506f67c62d819,5,400,continuous,0.95,superiority_power,zero,unadjusted,refined_CRT_data,3,4999,100,2.549479000008432,2.5493569999998726,0.02549479000008432,0.025493569999998727
13,d8bb31d506f67c62d819,5,400,continuous,0.95,superiority_power,zero,unadjusted,score_preparation,3,4999,35400,1.0001033750013448,1.0000529999999799,2.825150776839957e-05,2.8250084745762144e-05
13,d8bb31d506f67c62d819,5,400,continuous,0.95,superiority_power,zero,unadjusted,RT,3,4999,100,2.556016208982328,2.5554359999998724,0.025560162089823278,0.025554359999998725
13,d8bb31d506f67c62d819,5,400,continuous,0.95,superiority_power,zero,unadjusted,refined_S_normal,4,4999,17700,1.0049820420099422,1.0049750000000586,5.6778646441239674e-05,5.677824858757393e-05
13,d8bb31d506f67c62d819,5,400,continuous,0.95,superiority_power,zero,unadjusted,original_R_normal,4,4999,15800,1.0039433340134565,1.003622999999834,6.354071734262382e-05,6.352044303796419e-05
13,d8bb31d506f67c62d819,5,400,continuous,0.95,superiority_power,zero,unadjusted,refined_R_normal,4,4999,10400,1.0086217499920167,1.0085450000001401,9.698286057615545e-05,9.697548076924424e-05
13,d8bb31d506f67c62d819,5,400,continuous,0.95,superiority_power,zero,unadjusted,original_CRT_data,4,4999,100,2.542704291001428,2.542614000000185,0.02542704291001428,0.025426140000001853
13,d8bb31d506f67c62d819,5,400,continuous,0.95,superiority_power,zero,unadjusted,refined_CRT_data,4,4999,100,2.543322499986971,2.5431919999998627,0.02543322499986971,0.025431919999998626
13,d8bb31d506f67c62d819,5,400,continuous,0.95,superiority_power,zero,unadjusted,score_preparation,4,4999,35200,1.0017842090164777,1.0004530000001068,2.8459778665240843e-05,2.8421960227275762e-05
13,d8bb31d506f67c62d819,5,400,continuous,0.95,superiority_power,zero,unadjusted,RT,4,4999,100,2.535096000006888,2.5234129999998913,0.02535096000006888,0.025234129999998915
13,d8bb31d506f67c62d819,5,400,continuous,0.95,superiority_power,zero,unadjusted,original_S_normal,4,4999,62600,1.0013457909808494,1.0011039999999412,1.5995939153048713e-05,1.5992076677315354e-05
13,d8bb31d506f67c62d819,5,400,continuous,0.95,superiority_power,zero,unadjusted,original_R_normal,5,4999,15800,1.0063217499991879,1.005375999999842,6.36912499999486e-05,6.363139240505329e-05
13,d8bb31d506f67c62d819,5,400,continuous,0.95,superiority_power,zero,unadjusted,refined_R_normal,5,4999,9900,1.0089621670194902,1.0050759999999173,0.0001019153704060091,0.00010152282828281993
13,d8bb31d506f67c62d819,5,400,continuous,0.95,superiority_power,zero,unadjusted,original_CRT_data,5,4999,100,2.521297292027157,2.5198279999999613,0.025212972920271567,0.025198279999999615
13,d8bb31d506f67c62d819,5,400,continuous,0.95,superiority_power,zero,unadjusted,refined_CRT_data,5,4999,100,2.527553749998333,2.5155869999998686,0.02527553749998333,0.025155869999998685
13,d8bb31d506f67c62d819,5,400,continuous,0.95,superiority_power,zero,unadjusted,score_preparation,5,4999,36800,1.0016092089936137,0.998386999999866,2.7217641548739504e-05,2.713008152173549e-05
13,d8bb31d506f67c62d819,5,400,continuous,0.95,superiority_power,zero,unadjusted,RT,5,4999,100,2.526429207995534,2.5099310000000514,0.025264292079955338,0.025099310000000513
13,d8bb31d506f67c62d819,5,400,continuous,0.95,superiority_power,zero,unadjusted,original_S_normal,5,4999,62500,1.0011497499945108,1.0011509999999362,1.6018395999912174e-05,1.601841599999898e-05
13,d8bb31d506f67c62d819,5,400,continuous,0.95,superiority_power,zero,unadjusted,refined_S_normal,5,4999,17200,1.0003258340002503,0.9942040000000816,5.8158478720944784e-05,5.7802558139539625e-05
13,d8bb31d506f67c62d819,5,400,continuous,0.95,superiority_power,zero,adjusted,score_preparation,1,4999,16700,1.0012679999927059,0.9911199999999099,5.995616766423388e-05,5.9348502994006575e-05
13,d8bb31d506f67c62d819,5,400,continuous,0.95,superiority_power,zero,adjusted,RT,1,4999,100,2.538755375018809,2.521730999999818,0.02538755375018809,0.02521730999999818
13,d8bb31d506f67c62d819,5,400,continuous,0.95,superiority_power,zero,adjusted,original_S_normal,1,4999,61400,1.0004179170064162,0.9993099999999231,1.629345141704261e-05,1.6275407166122527e-05
13,d8bb31d506f67c62d819,5,400,continuous,0.95,superiority_power,zero,adjusted,refined_S_normal,1,4999,17700,1.0002120409917552,1.0002110000000357,5.6509154858291254e-05,5.650909604519976e-05
13,d8bb31d506f67c62d819,5,400,continuous,0.95,superiority_power,zero,adjusted,original_R_normal,1,4999,16500,1.0013002080086153,1.0010149999998248,6.068486109143123e-05,6.066757575756514e-05
13,d8bb31d506f67c62d819,5,400,continuous,0.95,superiority_power,zero,adjusted,refined_R_normal,1,4999,10400,1.005587541993009,1.0055879999999888,9.669110980702008e-05,9.669115384615278e-05
13,d8bb31d506f67c62d819,5,400,continuous,0.95,superiority_power,zero,adjusted,original_CRT_data,1,4999,100,2.549607624998316,2.546049000000039,0.025496076249983162,0.02546049000000039
13,d8bb31d506f67c62d819,5,400,continuous,0.95,superiority_power,zero,adjusted,refined_CRT_data,1,4999,100,2.5423342080030125,2.5417849999998907,0.025423342080030123,0.025417849999998906
13,d8bb31d506f67c62d819,5,400,continuous,0.95,superiority_power,zero,adjusted,RT,2,4999,100,2.5542910000076517,2.5514550000000327,0.025542910000076517,0.025514550000000327
13,d8bb31d506f67c62d819,5,400,continuous,0.95,superiority_power,zero,adjusted,original_S_normal,2,4999,59500,1.00136454202584,0.9957650000001195,1.682965616850151e-05,1.6735546218489403e-05
13,d8bb31d506f67c62d819,5,400,continuous,0.95,superiority_power,zero,adjusted,refined_S_normal,2,4999,17500,1.000077875010902,1.0000099999999748,5.714730714348012e-05,5.714342857142713e-05
13,d8bb31d506f67c62d819,5,400,continuous,0.95,superiority_power,zero,adjusted,original_R_normal,2,4999,15600,1.0006073330005165,0.9963709999999537,6.414149570516132e-05,6.386993589743292e-05
13,d8bb31d506f67c62d819,5,400,continuous,0.95,superiority_power,zero,adjusted,refined_R_normal,2,4999,10300,1.0080857909924816,1.0077120000000832,9.787240689247394e-05,9.783611650486244e-05
13,d8bb31d506f67c62d819,5,400,continuous,0.95,superiority_power,zero,adjusted,original_CRT_data,2,4999,100,2.5738729999866337,2.5738420000000133,0.025738729999866337,0.025738420000000133
13,d8bb31d506f67c62d819,5,400,continuous,0.95,superiority_power,zero,adjusted,refined_CRT_data,2,4999,100,2.582095499994466,2.5815930000001117,0.025820954999944662,0.025815930000001118
13,d8bb31d506f67c62d819,5,400,continuous,0.95,superiority_power,zero,adjusted,score_preparation,2,4999,17600,1.000598499987973,1.0006000000000768,5.685218749931664e-05,5.6852272727277086e-05
13,d8bb31d506f67c62d819,5,400,continuous,0.95,superiority_power,zero,adjusted,original_S_normal,3,4999,61900,1.0014610840007663,1.0004860000001372,1.617869279484275e-05,1.616294022617346e-05
13,d8bb31d506f67c62d819,5,400,continuous,0.95,superiority_power,zero,adjusted,refined_S_normal,3,4999,17500,1.0000432090018876,0.9999030000001312,5.714532622867929e-05,5.713731428572178e-05
13,d8bb31d506f67c62d819,5,400,continuous,0.95,superiority_power,zero,adjusted,original_R_normal,3,4999,15900,1.0061899579886813,1.0061319999999796,6.328238729488561e-05,6.32787421383635e-05
13,d8bb31d506f67c62d819,5,400,continuous,0.95,superiority_power,zero,adjusted,refined_R_normal,3,4999,10500,1.0095433329988737,1.009497999999894,9.614698409513082e-05,9.614266666665657e-05
13,d8bb31d506f67c62d819,5,400,continuous,0.95,superiority_power,zero,adjusted,original_CRT_data,3,4999,100,2.557959750003647,2.5574569999998857,0.02557959750003647,0.025574569999998856
13,d8bb31d506f67c62d819,5,400,continuous,0.95,superiority_power,zero,adjusted,refined_CRT_data,3,4999,100,2.577977291017305,2.577978999999914,0.02577977291017305,0.02577978999999914
13,d8bb31d506f67c62d819,5,400,continuous,0.95,superiority_power,zero,adjusted,score_preparation,3,4999,17400,1.003201083978638,1.0031839999999193,5.765523471141598e-05,5.765425287355858e-05
13,d8bb31d506f67c62d819,5,400,continuous,0.95,superiority_power,zero,adjusted,RT,3,4999,100,2.5565986669971608,2.5565160000001015,0.02556598666997161,0.025565160000001017
13,d8bb31d506f67c62d819,5,400,continuous,0.95,superiority_power,zero,adjusted,refined_S_normal,4,4999,17700,1.0020054999913555,1.0017009999999118,5.661048022550031e-05,5.659327683615321e-05
13,d8bb31d506f67c62d819,5,400,continuous,0.95,superiority_power,zero,adjusted,original_R_normal,4,4999,15900,1.0027412500057835,1.0000340000001415,6.30654874217474e-05,6.289522012579506e-05
13,d8bb31d506f67c62d819,5,400,continuous,0.95,superiority_power,zero,adjusted,refined_R_normal,4,4999,10300,1.0040342919819523,1.0039740000001984,9.747905747397594e-05,9.747320388351441e-05
13,d8bb31d506f67c62d819,5,400,continuous,0.95,superiority_power,zero,adjusted,original_CRT_data,4,4999,100,2.569456708006328,2.569347000000107,0.02569456708006328,0.02569347000000107
13,d8bb31d506f67c62d819,5,400,continuous,0.95,superiority_power,zero,adjusted,refined_CRT_data,4,4999,100,2.5873320839891676,2.5872450000001663,0.025873320839891675,0.025872450000001664
13,d8bb31d506f67c62d819,5,400,continuous,0.95,superiority_power,zero,adjusted,score_preparation,4,4999,17700,1.0047775419952814,1.0047779999999875,5.676709276809499e-05,5.676711864406709e-05
13,d8bb31d506f67c62d819,5,400,continuous,0.95,superiority_power,zero,adjusted,RT,4,4999,100,2.5633066670270637,2.562925999999834,0.025633066670270637,0.02562925999999834
13,d8bb31d506f67c62d819,5,400,continuous,0.95,superiority_power,zero,adjusted,original_S_normal,4,4999,61600,1.0005421249952633,1.0005419999999958,1.624256696420882e-05,1.624256493506487e-05
13,d8bb31d506f67c62d819,5,400,continuous,0.95,superiority_power,zero,adjusted,original_R_normal,5,4999,16800,1.0061672089796048,1.0057419999998274,5.9890905296405044e-05,5.986559523808496e-05
13,d8bb31d506f67c62d819,5,400,continuous,0.95,superiority_power,zero,adjusted,refined_R_normal,5,4999,10000,1.0079056250106078,1.0069539999999506,0.00010079056250106077,0.00010069539999999507
13,d8bb31d506f67c62d819,5,400,continuous,0.95,superiority_power,zero,adjusted,original_CRT_data,5,4999,100,2.557640208018711,2.555753000000095,0.02557640208018711,0.025557530000000953
13,d8bb31d506f67c62d819,5,400,continuous,0.95,superiority_power,zero,adjusted,refined_CRT_data,5,4999,100,2.577331459004199,2.5751110000001063,0.025773314590041993,0.025751110000001062
13,d8bb31d506f67c62d819,5,400,continuous,0.95,superiority_power,zero,adjusted,score_preparation,5,4999,16900,1.0010647080198396,1.0010480000000825,5.9234598107682816e-05,5.923360946746051e-05
13,d8bb31d506f67c62d819,5,400,continuous,0.95,superiority_power,zero,adjusted,RT,5,4999,100,2.5737497080117464,2.5736970000000383,0.025737497080117463,0.025736970000000383
13,d8bb31d506f67c62d819,5,400,continuous,0.95,superiority_power,zero,adjusted,original_S_normal,5,4999,61800,1.0016227920132224,1.0012910000000375,1.6207488543903275e-05,1.620211974110093e-05
13,d8bb31d506f67c62d819,5,400,continuous,0.95,superiority_power,zero,adjusted,refined_S_normal,5,4999,17700,1.0028518329781946,1.0028529999999591,5.665829564848557e-05,5.6658361581918593e-05
14,1522ed2ed621e75e8d2c,5,400,continuous,0.95,superiority_null,first_factor,unadjusted,score_preparation,1,4999,36900,1.001835665985709,1.001835999999912,2.71500180483932e-05,2.715002710026862e-05
14,1522ed2ed621e75e8d2c,5,400,continuous,0.95,superiority_null,first_factor,unadjusted,RT,1,4999,100,2.563399875012692,2.5624860000000353,0.02563399875012692,0.025624860000000353
14,1522ed2ed621e75e8d2c,5,400,continuous,0.95,superiority_null,first_factor,unadjusted,original_S_normal,1,4999,63000,1.0006158339965623,1.0006160000000364,1.588279101581845e-05,1.588279365079423e-05
14,1522ed2ed621e75e8d2c,5,400,continuous,0.95,superiority_null,first_factor,unadjusted,refined_S_normal,1,4999,17800,1.004433333990164,1.0044350000000577,5.642883898821147e-05,5.6428932584272904e-05
14,1522ed2ed621e75e8d2c,5,400,continuous,0.95,superiority_null,first_factor,unadjusted,original_R_normal,1,4999,15900,1.0052767919842154,1.005237999999963,6.322495547070537e-05,6.322251572326811e-05
14,1522ed2ed621e75e8d2c,5,400,continuous,0.95,superiority_null,first_factor,unadjusted,refined_R_normal,1,4999,10400,1.0052737499936484,1.0050029999999879,9.666093749938926e-05,9.663490384615268e-05
14,1522ed2ed621e75e8d2c,5,400,continuous,0.95,superiority_null,first_factor,unadjusted,original_CRT_data,1,4999,100,2.5729850420029834,2.5729859999999007,0.025729850420029832,0.025729859999999008
14,1522ed2ed621e75e8d2c,5,400,continuous,0.95,superiority_null,first_factor,unadjusted,refined_CRT_data,1,4999,100,2.5582709579903167,2.5581939999999577,0.025582709579903166,0.025581939999999578
14,1522ed2ed621e75e8d2c,5,400,continuous,0.95,superiority_null,first_factor,unadjusted,RT,2,4999,100,2.557275416009361,2.5572340000001077,0.025572754160093608,0.025572340000001078
14,1522ed2ed621e75e8d2c,5,400,continuous,0.95,superiority_null,first_factor,unadjusted,original_S_normal,2,4999,61900,1.0009332079789601,1.0009309999998095,1.617016491080711e-05,1.6170129240707745e-05
14,1522ed2ed621e75e8d2c,5,400,continuous,0.95,superiority_null,first_factor,unadjusted,refined_S_normal,2,4999,18000,1.0052507919899654,1.0052519999999276,5.5847266221664745e-05,5.584733333332931e-05
14,1522ed2ed621e75e8d2c,5,400,continuous,0.95,superiority_null,first_factor,unadjusted,original_R_normal,2,4999,15900,1.0010186250146944,1.001019000000042,6.295714622733927e-05,6.29571698113234e-05
14,1522ed2ed621e75e8d2c,5,400,continuous,0.95,superiority_null,first_factor,unadjusted,refined_R_normal,2,4999,10400,1.0057158750132658,1.0057110000000193,9.670344952050632e-05,9.670298076923263e-05
14,1522ed2ed621e75e8d2c,5,400,continuous,0.95,superiority_null,first_factor,unadjusted,original_CRT_data,2,4999,100,2.5410039580019657,2.540966000000026,0.025410039580019656,0.025409660000000257
14,1522ed2ed621e75e8d2c,5,400,continuous,0.95,superiority_null,first_factor,unadjusted,refined_CRT_data,2,4999,100,2.557103500002995,2.5570900000000165,0.02557103500002995,0.025570900000000164
14,1522ed2ed621e75e8d2c,5,400,continuous,0.95,superiority_null,first_factor,unadjusted,score_preparation,2,4999,36300,1.001707500021439,1.0017069999998967,2.7595247934474904e-05,2.7595234159776766e-05
14,1522ed2ed621e75e8d2c,5,400,continuous,0.95,superiority_null,first_factor,unadjusted,original_S_normal,3,4999,61200,1.0000875839905348,1.0000750000001517,1.6341300392002202e-05,1.634109477124431e-05
14,1522ed2ed621e75e8d2c,5,400,continuous,0.95,superiority_null,first_factor,unadjusted,refined_S_normal,3,4999,17800,1.0051242909976281,1.0051209999999173,5.646765679761956e-05,5.646747191010772e-05
14,1522ed2ed621e75e8d2c,5,400,continuous,0.95,superiority_null,first_factor,unadjusted,original_R_normal,3,4999,17100,1.0002739159972407,1.0002749999998741,5.849555064311349e-05,5.849561403508036e-05
14,1522ed2ed621e75e8d2c,5,400,continuous,0.95,superiority_null,first_factor,unadjusted,refined_R_normal,3,4999,10300,1.0012806669983547,1.0012810000000627,9.721171524255872e-05,9.721174757282163e-05
14,1522ed2ed621e75e8d2c,5,400,continuous,0.95,superiority_null,first_factor,unadjusted,original_CRT_data,3,4999,100,2.5681003339996096,2.5680979999999636,0.025681003339996095,0.025680979999999635
14,1522ed2ed621e75e8d2c,5,400,continuous,0.95,superiority_null,first_factor,unadjusted,refined_CRT_data,3,4999,100,2.582601458998397,2.5825979999999618,0.02582601458998397,0.025825979999999617
14,1522ed2ed621e75e8d2c,5,400,continuous,0.95,superiority_null,first_factor,unadjusted,score_preparation,3,4999,37200,1.0004393750277814,1.0004389999999148,2.6893531586768316e-05,2.6893521505374053e-05
14,1522ed2ed621e75e8d2c,5,400,continuous,0.95,superiority_null,first_factor,unadjusted,RT,3,4999,100,2.562494957994204,2.5624709999999595,0.02562494957994204,0.025624709999999596
14,1522ed2ed621e75e8d2c,5,400,continuous,0.95,superiority_null,first_factor,unadjusted,refined_S_normal,4,4999,17700,1.0033348329889122,1.0033359999999902,5.668558378468431e-05,5.668564971751357e-05
14,1522ed2ed621e75e8d2c,5,400,continuous,0.95,superiority_null,first_factor,unadjusted,original_R_normal,4,4999,15800,1.0001762500032783,1.0001690000001418,6.330229430400495e-05,6.330183544304695e-05
14,1522ed2ed621e75e8d2c,5,400,continuous,0.95,superiority_null,first_factor,unadjusted,refined_R_normal,4,4999,10500,1.007055499998387,1.006990000000087,9.5910047618894e-05,9.590380952381782e-05
14,1522ed2ed621e75e8d2c,5,400,continuous,0.95,superiority_null,first_factor,unadjusted,original_CRT_data,4,4999,100,2.575221834005788,2.5752199999999448,0.025752218340057878,0.025752199999999448
14,1522ed2ed621e75e8d2c,5,400,continuous,0.95,superiority_null,first_factor,unadjusted,refined_CRT_data,4,4999,100,2.57582495798124,2.5758120000000417,0.0257582495798124,0.02575812000000042
14,1522ed2ed621e75e8d2c,5,400,continuous,0.95,superiority_null,first_factor,unadjusted,score_preparation,4,4999,36600,1.001333666004939,1.0013300000000527,2.735884333346828e-05,2.7358743169400346e-05
14,1522ed2ed621e75e8d2c,5,400,continuous,0.95,superiority_null,first_factor,unadjusted,RT,4,4999,100,2.5707662909990177,2.5707669999999325,0.025707662909990176,0.025707669999999325
14,1522ed2ed621e75e8d2c,5,400,continuous,0.95,superiority_null,first_factor,unadjusted,original_S_normal,4,4999,62100,1.0012615830055438,1.00124199999982,1.6123374927625504e-05,1.6123059581317556e-05
14,1522ed2ed621e75e8d2c,5,400,continuous,0.95,superiority_null,first_factor,unadjusted,original_R_normal,5,4999,15800,1.0024132909893524,1.0024140000000443,6.34438791765413e-05,6.344392405063571e-05
14,1522ed2ed621e75e8d2c,5,400,continuous,0.95,superiority_null,first_factor,unadjusted,refined_R_normal,5,4999,10500,1.0024763749970589,1.0024720000001253,9.547394047591036e-05,9.547352380953574e-05
14,1522ed2ed621e75e8d2c,5,400,continuous,0.95,superiority_null,first_factor,unadjusted,original_CRT_data,5,4999,100,2.5680495840206277,2.568037000000004,0.025680495840206277,0.02568037000000004
14,1522ed2ed621e75e8d2c,5,400,continuous,0.95,superiority_null,first_factor,unadjusted,refined_CRT_data,5,4999,100,2.5439815419958904,2.5439719999999397,0.025439815419958905,0.0254397199999994
14,1522ed2ed621e75e8d2c,5,400,continuous,0.95,superiority_null,first_factor,unadjusted,score_preparation,5,4999,37200,1.0003647079865914,1.0003650000001016,2.6891524408241705e-05,2.689153225806725e-05
14,1522ed2ed621e75e8d2c,5,400,continuous,0.95,superiority_null,first_factor,unadjusted,RT,5,4999,100,2.6596612090070266,2.6594169999998485,0.026596612090070266,0.026594169999998484
14,1522ed2ed621e75e8d2c,5,400,continuous,0.95,superiority_null,first_factor,unadjusted,original_S_normal,5,4999,62700,1.0015717080095783,1.001551999999947,1.5974030430774772e-05,1.5973716108452103e-05
14,1522ed2ed621e75e8d2c,5,400,continuous,0.95,superiority_null,first_factor,unadjusted,refined_S_normal,5,4999,17700,1.0025230839964934,1.002518999999893,5.663972225968889e-05,5.6639491525417675e-05
14,1522ed2ed621e75e8d2c,5,400,continuous,0.95,superiority_null,first_factor,adjusted,score_preparation,1,4999,17800,1.0005975420062896,1.0005980000000818,5.621334505653312e-05,5.621337078652145e-05
14,1522ed2ed621e75e8d2c,5,400,continuous,0.95,superiority_null,first_factor,adjusted,RT,1,4999,100,2.5749173750227783,2.5749140000000352,0.025749173750227783,0.02574914000000035
14,1522ed2ed621e75e8d2c,5,400,continuous,0.95,superiority_null,first_factor,adjusted,original_S_normal,1,4999,62000,1.0004067500121891,1.0003990000000158,1.6135592742132084e-05,1.613546774193574e-05
14,1522ed2ed621e75e8d2c,5,400,continuous,0.95,superiority_null,first_factor,adjusted,refined_S_normal,1,4999,17900,1.0054709170071874,1.005472999999938,5.617155960934008e-05,5.617167597765017e-05
14,1522ed2ed621e75e8d2c,5,400,continuous,0.95,superiority_null,first_factor,adjusted,original_R_normal,1,4999,15800,1.0019649999740068,1.0019659999998112,6.341550632746878e-05,6.341556962024121e-05
14,1522ed2ed621e75e8d2c,5,400,continuous,0.95,superiority_null,first_factor,adjusted,refined_R_normal,1,4999,10400,1.005002207995858,1.004991999999902,9.663482769190943e-05,9.663384615383673e-05
14,1522ed2ed621e75e8d2c,5,400,continuous,0.95,superiority_null,first_factor,adjusted,original_CRT_data,1,4999,100,2.549734083004296,2.5497310000000653,0.025497340830042958,0.02549731000000065
14,1522ed2ed621e75e8d2c,5,400,continuous,0.95,superiority_null,first_factor,adjusted,refined_CRT_data,1,4999,100,2.567626125004608,2.5676209999999173,0.025676261250046083,0.025676209999999172
14,1522ed2ed621e75e8d2c,5,400,continuous,0.95,superiority_null,first_factor,adjusted,RT,2,4999,100,2.5639627080236096,2.5639320000000225,0.025639627080236097,0.025639320000000226
14,1522ed2ed621e75e8d2c,5,400,continuous,0.95,superiority_null,first_factor,adjusted,original_S_normal,2,4999,64100,1.000394333008444,1.0003939999999147,1.5606775865966366e-05,1.5606770670825502e-05
14,1522ed2ed621e75e8d2c,5,400,continuous,0.95,superiority_null,first_factor,adjusted,refined_S_normal,2,4999,17800,1.0003629160055425,1.0003639999999905,5.620016382053609e-05,5.620022471910059e-05
14,1522ed2ed621e75e8d2c,5,400,continuous,0.95,superiority_null,first_factor,adjusted,original_R_normal,2,4999,17000,1.0018019579874817,1.0018019999999979,5.89295269404401e-05,5.892952941176458e-05
14,1522ed2ed621e75e8d2c,5,400,continuous,0.95,superiority_null,first_factor,adjusted,refined_R_normal,2,4999,10200,1.0081026249972638,1.0036559999998644,9.883359068600625e-05,9.839764705881023e-05
14,1522ed2ed621e75e8d2c,5,400,continuous,0.95,superiority_null,first_factor,adjusted,original_CRT_data,2,4999,100,2.5328790830099024,2.524808000000121,0.025328790830099025,0.02524808000000121
14,1522ed2ed621e75e8d2c,5,400,continuous,0.95,superiority_null,first_factor,adjusted,refined_CRT_data,2,4999,100,2.5526012079790235,2.5475510000001123,0.025526012079790234,0.025475510000001124
14,1522ed2ed621e75e8d2c,5,400,continuous,0.95,superiority_null,first_factor,adjusted,score_preparation,2,4999,17800,1.001221667014761,1.0012209999999868,5.624840825925623e-05,5.6248370786516116e-05
14,1522ed2ed621e75e8d2c,5,400,continuous,0.95,superiority_null,first_factor,adjusted,original_S_normal,3,4999,60900,1.000419415999204,0.996804000000111,1.6427248210167552e-05,1.6367881773400838e-05
14,1522ed2ed621e75e8d2c,5,400,continuous,0.95,superiority_null,first_factor,adjusted,refined_S_normal,3,4999,16800,1.0048954579979181,0.9958500000000186,5.9815205833209413e-05,5.927678571428682e-05
14,1522ed2ed621e75e8d2c,5,400,continuous,0.95,superiority_null,first_factor,adjusted,original_R_normal,3,4999,15900,1.0034078340104315,1.0023539999999684,6.31074109440523e-05,6.304113207546971e-05
14,1522ed2ed621e75e8d2c,5,400,continuous,0.95,superiority_null,first_factor,adjusted,refined_R_normal,3,4999,10400,1.0032218749984168,1.002924000000121,9.646364182677084e-05,9.643500000001164e-05
14,1522ed2ed621e75e8d2c,5,400,continuous,0.95,superiority_null,first_factor,adjusted,original_CRT_data,3,4999,100,2.570652708003763,2.559880999999905,0.025706527080037633,0.02559880999999905
14,1522ed2ed621e75e8d2c,5,400,continuous,0.95,superiority_null,first_factor,adjusted,refined_CRT_data,3,4999,100,2.5692481659934856,2.565255999999863,0.025692481659934856,0.02565255999999863
14,1522ed2ed621e75e8d2c,5,400,continuous,0.95,superiority_null,first_factor,adjusted,score_preparation,3,4999,17600,1.0051282920176163,1.0049070000000029,5.710956204645547e-05,5.70969886363638e-05
14,1522ed2ed621e75e8d2c,5,400,continuous,0.95,superiority_null,first_factor,adjusted,RT,3,4999,100,2.568556250014808,2.5681859999999688,0.02568556250014808,0.02568185999999969
14,1522ed2ed621e75e8d2c,5,400,continuous,0.95,superiority_null,first_factor,adjusted,refined_S_normal,4,4999,17700,1.0021975839918014,1.002181999999948,5.662133242891533e-05,5.6620451977398186e-05
14,1522ed2ed621e75e8d2c,5,400,continuous,0.95,superiority_null,first_factor,adjusted,original_R_normal,4,4999,15900,1.004604499990819,1.0045869999999013,6.318267295539743e-05,6.318157232703782e-05
14,1522ed2ed621e75e8d2c,5,400,continuous,0.95,superiority_null,first_factor,adjusted,refined_R_normal,4,4999,10500,1.0038613750075456,1.0038569999999254,9.560584523881387e-05,9.560542857142146e-05
14,1522ed2ed621e75e8d2c,5,400,continuous,0.95,superiority_null,first_factor,adjusted,original_CRT_data,4,4999,100,2.5545722499955446,2.5537289999999757,0.025545722499955445,0.025537289999999758
14,1522ed2ed621e75e8d2c,5,400,continuous,0.95,superiority_null,first_factor,adjusted,refined_CRT_data,4,4999,100,2.5509168329881504,2.550013999999919,0.025509168329881503,0.025500139999999193
14,1522ed2ed621e75e8d2c,5,400,continuous,0.95,superiority_null,first_factor,adjusted,score_preparation,4,4999,17100,1.0013550829899032,1.0011739999999918,5.855877678303527e-05,5.854818713450244e-05
14,1522ed2ed621e75e8d2c,5,400,continuous,0.95,superiority_null,first_factor,adjusted,RT,4,4999,100,2.5440389170253184,2.543468999999959,0.025440389170253184,0.02543468999999959
14,1522ed2ed621e75e8d2c,5,400,continuous,0.95,superiority_null,first_factor,adjusted,original_S_normal,4,4999,61800,1.0004145840066485,1.0004100000001017,1.6187938252534764e-05,1.618786407767155e-05
14,1522ed2ed621e75e8d2c,5,400,continuous,0.95,superiority_null,first_factor,adjusted,original_R_normal,5,4999,15700,1.0009809999901336,1.000246000000061,6.375675159172826e-05,6.370993630573638e-05
14,1522ed2ed621e75e8d2c,5,400,continuous,0.95,superiority_null,first_factor,adjusted,refined_R_normal,5,4999,10000,1.0009844589803834,0.9965660000000298,0.00010009844589803833,9.965660000000298e-05
14,1522ed2ed621e75e8d2c,5,400,continuous,0.95,superiority_null,first_factor,adjusted,original_CRT_data,5,4999,100,2.5293662500043865,2.5223340000000007,0.025293662500043865,0.025223340000000007
14,1522ed2ed621e75e8d2c,5,400,continuous,0.95,superiority_null,first_factor,adjusted,refined_CRT_data,5,4999,100,2.560101749986643,2.557443999999805,0.02560101749986643,0.025574439999998047
14,1522ed2ed621e75e8d2c,5,400,continuous,0.95,superiority_null,first_factor,adjusted,score_preparation,5,4999,17700,1.0026530000031926,1.0026399999999285,5.6647062147073025e-05,5.664632768361178e-05
14,1522ed2ed621e75e8d2c,5,400,continuous,0.95,superiority_null,first_factor,adjusted,RT,5,4999,100,2.5678125000267755,2.5639880000001085,0.025678125000267754,0.025639880000001086
14,1522ed2ed621e75e8d2c,5,400,continuous,0.95,superiority_null,first_factor,adjusted,original_S_normal,5,4999,60800,1.000284040987026,0.9988089999999374,1.6452040147812928e-05,1.642777960526213e-05
14,1522ed2ed621e75e8d2c,5,400,continuous,0.95,superiority_null,first_factor,adjusted,refined_S_normal,5,4999,17200,1.0058102500042878,1.0013950000000023,5.847734011652836e-05,5.8220639534883853e-05
15,440bf8b99f621712fda3,5,400,continuous,0.95,superiority_power,first_factor,unadjusted,score_preparation,1,4999,37100,1.0021102500031702,1.0021080000001348,2.701105795156793e-05,2.7010997304585842e-05
15,440bf8b99f621712fda3,5,400,continuous,0.95,superiority_power,first_factor,unadjusted,RT,1,4999,100,2.539138708001701,2.5382979999999407,0.025391387080017012,0.025382979999999406
15,440bf8b99f621712fda3,5,400,continuous,0.95,superiority_power,first_factor,unadjusted,original_S_normal,1,4999,62300,1.0014515420189127,1.0014529999998558,1.607466359580919e-05,1.607468699839255e-05
15,440bf8b99f621712fda3,5,400,continuous,0.95,superiority_power,first_factor,unadjusted,refined_S_normal,1,4999,17800,1.0047530419833492,1.004754000000048,5.644680011142412e-05,5.644685393258697e-05
15,440bf8b99f621712fda3,5,400,continuous,0.95,superiority_power,first_factor,unadjusted,original_R_normal,1,4999,15900,1.0030418750247918,1.0027480000001106,6.308439465564728e-05,6.306591194969249e-05
15,440bf8b99f621712fda3,5,400,continuous,0.95,superiority_power,first_factor,unadjusted,refined_R_normal,1,4999,10500,1.0064643749792594,1.0064539999998487,9.585374999802471e-05,9.58527619047475e-05
15,440bf8b99f621712fda3,5,400,continuous,0.95,superiority_power,first_factor,unadjusted,original_CRT_data,1,4999,100,2.5714239999942947,2.5714230000000953,0.025714239999942948,0.025714230000000952
15,440bf8b99f621712fda3,5,400,continuous,0.95,superiority_power,first_factor,unadjusted,refined_CRT_data,1,4999,100,2.6430740829964634,2.6428730000000087,0.026430740829964633,0.026428730000000088
15,440bf8b99f621712fda3,5,400,continuous,0.95,superiority_power,first_factor,unadjusted,RT,2,4999,100,2.5656870839884505,2.5646959999999126,0.025656870839884504,0.025646959999999126
15,440bf8b99f621712fda3,5,400,continuous,0.95,superiority_power,first_factor,unadjusted,original_S_normal,2,4999,62200,1.0001872499997262,1.0001830000001064,1.6080180868162802e-05,1.6080112540194637e-05
15,440bf8b99f621712fda3,5,400,continuous,0.95,superiority_power,first_factor,unadjusted,refined_S_normal,2,4999,17700,1.0033875420049299,1.0033869999999752,5.668856169519378e-05,5.668853107344492e-05
15,440bf8b99f621712fda3,5,400,continuous,0.95,superiority_power,first_factor,unadjusted,original_R_normal,2,4999,15900,1.0021468750201166,1.0021079999999074,6.302810534717714e-05,6.302566037735267e-05
15,440bf8b99f621712fda3,5,400,continuous,0.95,superiority_power,first_factor,unadjusted,refined_R_normal,2,4999,10500,1.0024745420087129,1.0024590000000444,9.54737659055917e-05,9.547228571428994e-05
15,440bf8b99f621712fda3,5,400,continuous,0.95,superiority_power,first_factor,unadjusted,original_CRT_data,2,4999,100,2.5780437079956755,2.5780409999999847,0.025780437079956756,0.025780409999999847
15,440bf8b99f621712fda3,5,400,continuous,0.95,superiority_power,first_factor,unadjusted,refined_CRT_data,2,4999,100,2.5795948329905514,2.5795689999999922,0.025795948329905515,0.025795689999999923
15,440bf8b99f621712fda3,5,400,continuous,0.95,superiority_power,first_factor,unadjusted,score_preparation,2,4999,35900,1.000488374993438,1.0004790000000412,2.7868756963605514e-05,2.7868495821728165e-05
15,440bf8b99f621712fda3,5,400,continuous,0.95,superiority_power,first_factor,unadjusted,original_S_normal,3,4999,63200,1.000056457996834,1.0000539999998637,1.5823678132861297e-05,1.5823639240504172e-05
15,440bf8b99f621712fda3,5,400,continuous,0.95,superiority_power,first_factor,unadjusted,refined_S_normal,3,4999,17500,1.002102083992213,1.0018239999999423,5.7262976228126455e-05,5.7247085714282415e-05
15,440bf8b99f621712fda3,5,400,continuous,0.95,superiority_power,first_factor,unadjusted,original_R_normal,3,4999,15900,1.0034244589915033,1.0034160000000156,6.310845654034612e-05,6.310792452830286e-05
15,440bf8b99f621712fda3,5,400,continuous,0.95,superiority_power,first_factor,unadjusted,refined_R_normal,3,4999,10500,1.0025153750029858,1.0025160000000142,9.547765476218912e-05,9.547771428571564e-05
15,440bf8b99f621712fda3,5,400,continuous,0.95,superiority_power,first_factor,unadjusted,original_CRT_data,3,4999,100,2.5561448329826817,2.556122999999843,0.025561448329826816,0.025561229999998433
15,440bf8b99f621712fda3,5,400,continuous,0.95,superiority_power,first_factor,unadjusted,refined_CRT_data,3,4999,100,2.5422407090081833,2.5422340000000077,0.025422407090081832,0.025422340000000078
15,440bf8b99f621712fda3,5,400,continuous,0.95,superiority_power,first_factor,unadjusted,score_preparation,3,4999,37000,1.002006208000239,1.0019929999998567,2.7081248864871324e-05,2.708089189188802e-05
15,440bf8b99f621712fda3,5,400,continuous,0.95,superiority_power,first_factor,unadjusted,RT,3,4999,100,2.5639116250094958,2.563142000000198,0.02563911625009496,0.02563142000000198
15,440bf8b99f621712fda3,5,400,continuous,0.95,superiority_power,first_factor,unadjusted,refined_S_normal,4,4999,17800,1.0037555410235655,1.0037439999998696,5.639076073166098e-05,5.639011235954324e-05
15,440bf8b99f621712fda3,5,400,continuous,0.95,superiority_power,first_factor,unadjusted,original_R_normal,4,4999,16000,1.0004329170042183,1.0003360000000612,6.252705731276364e-05,6.252100000000383e-05
15,440bf8b99f621712fda3,5,400,continuous,0.95,superiority_power,first_factor,unadjusted,refined_R_normal,4,4999,10400,1.0011656660062727,0.9987650000000485,9.626592942368007e-05,9.603509615385082e-05
15,440bf8b99f621712fda3,5,400,continuous,0.95,superiority_power,first_factor,unadjusted,original_CRT_data,4,4999,100,2.561136999982409,2.5610920000001443,0.025611369999824093,0.025610920000001442
15,440bf8b99f621712fda3,5,400,continuous,0.95,superiority_power,first_factor,unadjusted,refined_CRT_data,4,4999,100,2.5592596249771304,2.559242999999924,0.025592596249771303,0.02559242999999924
15,440bf8b99f621712fda3,5,400,continuous,0.95,superiority_power,first_factor,unadjusted,score_preparation,4,4999,37200,1.0018209170084447,1.0018219999999474,2.6930669812054964e-05,2.693069892472977e-05
15,440bf8b99f621712fda3,5,400,continuous,0.95,superiority_power,first_factor,unadjusted,RT,4,4999,100,2.539995708997594,2.539711000000125,0.02539995708997594,0.02539711000000125
15,440bf8b99f621712fda3,5,400,continuous,0.95,superiority_power,first_factor,unadjusted,original_S_normal,4,4999,62500,1.000088542001322,0.9966269999999895,1.600141667202115e-05,1.594603199999983e-05
15,440bf8b99f621712fda3,5,400,continuous,0.95,superiority_power,first_factor,unadjusted,original_R_normal,5,4999,16800,1.00301529202261,1.0028849999998783,5.9703291191822026e-05,5.969553571427847e-05
15,440bf8b99f621712fda3,5,400,continuous,0.95,superiority_power,first_factor,unadjusted,refined_R_normal,5,4999,10400,1.001406750001479,1.0014109999999619,9.628911057706529e-05,9.628951923076556e-05
15,440bf8b99f621712fda3,5,400,continuous,0.95,superiority_power,first_factor,unadjusted,original_CRT_data,5,4999,100,2.535559333016863,2.5355500000000575,0.02535559333016863,0.025355500000000575
15,440bf8b99f621712fda3,5,400,continuous,0.95,superiority_power,first_factor,unadjusted,refined_CRT_data,5,4999,100,2.552726916008396,2.5526910000000953,0.02552726916008396,0.025526910000000954
15,440bf8b99f621712fda3,5,400,continuous,0.95,superiority_power,first_factor,unadjusted,score_preparation,5,4999,37300,1.0018166660156567,1.0018179999999575,2.6858355657256212e-05,2.685839142091039e-05
15,440bf8b99f621712fda3,5,400,continuous,0.95,superiority_power,first_factor,unadjusted,RT,5,4999,100,2.568894458003342,2.568895999999995,0.025688944580033422,0.02568895999999995
15,440bf8b99f621712fda3,5,400,continuous,0.95,superiority_power,first_factor,unadjusted,original_S_normal,5,4999,62200,1.0008495840011165,1.0008459999999104,1.609082932477679e-05,1.6090771704178624e-05
15,440bf8b99f621712fda3,5,400,continuous,0.95,superiority_power,first_factor,unadjusted,refined_S_normal,5,4999,17700,1.0007122920069378,1.0007130000001325,5.653741762751061e-05,5.653745762712613e-05
15,440bf8b99f621712fda3,5,400,continuous,0.95,superiority_power,first_factor,adjusted,score_preparation,1,4999,17300,1.0050747920176946,1.0050669999998263,5.809680878714997e-05,5.809635838149285e-05
15,440bf8b99f621712fda3,5,400,continuous,0.95,superiority_power,first_factor,adjusted,RT,1,4999,100,2.569579667004291,2.569565999999895,0.02569579667004291,0.02569565999999895
15,440bf8b99f621712fda3,5,400,continuous,0.95,superiority_power,first_factor,adjusted,original_S_normal,1,4999,62600,1.0006923329783604,1.0006929999999556,1.598550052681087e-05,1.5985511182107918e-05
15,440bf8b99f621712fda3,5,400,continuous,0.95,superiority_power,first_factor,adjusted,refined_S_normal,1,4999,17600,1.0054348749981727,1.0038770000001023,5.7126981533987085e-05,5.703846590909672e-05
15,440bf8b99f621712fda3,5,400,continuous,0.95,superiority_power,first_factor,adjusted,original_R_normal,1,4999,15800,1.0002665409992915,1.0001060000001871,6.330800892400579e-05,6.329784810127767e-05
15,440bf8b99f621712fda3,5,400,continuous,0.95,superiority_power,first_factor,adjusted,refined_R_normal,1,4999,10300,1.007972667022841,1.005006000000094,9.78614239828001e-05,9.757339805826155e-05
15,440bf8b99f621712fda3,5,400,continuous,0.95,superiority_power,first_factor,adjusted,original_CRT_data,1,4999,100,2.5615342920063995,2.5615190000000894,0.025615342920063996,0.025615190000000895
15,440bf8b99f621712fda3,5,400,continuous,0.95,superiority_power,first_factor,adjusted,refined_CRT_data,1,4999,100,2.5601383749744855,2.560132000000067,0.025601383749744855,0.02560132000000067
15,440bf8b99f621712fda3,5,400,continuous,0.95,superiority_power,first_factor,adjusted,RT,2,4999,100,2.5542273340106476,2.554219000000103,0.025542273340106475,0.02554219000000103
15,440bf8b99f621712fda3,5,400,continuous,0.95,superiority_power,first_factor,adjusted,original_S_normal,2,4999,62700,1.00149179098662,1.001493999999866,1.5972755837107175e-05,1.5972791068578406e-05
15,440bf8b99f621712fda3,5,400,continuous,0.95,superiority_power,first_factor,adjusted,refined_S_normal,2,4999,17600,1.0008422500104643,1.0008439999999155,5.686603693241275e-05,5.686613636363156e-05
15,440bf8b99f621712fda3,5,400,continuous,0.95,superiority_power,first_factor,adjusted,original_R_normal,2,4999,15700,1.0009995830187108,1.0009839999997894,6.37579352241217e-05,6.375694267514582e-05
15,440bf8b99f621712fda3,5,400,continuous,0.95,superiority_power,first_factor,adjusted,refined_R_normal,2,4999,10500,1.00853749999078,1.0085380000000441,9.605119047531237e-05,9.60512380952423e-05
15,440bf8b99f621712fda3,5,400,continuous,0.95,superiority_power,first_factor,adjusted,original_CRT_data,2,4999,100,2.519652249990031,2.5196549999998297,0.02519652249990031,0.025196549999998298
15,440bf8b99f621712fda3,5,400,continuous,0.95,superiority_power,first_factor,adjusted,refined_CRT_data,2,4999,100,2.5253142500005197,2.5253050000001167,0.025253142500005196,0.02525305000000117
15,440bf8b99f621712fda3,5,400,continuous,0.95,superiority_power,first_factor,adjusted,score_preparation,2,4999,17600,1.0004164170240983,1.0004169999999704,5.684184187636922e-05,5.684187499999831e-05
15,440bf8b99f621712fda3,5,400,continuous,0.95,superiority_power,first_factor,adjusted,original_S_normal,3,4999,62100,1.0012667919800151,1.0012679999999818,1.6123458808051774e-05,1.6123478260869274e-05
15,440bf8b99f621712fda3,5,400,continuous,0.95,superiority_power,first_factor,adjusted,refined_S_normal,3,4999,17800,1.0026102920237463,1.0026100000000042,5.6326420900210466e-05,5.632640449438226e-05
15,440bf8b99f621712fda3,5,400,continuous,0.95,superiority_power,first_factor,adjusted,original_R_normal,3,4999,15900,1.0062639169918839,1.0062419999999292,6.3287038804521e-05,6.328566037735404e-05
15,440bf8b99f621712fda3,5,400,continuous,0.95,superiority_power,first_factor,adjusted,refined_R_normal,3,4999,10500,1.0079912499932107,1.007991999999831,9.599916666602007e-05,9.5999238095222e-05
15,440bf8b99f621712fda3,5,400,continuous,0.95,superiority_power,first_factor,adjusted,original_CRT_data,3,4999,100,2.554400875000283,2.5540289999999004,0.02554400875000283,0.025540289999999004
15,440bf8b99f621712fda3,5,400,continuous,0.95,superiority_power,first_factor,adjusted,refined_CRT_data,3,4999,100,2.5448963750095572,2.5447469999999157,0.025448963750095574,0.025447469999999157
15,440bf8b99f621712fda3,5,400,continuous,0.95,superiority_power,first_factor,adjusted,score_preparation,3,4999,17600,1.005993333994411,1.0059940000001006,5.715871215877335e-05,5.715875000000572e-05
15,440bf8b99f621712fda3,5,400,continuous,0.95,superiority_power,first_factor,adjusted,RT,3,4999,100,2.570366624975577,2.5671980000001895,0.02570366624975577,0.025671980000001895
15,440bf8b99f621712fda3,5,400,continuous,0.95,superiority_power,first_factor,adjusted,refined_S_normal,4,4999,17400,1.000392332993215,0.9999900000000252,5.7493812240989365e-05,5.747068965517387e-05
15,440bf8b99f621712fda3,5,400,continuous,0.95,superiority_power,first_factor,adjusted,original_R_normal,4,4999,16900,1.0042469159816392,1.0042010000001937,5.942289443678338e-05,5.9420177514804366e-05
15,440bf8b99f621712fda3,5,400,continuous,0.95,superiority_power,first_factor,adjusted,refined_R_normal,4,4999,10200,1.0066632500092965,1.0066079999999147,9.86924754911075e-05,9.868705882352104e-05
15,440bf8b99f621712fda3,5,400,continuous,0.95,superiority_power,first_factor,adjusted,original_CRT_data,4,4999,100,2.578597667015856,2.5751869999999144,0.025785976670158563,0.025751869999999143
15,440bf8b99f621712fda3,5,400,continuous,0.95,superiority_power,first_factor,adjusted,refined_CRT_data,4,4999,100,2.5866454579809215,2.5864030000000184,0.025866454579809215,0.025864030000000184
15,440bf8b99f621712fda3,5,400,continuous,0.95,superiority_power,first_factor,adjusted,score_preparation,4,4999,17500,1.005029124993598,1.0046520000000783,5.743023571391989e-05,5.740868571429019e-05
15,440bf8b99f621712fda3,5,400,continuous,0.95,superiority_power,first_factor,adjusted,RT,4,4999,100,2.56346149998717,2.56345999999985,0.0256346149998717,0.025634599999998498
15,440bf8b99f621712fda3,5,400,continuous,0.95,superiority_power,first_factor,adjusted,original_S_normal,4,4999,62100,1.0008358750201296,1.0008319999999458,1.6116519726572136e-05,1.6116457326891237e-05
15,440bf8b99f621712fda3,5,400,continuous,0.95,superiority_power,first_factor,adjusted,original_R_normal,5,4999,15900,1.004603750014212,1.004600999999866,6.318262578705735e-05,6.318245283018025e-05
15,440bf8b99f621712fda3,5,400,continuous,0.95,superiority_power,first_factor,adjusted,refined_R_normal,5,4999,10500,1.0030388750019483,1.0030400000000554,9.552751190494746e-05,9.552761904762433e-05
15,440bf8b99f621712fda3,5,400,continuous,0.95,superiority_power,first_factor,adjusted,original_CRT_data,5,4999,100,2.5704438340035267,2.5704329999998663,0.025704438340035267,0.02570432999999866
15,440bf8b99f621712fda3,5,400,continuous,0.95,superiority_power,first_factor,adjusted,refined_CRT_data,5,4999,100,2.5773372919938993,2.5773269999999684,0.025773372919938992,0.025773269999999685
15,440bf8b99f621712fda3,5,400,continuous,0.95,superiority_power,first_factor,adjusted,score_preparation,5,4999,17300,1.003272082976764,1.0032730000000356,5.799260595241411e-05,5.799265895953963e-05
15,440bf8b99f621712fda3,5,400,continuous,0.95,superiority_power,first_factor,adjusted,RT,5,4999,100,2.5654700419981964,2.5654590000001463,0.025654700419981965,0.025654590000001462
15,440bf8b99f621712fda3,5,400,continuous,0.95,superiority_power,first_factor,adjusted,original_S_normal,5,4999,62800,1.0007356250134762,1.0007359999999608,1.5935280653080832e-05,1.59352866242032e-05
15,440bf8b99f621712fda3,5,400,continuous,0.95,superiority_power,first_factor,adjusted,refined_S_normal,5,4999,17700,1.005129583994858,1.00510700000018,5.6786982146602146e-05,5.678570621469944e-05
